Workbook

Sheet Übersicht
A1: Übersicht Cashflow – SmartInfra / DuSL
A2: SmartInfra / DuSL · Juli 2026 – Dezember 2030
A3: Alle Werte werden automatisch aus dem Blatt „Cashflow“ übernommen.
A5: Kennzahl | B5: Betrag
A6: H2 2026 (Jul – Dez 2026)
A7: Einnahmen H2 2026 | B7: =Cashflow!BE76
A8: Ausgaben H2 2026 | B8: =Cashflow!BE77
A9: Netto-Cashflow H2 2026 | B9: =Cashflow!BE78
A10: Geschäftsjahr 2027
A11: Einnahmen 2027 | B11: =Cashflow!BF76
A12: Ausgaben 2027 | B12: =Cashflow!BF77
A13: Netto-Cashflow 2027 | B13: =Cashflow!BF78
A14: Geschäftsjahr 2028
A15: Einnahmen 2028 | B15: =Cashflow!BG76
A16: Ausgaben 2028 | B16: =Cashflow!BG77
A17: Netto-Cashflow 2028 | B17: =Cashflow!BG78
A18: Geschäftsjahr 2029
A19: Einnahmen 2029 | B19: =Cashflow!BH76
A20: Ausgaben 2029 | B20: =Cashflow!BH77
A21: Netto-Cashflow 2029 | B21: =Cashflow!BH78
A22: Geschäftsjahr 2030
A23: Einnahmen 2030 | B23: =Cashflow!BI76
A24: Ausgaben 2030 | B24: =Cashflow!BI77
A25: Netto-Cashflow 2030 | B25: =Cashflow!BI78
A26: Gesamtzeitraum (54 Monate)
A27: Gesamteinnahmen | B27: =Cashflow!BJ76
A28: Gesamtausgaben | B28: =Cashflow!BJ77
A29: Gesamt-Netto-Cashflow | B29: =Cashflow!BJ78

Sheet Cashflow
A1: Cashflow-Planung
A2: Bereich: SmartInfra / DuSL
A3: Zeitraum: Juli 2026 – Dezember 2027 (18 Monate, monatlich)
A4: Alle Beträge werden automatisch aus dem Reiter „Aufträge“ berechnet – im Cashflow werden nur Position und Kostenstelle (gelb) gepflegt.
C5: 46204 | D5: 46235 | E5: 46266 | F5: 46296 | G5: 46327 | H5: 46357 | I5: 46388 | J5: 46419 | K5: 46447 | L5: 46478 | M5: 46508 | N5: 46539 | O5: 46569 | P5: 46600 | Q5: 46631 | R5: 46661 | S5: 46692 | T5: 46722 | U5: 46753 | V5: 46784 | W5: 46813 | X5: 46844 | Y5: 46874 | Z5: 46905 | AA5: 46935 | AB5: 46966 | AC5: 46997 | AD5: 47027 | AE5: 47058 | AF5: 47088 | AG5: 47119 | AH5: 47150 | AI5: 47178 | AJ5: 47209 | AK5: 47239 | AL5: 47270 | AM5: 47300 | AN5: 47331 | AO5: 47362 | AP5: 47392 | AQ5: 47423 | AR5: 47453 | AS5: 47484 | AT5: 47515 | AU5: 47543 | AV5: 47574 | AW5: 47604 | AX5: 47635 | AY5: 47665 | AZ5: 47696 | BA5: 47727 | BB5: 47757 | BC5: 47788 | BD5: 47818
B6: Kostenstelle | C6: Jul 26 | D6: Aug 26 | E6: Sep 26 | F6: Okt 26 | G6: Nov 26 | H6: Dez 26 | I6: Jan 27 | J6: Feb 27 | K6: Mär 27 | L6: Apr 27 | M6: Mai 27 | N6: Jun 27 | O6: Jul 27 | P6: Aug 27 | Q6: Sep 27 | R6: Okt 27 | S6: Nov 27 | T6: Dez 27 | U6: Jan 28 | V6: Feb 28 | W6: Mär 28 | X6: Apr 28 | Y6: Mai 28 | Z6: Jun 28 | AA6: Jul 28 | AB6: Aug 28 | AC6: Sep 28 | AD6: Okt 28 | AE6: Nov 28 | AF6: Dez 28 | AG6: Jan 29 | AH6: Feb 29 | AI6: Mär 29 | AJ6: Apr 29 | AK6: Mai 29 | AL6: Jun 29 | AM6: Jul 29 | AN6: Aug 29 | AO6: Sep 29 | AP6: Okt 29 | AQ6: Nov 29 | AR6: Dez 29 | AS6: Jan 30 | AT6: Feb 30 | AU6: Mär 30 | AV6: Apr 30 | AW6: Mai 30 | AX6: Jun 30 | AY6: Jul 30 | AZ6: Aug 30 | BA6: Sep 30 | BB6: Okt 30 | BC6: Nov 30 | BD6: Dez 30 | BE6: Summe H2 2026 | BF6: Summe 2027 | BG6: Summe 2028 | BH6: Summe 2029 | BI6: Summe 2030 | BJ6: Gesamt
B7: 1 EINNAHMEN (Quelle: Reiter „Aufträge“) | C7: Jul 26 | D7: Aug 26 | E7: Sep 26 | F7: Okt 26 | G7: Nov 26 | H7: Dez 26 | I7: Jan 27 | J7: Feb 27 | K7: Mrz 27 | L7: Apr 27 | M7: Mai 27 | N7: Jun 27 | O7: Jul 27 | P7: Aug 27 | Q7: Sep 27 | R7: Okt 27 | S7: Nov 27 | T7: Dez 27 | U7: Jan 28 | V7: Feb 28 | W7: Mär 28 | X7: Apr 28 | Y7: Mai 28 | Z7: Jun 28 | AA7: Jul 28 | AB7: Aug 28 | AC7: Sep 28 | AD7: Okt 28 | AE7: Nov 28 | AF7: Dez 28 | AG7: Jan 29 | AH7: Feb 29 | AI7: Mär 29 | AJ7: Apr 29 | AK7: Mai 29 | AL7: Jun 29 | AM7: Jul 29 | AN7: Aug 29 | AO7: Sep 29 | AP7: Okt 29 | AQ7: Nov 29 | AR7: Dez 29 | AS7: Jan 30 | AT7: Feb 30 | AU7: Mär 30 | AV7: Apr 30 | AW7: Mai 30 | AX7: Jun 30 | AY7: Jul 30 | AZ7: Aug 30 | BA7: Sep 30 | BB7: Okt 30 | BC7: Nov 30 | BD7: Dez 30 | BE7: Summe H2 26 | BF7: Summe 27 | BG7: Summe 28 | BH7: Summe 29 | BI7: Summe 30 | BJ7: Gesamt
B8: 87001004 - Airbus | C8: =IF($B8="",0,SUMIFS(tblAuftraege[Kalk. Einnahmen],tblAuftraege[Datum Einnahmen],">="&C$5,tblAuftraege[Datum Einnahmen],"<"&EDATE(C$5,1),tblAuftraege[Kostenstelle],$B8)) | D8: =IF($B8="",0,SUMIFS(tblAuftraege[Kalk. Einnahmen],tblAuftraege[Datum Einnahmen],">="&D$5,tblAuftraege[Datum Einnahmen],"<"&EDATE(D$5,1),tblAuftraege[Kostenstelle],$B8)) | E8: =IF($B8="",0,SUMIFS(tblAuftraege[Kalk. Einnahmen],tblAuftraege[Datum Einnahmen],">="&E$5,tblAuftraege[Datum Einnahmen],"<"&EDATE(E$5,1),tblAuftraege[Kostenstelle],$B8)) | F8: =IF($B8="",0,SUMIFS(tblAuftraege[Kalk. Einnahmen],tblAuftraege[Datum Einnahmen],">="&F$5,tblAuftraege[Datum Einnahmen],"<"&EDATE(F$5,1),tblAuftraege[Kostenstelle],$B8)) | G8: =IF($B8="",0,SUMIFS(tblAuftraege[Kalk. Einnahmen],tblAuftraege[Datum Einnahmen],">="&G$5,tblAuftraege[Datum Einnahmen],"<"&EDATE(G$5,1),tblAuftraege[Kostenstelle],$B8)) | H8: =IF($B8="",0,SUMIFS(tblAuftraege[Kalk. Einnahmen],tblAuftraege[Datum Einnahmen],">="&H$5,tblAuftraege[Datum Einnahmen],"<"&EDATE(H$5,1),tblAuftraege[Kostenstelle],$B8)) | I8: =IF($B8="",0,SUMIFS(tblAuftraege[Kalk. Einnahmen],tblAuftraege[Datum Einnahmen],">="&I$5,tblAuftraege[Datum Einnahmen],"<"&EDATE(I$5,1),tblAuftraege[Kostenstelle],$B8)) | J8: =IF($B8="",0,SUMIFS(tblAuftraege[Kalk. Einnahmen],tblAuftraege[Datum Einnahmen],">="&J$5,tblAuftraege[Datum Einnahmen],"<"&EDATE(J$5,1),tblAuftraege[Kostenstelle],$B8)) | ... BD8: =IF($B8="",0,SUMIFS(tblAuftraege[Kalk. Einnahmen],tblAuftraege[Datum Einnahmen],">="&BD$5,tblAuftraege[Datum Einnahmen],"<"&EDATE(BD$5,1),tblAuftraege[Kostenstelle],$B8)) | BE8: =SUM(C8:H8) | BF8: =SUM(I8:T8) | BG8: =SUM(U8:AF8) | BH8: =SUM(AG8:AR8) | BI8: =SUM(AS8:BD8) | BJ8: =SUM(C8:BD8)
B9: 87001001 - Stadt Rendsburg | C9: =IF($B9="",0,SUMIFS(tblAuftraege[Kalk. Einnahmen],tblAuftraege[Datum Einnahmen],">="&C$5,tblAuftraege[Datum Einnahmen],"<"&EDATE(C$5,1),tblAuftraege[Kostenstelle],$B9)) | D9: =IF($B9="",0,SUMIFS(tblAuftraege[Kalk. Einnahmen],tblAuftraege[Datum Einnahmen],">="&D$5,tblAuftraege[Datum Einnahmen],"<"&EDATE(D$5,1),tblAuftraege[Kostenstelle],$B9)) | E9: =IF($B9="",0,SUMIFS(tblAuftraege[Kalk. Einnahmen],tblAuftraege[Datum Einnahmen],">="&E$5,tblAuftraege[Datum Einnahmen],"<"&EDATE(E$5,1),tblAuftraege[Kostenstelle],$B9)) | F9: =IF($B9="",0,SUMIFS(tblAuftraege[Kalk. Einnahmen],tblAuftraege[Datum Einnahmen],">="&F$5,tblAuftraege[Datum Einnahmen],"<"&EDATE(F$5,1),tblAuftraege[Kostenstelle],$B9)) | G9: =IF($B9="",0,SUMIFS(tblAuftraege[Kalk. Einnahmen],tblAuftraege[Datum Einnahmen],">="&G$5,tblAuftraege[Datum Einnahmen],"<"&EDATE(G$5,1),tblAuftraege[Kostenstelle],$B9)) | H9: =IF($B9="",0,SUMIFS(tblAuftraege[Kalk. Einnahmen],tblAuftraege[Datum Einnahmen],">="&H$5,tblAuftraege[Datum Einnahmen],"<"&EDATE(H$5,1),tblAuftraege[Kostenstelle],$B9)) | I9: =IF($B9="",0,SUMIFS(tblAuftraege[Kalk. Einnahmen],tblAuftraege[Datum Einnahmen],">="&I$5,tblAuftraege[Datum Einnahmen],"<"&EDATE(I$5,1),tblAuftraege[Kostenstelle],$B9)) | J9: =IF($B9="",0,SUMIFS(tblAuftraege[Kalk. Einnahmen],tblAuftraege[Datum Einnahmen],">="&J$5,tblAuftraege[Datum Einnahmen],"<"&EDATE(J$5,1),tblAuftraege[Kostenstelle],$B9)) | ... BD9: =IF($B9="",0,SUMIFS(tblAuftraege[Kalk. Einnahmen],tblAuftraege[Datum Einnahmen],">="&BD$5,tblAuftraege[Datum Einnahmen],"<"&EDATE(BD$5,1),tblAuftraege[Kostenstelle],$B9)) | BE9: =SUM(C9:H9) | BF9: =SUM(I9:T9) | BG9: =SUM(U9:AF9) | BH9: =SUM(AG9:AR9) | BI9: =SUM(AS9:BD9) | BJ9: =SUM(C9:BD9)
B10: 87001009 - Stadtwerke Husum | C10: =IF($B10="",0,SUMIFS(tblAuftraege[Kalk. Einnahmen],tblAuftraege[Datum Einnahmen],">="&C$5,tblAuftraege[Datum Einnahmen],"<"&EDATE(C$5,1),tblAuftraege[Kostenstelle],$B10)) | D10: =IF($B10="",0,SUMIFS(tblAuftraege[Kalk. Einnahmen],tblAuftraege[Datum Einnahmen],">="&D$5,tblAuftraege[Datum Einnahmen],"<"&EDATE(D$5,1),tblAuftraege[Kostenstelle],$B10)) | E10: =IF($B10="",0,SUMIFS(tblAuftraege[Kalk. Einnahmen],tblAuftraege[Datum Einnahmen],">="&E$5,tblAuftraege[Datum Einnahmen],"<"&EDATE(E$5,1),tblAuftraege[Kostenstelle],$B10)) | F10: =IF($B10="",0,SUMIFS(tblAuftraege[Kalk. Einnahmen],tblAuftraege[Datum Einnahmen],">="&F$5,tblAuftraege[Datum Einnahmen],"<"&EDATE(F$5,1),tblAuftraege[Kostenstelle],$B10)) | G10: =IF($B10="",0,SUMIFS(tblAuftraege[Kalk. Einnahmen],tblAuftraege[Datum Einnahmen],">="&G$5,tblAuftraege[Datum Einnahmen],"<"&EDATE(G$5,1),tblAuftraege[Kostenstelle],$B10)) | H10: =IF($B10="",0,SUMIFS(tblAuftraege[Kalk. Einnahmen],tblAuftraege[Datum Einnahmen],">="&H$5,tblAuftraege[Datum Einnahmen],"<"&EDATE(H$5,1),tblAuftraege[Kostenstelle],$B10)) | I10: =IF($B10="",0,SUMIFS(tblAuftraege[Kalk. Einnahmen],tblAuftraege[Datum Einnahmen],">="&I$5,tblAuftraege[Datum Einnahmen],"<"&EDATE(I$5,1),tblAuftraege[Kostenstelle],$B10)) | J10: =IF($B10="",0,SUMIFS(tblAuftraege[Kalk. Einnahmen],tblAuftraege[Datum Einnahmen],">="&J$5,tblAuftraege[Datum Einnahmen],"<"&EDATE(J$5,1),tblAuftraege[Kostenstelle],$B10)) | ... BD10: =IF($B10="",0,SUMIFS(tblAuftraege[Kalk. Einnahmen],tblAuftraege[Datum Einnahmen],">="&BD$5,tblAuftraege[Datum Einnahmen],"<"&EDATE(BD$5,1),tblAuftraege[Kostenstelle],$B10)) | BE10: =SUM(C10:H10) | BF10: =SUM(I10:T10) | BG10: =SUM(U10:AF10) | BH10: =SUM(AG10:AR10) | BI10: =SUM(AS10:BD10) | BJ10: =SUM(C10:BD10)
B11: 87001011 - Stadtwerke NMS | C11: =IF($B11="",0,SUMIFS(tblAuftraege[Kalk. Einnahmen],tblAuftraege[Datum Einnahmen],">="&C$5,tblAuftraege[Datum Einnahmen],"<"&EDATE(C$5,1),tblAuftraege[Kostenstelle],$B11)) | D11: =IF($B11="",0,SUMIFS(tblAuftraege[Kalk. Einnahmen],tblAuftraege[Datum Einnahmen],">="&D$5,tblAuftraege[Datum Einnahmen],"<"&EDATE(D$5,1),tblAuftraege[Kostenstelle],$B11)) | E11: =IF($B11="",0,SUMIFS(tblAuftraege[Kalk. Einnahmen],tblAuftraege[Datum Einnahmen],">="&E$5,tblAuftraege[Datum Einnahmen],"<"&EDATE(E$5,1),tblAuftraege[Kostenstelle],$B11)) | F11: =IF($B11="",0,SUMIFS(tblAuftraege[Kalk. Einnahmen],tblAuftraege[Datum Einnahmen],">="&F$5,tblAuftraege[Datum Einnahmen],"<"&EDATE(F$5,1),tblAuftraege[Kostenstelle],$B11)) | G11: =IF($B11="",0,SUMIFS(tblAuftraege[Kalk. Einnahmen],tblAuftraege[Datum Einnahmen],">="&G$5,tblAuftraege[Datum Einnahmen],"<"&EDATE(G$5,1),tblAuftraege[Kostenstelle],$B11)) | H11: =IF($B11="",0,SUMIFS(tblAuftraege[Kalk. Einnahmen],tblAuftraege[Datum Einnahmen],">="&H$5,tblAuftraege[Datum Einnahmen],"<"&EDATE(H$5,1),tblAuftraege[Kostenstelle],$B11)) | I11: =IF($B11="",0,SUMIFS(tblAuftraege[Kalk. Einnahmen],tblAuftraege[Datum Einnahmen],">="&I$5,tblAuftraege[Datum Einnahmen],"<"&EDATE(I$5,1),tblAuftraege[Kostenstelle],$B11)) | J11: =IF($B11="",0,SUMIFS(tblAuftraege[Kalk. Einnahmen],tblAuftraege[Datum Einnahmen],">="&J$5,tblAuftraege[Datum Einnahmen],"<"&EDATE(J$5,1),tblAuftraege[Kostenstelle],$B11)) | ... BD11: =IF($B11="",0,SUMIFS(tblAuftraege[Kalk. Einnahmen],tblAuftraege[Datum Einnahmen],">="&BD$5,tblAuftraege[Datum Einnahmen],"<"&EDATE(BD$5,1),tblAuftraege[Kostenstelle],$B11)) | BE11: =SUM(C11:H11) | BF11: =SUM(I11:T11) | BG11: =SUM(U11:AF11) | BH11: =SUM(AG11:AR11) | BI11: =SUM(AS11:BD11) | BJ11: =SUM(C11:BD11)
B12: 87002004 - Statdwerke Neustadt | C12: =IF($B12="",0,SUMIFS(tblAuftraege[Kalk. Einnahmen],tblAuftraege[Datum Einnahmen],">="&C$5,tblAuftraege[Datum Einnahmen],"<"&EDATE(C$5,1),tblAuftraege[Kostenstelle],$B12)) | D12: =IF($B12="",0,SUMIFS(tblAuftraege[Kalk. Einnahmen],tblAuftraege[Datum Einnahmen],">="&D$5,tblAuftraege[Datum Einnahmen],"<"&EDATE(D$5,1),tblAuftraege[Kostenstelle],$B12)) | E12: =IF($B12="",0,SUMIFS(tblAuftraege[Kalk. Einnahmen],tblAuftraege[Datum Einnahmen],">="&E$5,tblAuftraege[Datum Einnahmen],"<"&EDATE(E$5,1),tblAuftraege[Kostenstelle],$B12)) | F12: =IF($B12="",0,SUMIFS(tblAuftraege[Kalk. Einnahmen],tblAuftraege[Datum Einnahmen],">="&F$5,tblAuftraege[Datum Einnahmen],"<"&EDATE(F$5,1),tblAuftraege[Kostenstelle],$B12)) | G12: =IF($B12="",0,SUMIFS(tblAuftraege[Kalk. Einnahmen],tblAuftraege[Datum Einnahmen],">="&G$5,tblAuftraege[Datum Einnahmen],"<"&EDATE(G$5,1),tblAuftraege[Kostenstelle],$B12)) | H12: =IF($B12="",0,SUMIFS(tblAuftraege[Kalk. Einnahmen],tblAuftraege[Datum Einnahmen],">="&H$5,tblAuftraege[Datum Einnahmen],"<"&EDATE(H$5,1),tblAuftraege[Kostenstelle],$B12)) | I12: =IF($B12="",0,SUMIFS(tblAuftraege[Kalk. Einnahmen],tblAuftraege[Datum Einnahmen],">="&I$5,tblAuftraege[Datum Einnahmen],"<"&EDATE(I$5,1),tblAuftraege[Kostenstelle],$B12)) | J12: =IF($B12="",0,SUMIFS(tblAuftraege[Kalk. Einnahmen],tblAuftraege[Datum Einnahmen],">="&J$5,tblAuftraege[Datum Einnahmen],"<"&EDATE(J$5,1),tblAuftraege[Kostenstelle],$B12)) | ... BD12: =IF($B12="",0,SUMIFS(tblAuftraege[Kalk. Einnahmen],tblAuftraege[Datum Einnahmen],">="&BD$5,tblAuftraege[Datum Einnahmen],"<"&EDATE(BD$5,1),tblAuftraege[Kostenstelle],$B12)) | BE12: =SUM(C12:H12) | BF12: =SUM(I12:T12) | BG12: =SUM(U12:AF12) | BH12: =SUM(AG12:AR12) | BI12: =SUM(AS12:BD12) | BJ12: =SUM(C12:BD12)
B13: 87002007 - Schulbau Hamburg | C13: =IF($B13="",0,SUMIFS(tblAuftraege[Kalk. Einnahmen],tblAuftraege[Datum Einnahmen],">="&C$5,tblAuftraege[Datum Einnahmen],"<"&EDATE(C$5,1),tblAuftraege[Kostenstelle],$B13)) | D13: =IF($B13="",0,SUMIFS(tblAuftraege[Kalk. Einnahmen],tblAuftraege[Datum Einnahmen],">="&D$5,tblAuftraege[Datum Einnahmen],"<"&EDATE(D$5,1),tblAuftraege[Kostenstelle],$B13)) | E13: =IF($B13="",0,SUMIFS(tblAuftraege[Kalk. Einnahmen],tblAuftraege[Datum Einnahmen],">="&E$5,tblAuftraege[Datum Einnahmen],"<"&EDATE(E$5,1),tblAuftraege[Kostenstelle],$B13)) | F13: =IF($B13="",0,SUMIFS(tblAuftraege[Kalk. Einnahmen],tblAuftraege[Datum Einnahmen],">="&F$5,tblAuftraege[Datum Einnahmen],"<"&EDATE(F$5,1),tblAuftraege[Kostenstelle],$B13)) | G13: =IF($B13="",0,SUMIFS(tblAuftraege[Kalk. Einnahmen],tblAuftraege[Datum Einnahmen],">="&G$5,tblAuftraege[Datum Einnahmen],"<"&EDATE(G$5,1),tblAuftraege[Kostenstelle],$B13)) | H13: =IF($B13="",0,SUMIFS(tblAuftraege[Kalk. Einnahmen],tblAuftraege[Datum Einnahmen],">="&H$5,tblAuftraege[Datum Einnahmen],"<"&EDATE(H$5,1),tblAuftraege[Kostenstelle],$B13)) | I13: =IF($B13="",0,SUMIFS(tblAuftraege[Kalk. Einnahmen],tblAuftraege[Datum Einnahmen],">="&I$5,tblAuftraege[Datum Einnahmen],"<"&EDATE(I$5,1),tblAuftraege[Kostenstelle],$B13)) | J13: =IF($B13="",0,SUMIFS(tblAuftraege[Kalk. Einnahmen],tblAuftraege[Datum Einnahmen],">="&J$5,tblAuftraege[Datum Einnahmen],"<"&EDATE(J$5,1),tblAuftraege[Kostenstelle],$B13)) | ... BD13: =IF($B13="",0,SUMIFS(tblAuftraege[Kalk. Einnahmen],tblAuftraege[Datum Einnahmen],">="&BD$5,tblAuftraege[Datum Einnahmen],"<"&EDATE(BD$5,1),tblAuftraege[Kostenstelle],$B13)) | BE13: =SUM(C13:H13) | BF13: =SUM(I13:T13) | BG13: =SUM(U13:AF13) | BH13: =SUM(AG13:AR13) | BI13: =SUM(AS13:BD13) | BJ13: =SUM(C13:BD13)
B14: 87002011 - Bayernwerk | C14: =IF($B14="",0,SUMIFS(tblAuftraege[Kalk. Einnahmen],tblAuftraege[Datum Einnahmen],">="&C$5,tblAuftraege[Datum Einnahmen],"<"&EDATE(C$5,1),tblAuftraege[Kostenstelle],$B14)) | D14: =IF($B14="",0,SUMIFS(tblAuftraege[Kalk. Einnahmen],tblAuftraege[Datum Einnahmen],">="&D$5,tblAuftraege[Datum Einnahmen],"<"&EDATE(D$5,1),tblAuftraege[Kostenstelle],$B14)) | E14: =IF($B14="",0,SUMIFS(tblAuftraege[Kalk. Einnahmen],tblAuftraege[Datum Einnahmen],">="&E$5,tblAuftraege[Datum Einnahmen],"<"&EDATE(E$5,1),tblAuftraege[Kostenstelle],$B14)) | F14: =IF($B14="",0,SUMIFS(tblAuftraege[Kalk. Einnahmen],tblAuftraege[Datum Einnahmen],">="&F$5,tblAuftraege[Datum Einnahmen],"<"&EDATE(F$5,1),tblAuftraege[Kostenstelle],$B14)) | G14: =IF($B14="",0,SUMIFS(tblAuftraege[Kalk. Einnahmen],tblAuftraege[Datum Einnahmen],">="&G$5,tblAuftraege[Datum Einnahmen],"<"&EDATE(G$5,1),tblAuftraege[Kostenstelle],$B14)) | H14: =IF($B14="",0,SUMIFS(tblAuftraege[Kalk. Einnahmen],tblAuftraege[Datum Einnahmen],">="&H$5,tblAuftraege[Datum Einnahmen],"<"&EDATE(H$5,1),tblAuftraege[Kostenstelle],$B14)) | I14: =IF($B14="",0,SUMIFS(tblAuftraege[Kalk. Einnahmen],tblAuftraege[Datum Einnahmen],">="&I$5,tblAuftraege[Datum Einnahmen],"<"&EDATE(I$5,1),tblAuftraege[Kostenstelle],$B14)) | J14: =IF($B14="",0,SUMIFS(tblAuftraege[Kalk. Einnahmen],tblAuftraege[Datum Einnahmen],">="&J$5,tblAuftraege[Datum Einnahmen],"<"&EDATE(J$5,1),tblAuftraege[Kostenstelle],$B14)) | ... BD14: =IF($B14="",0,SUMIFS(tblAuftraege[Kalk. Einnahmen],tblAuftraege[Datum Einnahmen],">="&BD$5,tblAuftraege[Datum Einnahmen],"<"&EDATE(BD$5,1),tblAuftraege[Kostenstelle],$B14)) | BE14: =SUM(C14:H14) | BF14: =SUM(I14:T14) | BG14: =SUM(U14:AF14) | BH14: =SUM(AG14:AR14) | BI14: =SUM(AS14:BD14) | BJ14: =SUM(C14:BD14)
B15: 87003001 - Stadtwerke Rendsburg | C15: =IF($B15="",0,SUMIFS(tblAuftraege[Kalk. Einnahmen],tblAuftraege[Datum Einnahmen],">="&C$5,tblAuftraege[Datum Einnahmen],"<"&EDATE(C$5,1),tblAuftraege[Kostenstelle],$B15)) | D15: =IF($B15="",0,SUMIFS(tblAuftraege[Kalk. Einnahmen],tblAuftraege[Datum Einnahmen],">="&D$5,tblAuftraege[Datum Einnahmen],"<"&EDATE(D$5,1),tblAuftraege[Kostenstelle],$B15)) | E15: =IF($B15="",0,SUMIFS(tblAuftraege[Kalk. Einnahmen],tblAuftraege[Datum Einnahmen],">="&E$5,tblAuftraege[Datum Einnahmen],"<"&EDATE(E$5,1),tblAuftraege[Kostenstelle],$B15)) | F15: =IF($B15="",0,SUMIFS(tblAuftraege[Kalk. Einnahmen],tblAuftraege[Datum Einnahmen],">="&F$5,tblAuftraege[Datum Einnahmen],"<"&EDATE(F$5,1),tblAuftraege[Kostenstelle],$B15)) | G15: =IF($B15="",0,SUMIFS(tblAuftraege[Kalk. Einnahmen],tblAuftraege[Datum Einnahmen],">="&G$5,tblAuftraege[Datum Einnahmen],"<"&EDATE(G$5,1),tblAuftraege[Kostenstelle],$B15)) | H15: =IF($B15="",0,SUMIFS(tblAuftraege[Kalk. Einnahmen],tblAuftraege[Datum Einnahmen],">="&H$5,tblAuftraege[Datum Einnahmen],"<"&EDATE(H$5,1),tblAuftraege[Kostenstelle],$B15)) | I15: =IF($B15="",0,SUMIFS(tblAuftraege[Kalk. Einnahmen],tblAuftraege[Datum Einnahmen],">="&I$5,tblAuftraege[Datum Einnahmen],"<"&EDATE(I$5,1),tblAuftraege[Kostenstelle],$B15)) | J15: =IF($B15="",0,SUMIFS(tblAuftraege[Kalk. Einnahmen],tblAuftraege[Datum Einnahmen],">="&J$5,tblAuftraege[Datum Einnahmen],"<"&EDATE(J$5,1),tblAuftraege[Kostenstelle],$B15)) | ... BD15: =IF($B15="",0,SUMIFS(tblAuftraege[Kalk. Einnahmen],tblAuftraege[Datum Einnahmen],">="&BD$5,tblAuftraege[Datum Einnahmen],"<"&EDATE(BD$5,1),tblAuftraege[Kostenstelle],$B15)) | BE15: =SUM(C15:H15) | BF15: =SUM(I15:T15) | BG15: =SUM(U15:AF15) | BH15: =SUM(AG15:AR15) | BI15: =SUM(AS15:BD15) | BJ15: =SUM(C15:BD15)
B16: 87004001 - Dataport | C16: =IF($B16="",0,SUMIFS(tblAuftraege[Kalk. Einnahmen],tblAuftraege[Datum Einnahmen],">="&C$5,tblAuftraege[Datum Einnahmen],"<"&EDATE(C$5,1),tblAuftraege[Kostenstelle],$B16)) | D16: =IF($B16="",0,SUMIFS(tblAuftraege[Kalk. Einnahmen],tblAuftraege[Datum Einnahmen],">="&D$5,tblAuftraege[Datum Einnahmen],"<"&EDATE(D$5,1),tblAuftraege[Kostenstelle],$B16)) | E16: =IF($B16="",0,SUMIFS(tblAuftraege[Kalk. Einnahmen],tblAuftraege[Datum Einnahmen],">="&E$5,tblAuftraege[Datum Einnahmen],"<"&EDATE(E$5,1),tblAuftraege[Kostenstelle],$B16)) | F16: =IF($B16="",0,SUMIFS(tblAuftraege[Kalk. Einnahmen],tblAuftraege[Datum Einnahmen],">="&F$5,tblAuftraege[Datum Einnahmen],"<"&EDATE(F$5,1),tblAuftraege[Kostenstelle],$B16)) | G16: =IF($B16="",0,SUMIFS(tblAuftraege[Kalk. Einnahmen],tblAuftraege[Datum Einnahmen],">="&G$5,tblAuftraege[Datum Einnahmen],"<"&EDATE(G$5,1),tblAuftraege[Kostenstelle],$B16)) | H16: =IF($B16="",0,SUMIFS(tblAuftraege[Kalk. Einnahmen],tblAuftraege[Datum Einnahmen],">="&H$5,tblAuftraege[Datum Einnahmen],"<"&EDATE(H$5,1),tblAuftraege[Kostenstelle],$B16)) | I16: =IF($B16="",0,SUMIFS(tblAuftraege[Kalk. Einnahmen],tblAuftraege[Datum Einnahmen],">="&I$5,tblAuftraege[Datum Einnahmen],"<"&EDATE(I$5,1),tblAuftraege[Kostenstelle],$B16)) | J16: =IF($B16="",0,SUMIFS(tblAuftraege[Kalk. Einnahmen],tblAuftraege[Datum Einnahmen],">="&J$5,tblAuftraege[Datum Einnahmen],"<"&EDATE(J$5,1),tblAuftraege[Kostenstelle],$B16)) | ... BD16: =IF($B16="",0,SUMIFS(tblAuftraege[Kalk. Einnahmen],tblAuftraege[Datum Einnahmen],">="&BD$5,tblAuftraege[Datum Einnahmen],"<"&EDATE(BD$5,1),tblAuftraege[Kostenstelle],$B16)) | BE16: =SUM(C16:H16) | BF16: =SUM(I16:T16) | BG16: =SUM(U16:AF16) | BH16: =SUM(AG16:AR16) | BI16: =SUM(AS16:BD16) | BJ16: =SUM(C16:BD16)
B17: 87004006 - Autostrom PKW | C17: =IF($B17="",0,SUMIFS(tblAuftraege[Kalk. Einnahmen],tblAuftraege[Datum Einnahmen],">="&C$5,tblAuftraege[Datum Einnahmen],"<"&EDATE(C$5,1),tblAuftraege[Kostenstelle],$B17)) | D17: =IF($B17="",0,SUMIFS(tblAuftraege[Kalk. Einnahmen],tblAuftraege[Datum Einnahmen],">="&D$5,tblAuftraege[Datum Einnahmen],"<"&EDATE(D$5,1),tblAuftraege[Kostenstelle],$B17)) | E17: =IF($B17="",0,SUMIFS(tblAuftraege[Kalk. Einnahmen],tblAuftraege[Datum Einnahmen],">="&E$5,tblAuftraege[Datum Einnahmen],"<"&EDATE(E$5,1),tblAuftraege[Kostenstelle],$B17)) | F17: =IF($B17="",0,SUMIFS(tblAuftraege[Kalk. Einnahmen],tblAuftraege[Datum Einnahmen],">="&F$5,tblAuftraege[Datum Einnahmen],"<"&EDATE(F$5,1),tblAuftraege[Kostenstelle],$B17)) | G17: =IF($B17="",0,SUMIFS(tblAuftraege[Kalk. Einnahmen],tblAuftraege[Datum Einnahmen],">="&G$5,tblAuftraege[Datum Einnahmen],"<"&EDATE(G$5,1),tblAuftraege[Kostenstelle],$B17)) | H17: =IF($B17="",0,SUMIFS(tblAuftraege[Kalk. Einnahmen],tblAuftraege[Datum Einnahmen],">="&H$5,tblAuftraege[Datum Einnahmen],"<"&EDATE(H$5,1),tblAuftraege[Kostenstelle],$B17)) | I17: =IF($B17="",0,SUMIFS(tblAuftraege[Kalk. Einnahmen],tblAuftraege[Datum Einnahmen],">="&I$5,tblAuftraege[Datum Einnahmen],"<"&EDATE(I$5,1),tblAuftraege[Kostenstelle],$B17)) | J17: =IF($B17="",0,SUMIFS(tblAuftraege[Kalk. Einnahmen],tblAuftraege[Datum Einnahmen],">="&J$5,tblAuftraege[Datum Einnahmen],"<"&EDATE(J$5,1),tblAuftraege[Kostenstelle],$B17)) | ... BD17: =IF($B17="",0,SUMIFS(tblAuftraege[Kalk. Einnahmen],tblAuftraege[Datum Einnahmen],">="&BD$5,tblAuftraege[Datum Einnahmen],"<"&EDATE(BD$5,1),tblAuftraege[Kostenstelle],$B17)) | BE17: =SUM(C17:H17) | BF17: =SUM(I17:T17) | BG17: =SUM(U17:AF17) | BH17: =SUM(AG17:AR17) | BI17: =SUM(AS17:BD17) | BJ17: =SUM(C17:BD17)
B18: 87105002 - eWerk Sachsenwald | C18: =IF($B18="",0,SUMIFS(tblAuftraege[Kalk. Einnahmen],tblAuftraege[Datum Einnahmen],">="&C$5,tblAuftraege[Datum Einnahmen],"<"&EDATE(C$5,1),tblAuftraege[Kostenstelle],$B18)) | D18: =IF($B18="",0,SUMIFS(tblAuftraege[Kalk. Einnahmen],tblAuftraege[Datum Einnahmen],">="&D$5,tblAuftraege[Datum Einnahmen],"<"&EDATE(D$5,1),tblAuftraege[Kostenstelle],$B18)) | E18: =IF($B18="",0,SUMIFS(tblAuftraege[Kalk. Einnahmen],tblAuftraege[Datum Einnahmen],">="&E$5,tblAuftraege[Datum Einnahmen],"<"&EDATE(E$5,1),tblAuftraege[Kostenstelle],$B18)) | F18: =IF($B18="",0,SUMIFS(tblAuftraege[Kalk. Einnahmen],tblAuftraege[Datum Einnahmen],">="&F$5,tblAuftraege[Datum Einnahmen],"<"&EDATE(F$5,1),tblAuftraege[Kostenstelle],$B18)) | G18: =IF($B18="",0,SUMIFS(tblAuftraege[Kalk. Einnahmen],tblAuftraege[Datum Einnahmen],">="&G$5,tblAuftraege[Datum Einnahmen],"<"&EDATE(G$5,1),tblAuftraege[Kostenstelle],$B18)) | H18: =IF($B18="",0,SUMIFS(tblAuftraege[Kalk. Einnahmen],tblAuftraege[Datum Einnahmen],">="&H$5,tblAuftraege[Datum Einnahmen],"<"&EDATE(H$5,1),tblAuftraege[Kostenstelle],$B18)) | I18: =IF($B18="",0,SUMIFS(tblAuftraege[Kalk. Einnahmen],tblAuftraege[Datum Einnahmen],">="&I$5,tblAuftraege[Datum Einnahmen],"<"&EDATE(I$5,1),tblAuftraege[Kostenstelle],$B18)) | J18: =IF($B18="",0,SUMIFS(tblAuftraege[Kalk. Einnahmen],tblAuftraege[Datum Einnahmen],">="&J$5,tblAuftraege[Datum Einnahmen],"<"&EDATE(J$5,1),tblAuftraege[Kostenstelle],$B18)) | ... BD18: =IF($B18="",0,SUMIFS(tblAuftraege[Kalk. Einnahmen],tblAuftraege[Datum Einnahmen],">="&BD$5,tblAuftraege[Datum Einnahmen],"<"&EDATE(BD$5,1),tblAuftraege[Kostenstelle],$B18)) | BE18: =SUM(C18:H18) | BF18: =SUM(I18:T18) | BG18: =SUM(U18:AF18) | BH18: =SUM(AG18:AR18) | BI18: =SUM(AS18:BD18) | BJ18: =SUM(C18:BD18)
B19: 87105003 - HNE Allgemein | C19: =IF($B19="",0,SUMIFS(tblAuftraege[Kalk. Einnahmen],tblAuftraege[Datum Einnahmen],">="&C$5,tblAuftraege[Datum Einnahmen],"<"&EDATE(C$5,1),tblAuftraege[Kostenstelle],$B19)) | D19: =IF($B19="",0,SUMIFS(tblAuftraege[Kalk. Einnahmen],tblAuftraege[Datum Einnahmen],">="&D$5,tblAuftraege[Datum Einnahmen],"<"&EDATE(D$5,1),tblAuftraege[Kostenstelle],$B19)) | E19: =IF($B19="",0,SUMIFS(tblAuftraege[Kalk. Einnahmen],tblAuftraege[Datum Einnahmen],">="&E$5,tblAuftraege[Datum Einnahmen],"<"&EDATE(E$5,1),tblAuftraege[Kostenstelle],$B19)) | F19: =IF($B19="",0,SUMIFS(tblAuftraege[Kalk. Einnahmen],tblAuftraege[Datum Einnahmen],">="&F$5,tblAuftraege[Datum Einnahmen],"<"&EDATE(F$5,1),tblAuftraege[Kostenstelle],$B19)) | G19: =IF($B19="",0,SUMIFS(tblAuftraege[Kalk. Einnahmen],tblAuftraege[Datum Einnahmen],">="&G$5,tblAuftraege[Datum Einnahmen],"<"&EDATE(G$5,1),tblAuftraege[Kostenstelle],$B19)) | H19: =IF($B19="",0,SUMIFS(tblAuftraege[Kalk. Einnahmen],tblAuftraege[Datum Einnahmen],">="&H$5,tblAuftraege[Datum Einnahmen],"<"&EDATE(H$5,1),tblAuftraege[Kostenstelle],$B19)) | I19: =IF($B19="",0,SUMIFS(tblAuftraege[Kalk. Einnahmen],tblAuftraege[Datum Einnahmen],">="&I$5,tblAuftraege[Datum Einnahmen],"<"&EDATE(I$5,1),tblAuftraege[Kostenstelle],$B19)) | J19: =IF($B19="",0,SUMIFS(tblAuftraege[Kalk. Einnahmen],tblAuftraege[Datum Einnahmen],">="&J$5,tblAuftraege[Datum Einnahmen],"<"&EDATE(J$5,1),tblAuftraege[Kostenstelle],$B19)) | ... BD19: =IF($B19="",0,SUMIFS(tblAuftraege[Kalk. Einnahmen],tblAuftraege[Datum Einnahmen],">="&BD$5,tblAuftraege[Datum Einnahmen],"<"&EDATE(BD$5,1),tblAuftraege[Kostenstelle],$B19)) | BE19: =SUM(C19:H19) | BF19: =SUM(I19:T19) | BG19: =SUM(U19:AF19) | BH19: =SUM(AG19:AR19) | BI19: =SUM(AS19:BD19) | BJ19: =SUM(C19:BD19)
... B24: 85109000 - Bereichskostenstelle IoT | C24: =IF($B24="",0,SUMIFS(tblAuftraege[Kalk. Einnahmen],tblAuftraege[Datum Einnahmen],">="&C$5,tblAuftraege[Datum Einnahmen],"<"&EDATE(C$5,1),tblAuftraege[Kostenstelle],$B24)) | D24: =IF($B24="",0,SUMIFS(tblAuftraege[Kalk. Einnahmen],tblAuftraege[Datum Einnahmen],">="&D$5,tblAuftraege[Datum Einnahmen],"<"&EDATE(D$5,1),tblAuftraege[Kostenstelle],$B24)) | E24: =IF($B24="",0,SUMIFS(tblAuftraege[Kalk. Einnahmen],tblAuftraege[Datum Einnahmen],">="&E$5,tblAuftraege[Datum Einnahmen],"<"&EDATE(E$5,1),tblAuftraege[Kostenstelle],$B24)) | F24: =IF($B24="",0,SUMIFS(tblAuftraege[Kalk. Einnahmen],tblAuftraege[Datum Einnahmen],">="&F$5,tblAuftraege[Datum Einnahmen],"<"&EDATE(F$5,1),tblAuftraege[Kostenstelle],$B24)) | G24: =IF($B24="",0,SUMIFS(tblAuftraege[Kalk. Einnahmen],tblAuftraege[Datum Einnahmen],">="&G$5,tblAuftraege[Datum Einnahmen],"<"&EDATE(G$5,1),tblAuftraege[Kostenstelle],$B24)) | H24: =IF($B24="",0,SUMIFS(tblAuftraege[Kalk. Einnahmen],tblAuftraege[Datum Einnahmen],">="&H$5,tblAuftraege[Datum Einnahmen],"<"&EDATE(H$5,1),tblAuftraege[Kostenstelle],$B24)) | I24: =IF($B24="",0,SUMIFS(tblAuftraege[Kalk. Einnahmen],tblAuftraege[Datum Einnahmen],">="&I$5,tblAuftraege[Datum Einnahmen],"<"&EDATE(I$5,1),tblAuftraege[Kostenstelle],$B24)) | J24: =IF($B24="",0,SUMIFS(tblAuftraege[Kalk. Einnahmen],tblAuftraege[Datum Einnahmen],">="&J$5,tblAuftraege[Datum Einnahmen],"<"&EDATE(J$5,1),tblAuftraege[Kostenstelle],$B24)) | ... BD24: =IF($B24="",0,SUMIFS(tblAuftraege[Kalk. Einnahmen],tblAuftraege[Datum Einnahmen],">="&BD$5,tblAuftraege[Datum Einnahmen],"<"&EDATE(BD$5,1),tblAuftraege[Kostenstelle],$B24)) | BE24: =SUM(C24:H24) | BF24: =SUM(I24:T24) | BG24: =SUM(U24:AF24) | BH24: =SUM(AG24:AR24) | BI24: =SUM(AS24:BD24) | BJ24: =SUM(C24:BD24)
C25: =IF($B25="",0,SUMIFS(tblAuftraege[Kalk. Einnahmen],tblAuftraege[Datum Einnahmen],">="&C$5,tblAuftraege[Datum Einnahmen],"<"&EDATE(C$5,1),tblAuftraege[Kostenstelle],$B25)) | D25: =IF($B25="",0,SUMIFS(tblAuftraege[Kalk. Einnahmen],tblAuftraege[Datum Einnahmen],">="&D$5,tblAuftraege[Datum Einnahmen],"<"&EDATE(D$5,1),tblAuftraege[Kostenstelle],$B25)) | E25: =IF($B25="",0,SUMIFS(tblAuftraege[Kalk. Einnahmen],tblAuftraege[Datum Einnahmen],">="&E$5,tblAuftraege[Datum Einnahmen],"<"&EDATE(E$5,1),tblAuftraege[Kostenstelle],$B25)) | F25: =IF($B25="",0,SUMIFS(tblAuftraege[Kalk. Einnahmen],tblAuftraege[Datum Einnahmen],">="&F$5,tblAuftraege[Datum Einnahmen],"<"&EDATE(F$5,1),tblAuftraege[Kostenstelle],$B25)) | G25: =IF($B25="",0,SUMIFS(tblAuftraege[Kalk. Einnahmen],tblAuftraege[Datum Einnahmen],">="&G$5,tblAuftraege[Datum Einnahmen],"<"&EDATE(G$5,1),tblAuftraege[Kostenstelle],$B25)) | H25: =IF($B25="",0,SUMIFS(tblAuftraege[Kalk. Einnahmen],tblAuftraege[Datum Einnahmen],">="&H$5,tblAuftraege[Datum Einnahmen],"<"&EDATE(H$5,1),tblAuftraege[Kostenstelle],$B25)) | I25: =IF($B25="",0,SUMIFS(tblAuftraege[Kalk. Einnahmen],tblAuftraege[Datum Einnahmen],">="&I$5,tblAuftraege[Datum Einnahmen],"<"&EDATE(I$5,1),tblAuftraege[Kostenstelle],$B25)) | J25: =IF($B25="",0,SUMIFS(tblAuftraege[Kalk. Einnahmen],tblAuftraege[Datum Einnahmen],">="&J$5,tblAuftraege[Datum Einnahmen],"<"&EDATE(J$5,1),tblAuftraege[Kostenstelle],$B25)) | ... BD25: =IF($B25="",0,SUMIFS(tblAuftraege[Kalk. Einnahmen],tblAuftraege[Datum Einnahmen],">="&BD$5,tblAuftraege[Datum Einnahmen],"<"&EDATE(BD$5,1),tblAuftraege[Kostenstelle],$B25)) | BE25: =SUM(C25:H25) | BF25: =SUM(I25:T25) | BG25: =SUM(U25:AF25) | BH25: =SUM(AG25:AR25) | BI25: =SUM(AS25:BD25) | BJ25: =SUM(C25:BD25)
C26: =IF($B26="",0,SUMIFS(tblAuftraege[Kalk. Einnahmen],tblAuftraege[Datum Einnahmen],">="&C$5,tblAuftraege[Datum Einnahmen],"<"&EDATE(C$5,1),tblAuftraege[Kostenstelle],$B26)) | D26: =IF($B26="",0,SUMIFS(tblAuftraege[Kalk. Einnahmen],tblAuftraege[Datum Einnahmen],">="&D$5,tblAuftraege[Datum Einnahmen],"<"&EDATE(D$5,1),tblAuftraege[Kostenstelle],$B26)) | E26: =IF($B26="",0,SUMIFS(tblAuftraege[Kalk. Einnahmen],tblAuftraege[Datum Einnahmen],">="&E$5,tblAuftraege[Datum Einnahmen],"<"&EDATE(E$5,1),tblAuftraege[Kostenstelle],$B26)) | F26: =IF($B26="",0,SUMIFS(tblAuftraege[Kalk. Einnahmen],tblAuftraege[Datum Einnahmen],">="&F$5,tblAuftraege[Datum Einnahmen],"<"&EDATE(F$5,1),tblAuftraege[Kostenstelle],$B26)) | G26: =IF($B26="",0,SUMIFS(tblAuftraege[Kalk. Einnahmen],tblAuftraege[Datum Einnahmen],">="&G$5,tblAuftraege[Datum Einnahmen],"<"&EDATE(G$5,1),tblAuftraege[Kostenstelle],$B26)) | H26: =IF($B26="",0,SUMIFS(tblAuftraege[Kalk. Einnahmen],tblAuftraege[Datum Einnahmen],">="&H$5,tblAuftraege[Datum Einnahmen],"<"&EDATE(H$5,1),tblAuftraege[Kostenstelle],$B26)) | I26: =IF($B26="",0,SUMIFS(tblAuftraege[Kalk. Einnahmen],tblAuftraege[Datum Einnahmen],">="&I$5,tblAuftraege[Datum Einnahmen],"<"&EDATE(I$5,1),tblAuftraege[Kostenstelle],$B26)) | J26: =IF($B26="",0,SUMIFS(tblAuftraege[Kalk. Einnahmen],tblAuftraege[Datum Einnahmen],">="&J$5,tblAuftraege[Datum Einnahmen],"<"&EDATE(J$5,1),tblAuftraege[Kostenstelle],$B26)) | ... BD26: =IF($B26="",0,SUMIFS(tblAuftraege[Kalk. Einnahmen],tblAuftraege[Datum Einnahmen],">="&BD$5,tblAuftraege[Datum Einnahmen],"<"&EDATE(BD$5,1),tblAuftraege[Kostenstelle],$B26)) | BE26: =SUM(C26:H26) | BF26: =SUM(I26:T26) | BG26: =SUM(U26:AF26) | BH26: =SUM(AG26:AR26) | BI26: =SUM(AS26:BD26) | BJ26: =SUM(C26:BD26)
C27: =IF($B27="",0,SUMIFS(tblAuftraege[Kalk. Einnahmen],tblAuftraege[Datum Einnahmen],">="&C$5,tblAuftraege[Datum Einnahmen],"<"&EDATE(C$5,1),tblAuftraege[Kostenstelle],$B27)) | D27: =IF($B27="",0,SUMIFS(tblAuftraege[Kalk. Einnahmen],tblAuftraege[Datum Einnahmen],">="&D$5,tblAuftraege[Datum Einnahmen],"<"&EDATE(D$5,1),tblAuftraege[Kostenstelle],$B27)) | E27: =IF($B27="",0,SUMIFS(tblAuftraege[Kalk. Einnahmen],tblAuftraege[Datum Einnahmen],">="&E$5,tblAuftraege[Datum Einnahmen],"<"&EDATE(E$5,1),tblAuftraege[Kostenstelle],$B27)) | F27: =IF($B27="",0,SUMIFS(tblAuftraege[Kalk. Einnahmen],tblAuftraege[Datum Einnahmen],">="&F$5,tblAuftraege[Datum Einnahmen],"<"&EDATE(F$5,1),tblAuftraege[Kostenstelle],$B27)) | G27: =IF($B27="",0,SUMIFS(tblAuftraege[Kalk. Einnahmen],tblAuftraege[Datum Einnahmen],">="&G$5,tblAuftraege[Datum Einnahmen],"<"&EDATE(G$5,1),tblAuftraege[Kostenstelle],$B27)) | H27: =IF($B27="",0,SUMIFS(tblAuftraege[Kalk. Einnahmen],tblAuftraege[Datum Einnahmen],">="&H$5,tblAuftraege[Datum Einnahmen],"<"&EDATE(H$5,1),tblAuftraege[Kostenstelle],$B27)) | I27: =IF($B27="",0,SUMIFS(tblAuftraege[Kalk. Einnahmen],tblAuftraege[Datum Einnahmen],">="&I$5,tblAuftraege[Datum Einnahmen],"<"&EDATE(I$5,1),tblAuftraege[Kostenstelle],$B27)) | J27: =IF($B27="",0,SUMIFS(tblAuftraege[Kalk. Einnahmen],tblAuftraege[Datum Einnahmen],">="&J$5,tblAuftraege[Datum Einnahmen],"<"&EDATE(J$5,1),tblAuftraege[Kostenstelle],$B27)) | ... BD27: =IF($B27="",0,SUMIFS(tblAuftraege[Kalk. Einnahmen],tblAuftraege[Datum Einnahmen],">="&BD$5,tblAuftraege[Datum Einnahmen],"<"&EDATE(BD$5,1),tblAuftraege[Kostenstelle],$B27)) | BE27: =SUM(C27:H27) | BF27: =SUM(I27:T27) | BG27: =SUM(U27:AF27) | BH27: =SUM(AG27:AR27) | BI27: =SUM(AS27:BD27) | BJ27: =SUM(C27:BD27)
C28: =IF($B28="",0,SUMIFS(tblAuftraege[Kalk. Einnahmen],tblAuftraege[Datum Einnahmen],">="&C$5,tblAuftraege[Datum Einnahmen],"<"&EDATE(C$5,1),tblAuftraege[Kostenstelle],$B28)) | D28: =IF($B28="",0,SUMIFS(tblAuftraege[Kalk. Einnahmen],tblAuftraege[Datum Einnahmen],">="&D$5,tblAuftraege[Datum Einnahmen],"<"&EDATE(D$5,1),tblAuftraege[Kostenstelle],$B28)) | E28: =IF($B28="",0,SUMIFS(tblAuftraege[Kalk. Einnahmen],tblAuftraege[Datum Einnahmen],">="&E$5,tblAuftraege[Datum Einnahmen],"<"&EDATE(E$5,1),tblAuftraege[Kostenstelle],$B28)) | F28: =IF($B28="",0,SUMIFS(tblAuftraege[Kalk. Einnahmen],tblAuftraege[Datum Einnahmen],">="&F$5,tblAuftraege[Datum Einnahmen],"<"&EDATE(F$5,1),tblAuftraege[Kostenstelle],$B28)) | G28: =IF($B28="",0,SUMIFS(tblAuftraege[Kalk. Einnahmen],tblAuftraege[Datum Einnahmen],">="&G$5,tblAuftraege[Datum Einnahmen],"<"&EDATE(G$5,1),tblAuftraege[Kostenstelle],$B28)) | H28: =IF($B28="",0,SUMIFS(tblAuftraege[Kalk. Einnahmen],tblAuftraege[Datum Einnahmen],">="&H$5,tblAuftraege[Datum Einnahmen],"<"&EDATE(H$5,1),tblAuftraege[Kostenstelle],$B28)) | I28: =IF($B28="",0,SUMIFS(tblAuftraege[Kalk. Einnahmen],tblAuftraege[Datum Einnahmen],">="&I$5,tblAuftraege[Datum Einnahmen],"<"&EDATE(I$5,1),tblAuftraege[Kostenstelle],$B28)) | J28: =IF($B28="",0,SUMIFS(tblAuftraege[Kalk. Einnahmen],tblAuftraege[Datum Einnahmen],">="&J$5,tblAuftraege[Datum Einnahmen],"<"&EDATE(J$5,1),tblAuftraege[Kostenstelle],$B28)) | ... BD28: =IF($B28="",0,SUMIFS(tblAuftraege[Kalk. Einnahmen],tblAuftraege[Datum Einnahmen],">="&BD$5,tblAuftraege[Datum Einnahmen],"<"&EDATE(BD$5,1),tblAuftraege[Kostenstelle],$B28)) | BE28: =SUM(C28:H28) | BF28: =SUM(I28:T28) | BG28: =SUM(U28:AF28) | BH28: =SUM(AG28:AR28) | BI28: =SUM(AS28:BD28) | BJ28: =SUM(C28:BD28)
C29: =IF($B29="",0,SUMIFS(tblAuftraege[Kalk. Einnahmen],tblAuftraege[Datum Einnahmen],">="&C$5,tblAuftraege[Datum Einnahmen],"<"&EDATE(C$5,1),tblAuftraege[Kostenstelle],$B29)) | D29: =IF($B29="",0,SUMIFS(tblAuftraege[Kalk. Einnahmen],tblAuftraege[Datum Einnahmen],">="&D$5,tblAuftraege[Datum Einnahmen],"<"&EDATE(D$5,1),tblAuftraege[Kostenstelle],$B29)) | E29: =IF($B29="",0,SUMIFS(tblAuftraege[Kalk. Einnahmen],tblAuftraege[Datum Einnahmen],">="&E$5,tblAuftraege[Datum Einnahmen],"<"&EDATE(E$5,1),tblAuftraege[Kostenstelle],$B29)) | F29: =IF($B29="",0,SUMIFS(tblAuftraege[Kalk. Einnahmen],tblAuftraege[Datum Einnahmen],">="&F$5,tblAuftraege[Datum Einnahmen],"<"&EDATE(F$5,1),tblAuftraege[Kostenstelle],$B29)) | G29: =IF($B29="",0,SUMIFS(tblAuftraege[Kalk. Einnahmen],tblAuftraege[Datum Einnahmen],">="&G$5,tblAuftraege[Datum Einnahmen],"<"&EDATE(G$5,1),tblAuftraege[Kostenstelle],$B29)) | H29: =IF($B29="",0,SUMIFS(tblAuftraege[Kalk. Einnahmen],tblAuftraege[Datum Einnahmen],">="&H$5,tblAuftraege[Datum Einnahmen],"<"&EDATE(H$5,1),tblAuftraege[Kostenstelle],$B29)) | I29: =IF($B29="",0,SUMIFS(tblAuftraege[Kalk. Einnahmen],tblAuftraege[Datum Einnahmen],">="&I$5,tblAuftraege[Datum Einnahmen],"<"&EDATE(I$5,1),tblAuftraege[Kostenstelle],$B29)) | J29: =IF($B29="",0,SUMIFS(tblAuftraege[Kalk. Einnahmen],tblAuftraege[Datum Einnahmen],">="&J$5,tblAuftraege[Datum Einnahmen],"<"&EDATE(J$5,1),tblAuftraege[Kostenstelle],$B29)) | ... BD29: =IF($B29="",0,SUMIFS(tblAuftraege[Kalk. Einnahmen],tblAuftraege[Datum Einnahmen],">="&BD$5,tblAuftraege[Datum Einnahmen],"<"&EDATE(BD$5,1),tblAuftraege[Kostenstelle],$B29)) | BE29: =SUM(C29:H29) | BF29: =SUM(I29:T29) | BG29: =SUM(U29:AF29) | BH29: =SUM(AG29:AR29) | BI29: =SUM(AS29:BD29) | BJ29: =SUM(C29:BD29)
C30: =IF($B30="",0,SUMIFS(tblAuftraege[Kalk. Einnahmen],tblAuftraege[Datum Einnahmen],">="&C$5,tblAuftraege[Datum Einnahmen],"<"&EDATE(C$5,1),tblAuftraege[Kostenstelle],$B30)) | D30: =IF($B30="",0,SUMIFS(tblAuftraege[Kalk. Einnahmen],tblAuftraege[Datum Einnahmen],">="&D$5,tblAuftraege[Datum Einnahmen],"<"&EDATE(D$5,1),tblAuftraege[Kostenstelle],$B30)) | E30: =IF($B30="",0,SUMIFS(tblAuftraege[Kalk. Einnahmen],tblAuftraege[Datum Einnahmen],">="&E$5,tblAuftraege[Datum Einnahmen],"<"&EDATE(E$5,1),tblAuftraege[Kostenstelle],$B30)) | F30: =IF($B30="",0,SUMIFS(tblAuftraege[Kalk. Einnahmen],tblAuftraege[Datum Einnahmen],">="&F$5,tblAuftraege[Datum Einnahmen],"<"&EDATE(F$5,1),tblAuftraege[Kostenstelle],$B30)) | G30: =IF($B30="",0,SUMIFS(tblAuftraege[Kalk. Einnahmen],tblAuftraege[Datum Einnahmen],">="&G$5,tblAuftraege[Datum Einnahmen],"<"&EDATE(G$5,1),tblAuftraege[Kostenstelle],$B30)) | H30: =IF($B30="",0,SUMIFS(tblAuftraege[Kalk. Einnahmen],tblAuftraege[Datum Einnahmen],">="&H$5,tblAuftraege[Datum Einnahmen],"<"&EDATE(H$5,1),tblAuftraege[Kostenstelle],$B30)) | I30: =IF($B30="",0,SUMIFS(tblAuftraege[Kalk. Einnahmen],tblAuftraege[Datum Einnahmen],">="&I$5,tblAuftraege[Datum Einnahmen],"<"&EDATE(I$5,1),tblAuftraege[Kostenstelle],$B30)) | J30: =IF($B30="",0,SUMIFS(tblAuftraege[Kalk. Einnahmen],tblAuftraege[Datum Einnahmen],">="&J$5,tblAuftraege[Datum Einnahmen],"<"&EDATE(J$5,1),tblAuftraege[Kostenstelle],$B30)) | ... BD30: =IF($B30="",0,SUMIFS(tblAuftraege[Kalk. Einnahmen],tblAuftraege[Datum Einnahmen],">="&BD$5,tblAuftraege[Datum Einnahmen],"<"&EDATE(BD$5,1),tblAuftraege[Kostenstelle],$B30)) | BE30: =SUM(C30:H30) | BF30: =SUM(I30:T30) | BG30: =SUM(U30:AF30) | BH30: =SUM(AG30:AR30) | BI30: =SUM(AS30:BD30) | BJ30: =SUM(C30:BD30)
C31: =IF($B31="",0,SUMIFS(tblAuftraege[Kalk. Einnahmen],tblAuftraege[Datum Einnahmen],">="&C$5,tblAuftraege[Datum Einnahmen],"<"&EDATE(C$5,1),tblAuftraege[Kostenstelle],$B31)) | D31: =IF($B31="",0,SUMIFS(tblAuftraege[Kalk. Einnahmen],tblAuftraege[Datum Einnahmen],">="&D$5,tblAuftraege[Datum Einnahmen],"<"&EDATE(D$5,1),tblAuftraege[Kostenstelle],$B31)) | E31: =IF($B31="",0,SUMIFS(tblAuftraege[Kalk. Einnahmen],tblAuftraege[Datum Einnahmen],">="&E$5,tblAuftraege[Datum Einnahmen],"<"&EDATE(E$5,1),tblAuftraege[Kostenstelle],$B31)) | F31: =IF($B31="",0,SUMIFS(tblAuftraege[Kalk. Einnahmen],tblAuftraege[Datum Einnahmen],">="&F$5,tblAuftraege[Datum Einnahmen],"<"&EDATE(F$5,1),tblAuftraege[Kostenstelle],$B31)) | G31: =IF($B31="",0,SUMIFS(tblAuftraege[Kalk. Einnahmen],tblAuftraege[Datum Einnahmen],">="&G$5,tblAuftraege[Datum Einnahmen],"<"&EDATE(G$5,1),tblAuftraege[Kostenstelle],$B31)) | H31: =IF($B31="",0,SUMIFS(tblAuftraege[Kalk. Einnahmen],tblAuftraege[Datum Einnahmen],">="&H$5,tblAuftraege[Datum Einnahmen],"<"&EDATE(H$5,1),tblAuftraege[Kostenstelle],$B31)) | I31: =IF($B31="",0,SUMIFS(tblAuftraege[Kalk. Einnahmen],tblAuftraege[Datum Einnahmen],">="&I$5,tblAuftraege[Datum Einnahmen],"<"&EDATE(I$5,1),tblAuftraege[Kostenstelle],$B31)) | J31: =IF($B31="",0,SUMIFS(tblAuftraege[Kalk. Einnahmen],tblAuftraege[Datum Einnahmen],">="&J$5,tblAuftraege[Datum Einnahmen],"<"&EDATE(J$5,1),tblAuftraege[Kostenstelle],$B31)) | ... BD31: =IF($B31="",0,SUMIFS(tblAuftraege[Kalk. Einnahmen],tblAuftraege[Datum Einnahmen],">="&BD$5,tblAuftraege[Datum Einnahmen],"<"&EDATE(BD$5,1),tblAuftraege[Kostenstelle],$B31)) | BE31: =SUM(C31:H31) | BF31: =SUM(I31:T31) | BG31: =SUM(U31:AF31) | BH31: =SUM(AG31:AR31) | BI31: =SUM(AS31:BD31) | BJ31: =SUM(C31:BD31)
C32: =IF($B32="",0,SUMIFS(tblAuftraege[Kalk. Einnahmen],tblAuftraege[Datum Einnahmen],">="&C$5,tblAuftraege[Datum Einnahmen],"<"&EDATE(C$5,1),tblAuftraege[Kostenstelle],$B32)) | D32: =IF($B32="",0,SUMIFS(tblAuftraege[Kalk. Einnahmen],tblAuftraege[Datum Einnahmen],">="&D$5,tblAuftraege[Datum Einnahmen],"<"&EDATE(D$5,1),tblAuftraege[Kostenstelle],$B32)) | E32: =IF($B32="",0,SUMIFS(tblAuftraege[Kalk. Einnahmen],tblAuftraege[Datum Einnahmen],">="&E$5,tblAuftraege[Datum Einnahmen],"<"&EDATE(E$5,1),tblAuftraege[Kostenstelle],$B32)) | F32: =IF($B32="",0,SUMIFS(tblAuftraege[Kalk. Einnahmen],tblAuftraege[Datum Einnahmen],">="&F$5,tblAuftraege[Datum Einnahmen],"<"&EDATE(F$5,1),tblAuftraege[Kostenstelle],$B32)) | G32: =IF($B32="",0,SUMIFS(tblAuftraege[Kalk. Einnahmen],tblAuftraege[Datum Einnahmen],">="&G$5,tblAuftraege[Datum Einnahmen],"<"&EDATE(G$5,1),tblAuftraege[Kostenstelle],$B32)) | H32: =IF($B32="",0,SUMIFS(tblAuftraege[Kalk. Einnahmen],tblAuftraege[Datum Einnahmen],">="&H$5,tblAuftraege[Datum Einnahmen],"<"&EDATE(H$5,1),tblAuftraege[Kostenstelle],$B32)) | I32: =IF($B32="",0,SUMIFS(tblAuftraege[Kalk. Einnahmen],tblAuftraege[Datum Einnahmen],">="&I$5,tblAuftraege[Datum Einnahmen],"<"&EDATE(I$5,1),tblAuftraege[Kostenstelle],$B32)) | J32: =IF($B32="",0,SUMIFS(tblAuftraege[Kalk. Einnahmen],tblAuftraege[Datum Einnahmen],">="&J$5,tblAuftraege[Datum Einnahmen],"<"&EDATE(J$5,1),tblAuftraege[Kostenstelle],$B32)) | ... BD32: =IF($B32="",0,SUMIFS(tblAuftraege[Kalk. Einnahmen],tblAuftraege[Datum Einnahmen],">="&BD$5,tblAuftraege[Datum Einnahmen],"<"&EDATE(BD$5,1),tblAuftraege[Kostenstelle],$B32)) | BE32: =SUM(C32:H32) | BF32: =SUM(I32:T32) | BG32: =SUM(U32:AF32) | BH32: =SUM(AG32:AR32) | BI32: =SUM(AS32:BD32) | BJ32: =SUM(C32:BD32)
C33: =IF($B33="",0,SUMIFS(tblAuftraege[Kalk. Einnahmen],tblAuftraege[Datum Einnahmen],">="&C$5,tblAuftraege[Datum Einnahmen],"<"&EDATE(C$5,1),tblAuftraege[Kostenstelle],$B33)) | D33: =IF($B33="",0,SUMIFS(tblAuftraege[Kalk. Einnahmen],tblAuftraege[Datum Einnahmen],">="&D$5,tblAuftraege[Datum Einnahmen],"<"&EDATE(D$5,1),tblAuftraege[Kostenstelle],$B33)) | E33: =IF($B33="",0,SUMIFS(tblAuftraege[Kalk. Einnahmen],tblAuftraege[Datum Einnahmen],">="&E$5,tblAuftraege[Datum Einnahmen],"<"&EDATE(E$5,1),tblAuftraege[Kostenstelle],$B33)) | F33: =IF($B33="",0,SUMIFS(tblAuftraege[Kalk. Einnahmen],tblAuftraege[Datum Einnahmen],">="&F$5,tblAuftraege[Datum Einnahmen],"<"&EDATE(F$5,1),tblAuftraege[Kostenstelle],$B33)) | G33: =IF($B33="",0,SUMIFS(tblAuftraege[Kalk. Einnahmen],tblAuftraege[Datum Einnahmen],">="&G$5,tblAuftraege[Datum Einnahmen],"<"&EDATE(G$5,1),tblAuftraege[Kostenstelle],$B33)) | H33: =IF($B33="",0,SUMIFS(tblAuftraege[Kalk. Einnahmen],tblAuftraege[Datum Einnahmen],">="&H$5,tblAuftraege[Datum Einnahmen],"<"&EDATE(H$5,1),tblAuftraege[Kostenstelle],$B33)) | I33: =IF($B33="",0,SUMIFS(tblAuftraege[Kalk. Einnahmen],tblAuftraege[Datum Einnahmen],">="&I$5,tblAuftraege[Datum Einnahmen],"<"&EDATE(I$5,1),tblAuftraege[Kostenstelle],$B33)) | J33: =IF($B33="",0,SUMIFS(tblAuftraege[Kalk. Einnahmen],tblAuftraege[Datum Einnahmen],">="&J$5,tblAuftraege[Datum Einnahmen],"<"&EDATE(J$5,1),tblAuftraege[Kostenstelle],$B33)) | ... BD33: =IF($B33="",0,SUMIFS(tblAuftraege[Kalk. Einnahmen],tblAuftraege[Datum Einnahmen],">="&BD$5,tblAuftraege[Datum Einnahmen],"<"&EDATE(BD$5,1),tblAuftraege[Kostenstelle],$B33)) | BE33: =SUM(C33:H33) | BF33: =SUM(I33:T33) | BG33: =SUM(U33:AF33) | BH33: =SUM(AG33:AR33) | BI33: =SUM(AS33:BD33) | BJ33: =SUM(C33:BD33)
C34: =IF($B34="",0,SUMIFS(tblAuftraege[Kalk. Einnahmen],tblAuftraege[Datum Einnahmen],">="&C$5,tblAuftraege[Datum Einnahmen],"<"&EDATE(C$5,1),tblAuftraege[Kostenstelle],$B34)) | D34: =IF($B34="",0,SUMIFS(tblAuftraege[Kalk. Einnahmen],tblAuftraege[Datum Einnahmen],">="&D$5,tblAuftraege[Datum Einnahmen],"<"&EDATE(D$5,1),tblAuftraege[Kostenstelle],$B34)) | E34: =IF($B34="",0,SUMIFS(tblAuftraege[Kalk. Einnahmen],tblAuftraege[Datum Einnahmen],">="&E$5,tblAuftraege[Datum Einnahmen],"<"&EDATE(E$5,1),tblAuftraege[Kostenstelle],$B34)) | F34: =IF($B34="",0,SUMIFS(tblAuftraege[Kalk. Einnahmen],tblAuftraege[Datum Einnahmen],">="&F$5,tblAuftraege[Datum Einnahmen],"<"&EDATE(F$5,1),tblAuftraege[Kostenstelle],$B34)) | G34: =IF($B34="",0,SUMIFS(tblAuftraege[Kalk. Einnahmen],tblAuftraege[Datum Einnahmen],">="&G$5,tblAuftraege[Datum Einnahmen],"<"&EDATE(G$5,1),tblAuftraege[Kostenstelle],$B34)) | H34: =IF($B34="",0,SUMIFS(tblAuftraege[Kalk. Einnahmen],tblAuftraege[Datum Einnahmen],">="&H$5,tblAuftraege[Datum Einnahmen],"<"&EDATE(H$5,1),tblAuftraege[Kostenstelle],$B34)) | I34: =IF($B34="",0,SUMIFS(tblAuftraege[Kalk. Einnahmen],tblAuftraege[Datum Einnahmen],">="&I$5,tblAuftraege[Datum Einnahmen],"<"&EDATE(I$5,1),tblAuftraege[Kostenstelle],$B34)) | J34: =IF($B34="",0,SUMIFS(tblAuftraege[Kalk. Einnahmen],tblAuftraege[Datum Einnahmen],">="&J$5,tblAuftraege[Datum Einnahmen],"<"&EDATE(J$5,1),tblAuftraege[Kostenstelle],$B34)) | ... BD34: =IF($B34="",0,SUMIFS(tblAuftraege[Kalk. Einnahmen],tblAuftraege[Datum Einnahmen],">="&BD$5,tblAuftraege[Datum Einnahmen],"<"&EDATE(BD$5,1),tblAuftraege[Kostenstelle],$B34)) | BE34: =SUM(C34:H34) | BF34: =SUM(I34:T34) | BG34: =SUM(U34:AF34) | BH34: =SUM(AG34:AR34) | BI34: =SUM(AS34:BD34) | BJ34: =SUM(C34:BD34)
C35: =IF($B35="",0,SUMIFS(tblAuftraege[Kalk. Einnahmen],tblAuftraege[Datum Einnahmen],">="&C$5,tblAuftraege[Datum Einnahmen],"<"&EDATE(C$5,1),tblAuftraege[Kostenstelle],$B35)) | D35: =IF($B35="",0,SUMIFS(tblAuftraege[Kalk. Einnahmen],tblAuftraege[Datum Einnahmen],">="&D$5,tblAuftraege[Datum Einnahmen],"<"&EDATE(D$5,1),tblAuftraege[Kostenstelle],$B35)) | E35: =IF($B35="",0,SUMIFS(tblAuftraege[Kalk. Einnahmen],tblAuftraege[Datum Einnahmen],">="&E$5,tblAuftraege[Datum Einnahmen],"<"&EDATE(E$5,1),tblAuftraege[Kostenstelle],$B35)) | F35: =IF($B35="",0,SUMIFS(tblAuftraege[Kalk. Einnahmen],tblAuftraege[Datum Einnahmen],">="&F$5,tblAuftraege[Datum Einnahmen],"<"&EDATE(F$5,1),tblAuftraege[Kostenstelle],$B35)) | G35: =IF($B35="",0,SUMIFS(tblAuftraege[Kalk. Einnahmen],tblAuftraege[Datum Einnahmen],">="&G$5,tblAuftraege[Datum Einnahmen],"<"&EDATE(G$5,1),tblAuftraege[Kostenstelle],$B35)) | H35: =IF($B35="",0,SUMIFS(tblAuftraege[Kalk. Einnahmen],tblAuftraege[Datum Einnahmen],">="&H$5,tblAuftraege[Datum Einnahmen],"<"&EDATE(H$5,1),tblAuftraege[Kostenstelle],$B35)) | I35: =IF($B35="",0,SUMIFS(tblAuftraege[Kalk. Einnahmen],tblAuftraege[Datum Einnahmen],">="&I$5,tblAuftraege[Datum Einnahmen],"<"&EDATE(I$5,1),tblAuftraege[Kostenstelle],$B35)) | J35: =IF($B35="",0,SUMIFS(tblAuftraege[Kalk. Einnahmen],tblAuftraege[Datum Einnahmen],">="&J$5,tblAuftraege[Datum Einnahmen],"<"&EDATE(J$5,1),tblAuftraege[Kostenstelle],$B35)) | ... BD35: =IF($B35="",0,SUMIFS(tblAuftraege[Kalk. Einnahmen],tblAuftraege[Datum Einnahmen],">="&BD$5,tblAuftraege[Datum Einnahmen],"<"&EDATE(BD$5,1),tblAuftraege[Kostenstelle],$B35)) | BE35: =SUM(C35:H35) | BF35: =SUM(I35:T35) | BG35: =SUM(U35:AF35) | BH35: =SUM(AG35:AR35) | BI35: =SUM(AS35:BD35) | BJ35: =SUM(C35:BD35)
C36: =IF($B36="",0,SUMIFS(tblAuftraege[Kalk. Einnahmen],tblAuftraege[Datum Einnahmen],">="&C$5,tblAuftraege[Datum Einnahmen],"<"&EDATE(C$5,1),tblAuftraege[Kostenstelle],$B36)) | D36: =IF($B36="",0,SUMIFS(tblAuftraege[Kalk. Einnahmen],tblAuftraege[Datum Einnahmen],">="&D$5,tblAuftraege[Datum Einnahmen],"<"&EDATE(D$5,1),tblAuftraege[Kostenstelle],$B36)) | E36: =IF($B36="",0,SUMIFS(tblAuftraege[Kalk. Einnahmen],tblAuftraege[Datum Einnahmen],">="&E$5,tblAuftraege[Datum Einnahmen],"<"&EDATE(E$5,1),tblAuftraege[Kostenstelle],$B36)) | F36: =IF($B36="",0,SUMIFS(tblAuftraege[Kalk. Einnahmen],tblAuftraege[Datum Einnahmen],">="&F$5,tblAuftraege[Datum Einnahmen],"<"&EDATE(F$5,1),tblAuftraege[Kostenstelle],$B36)) | G36: =IF($B36="",0,SUMIFS(tblAuftraege[Kalk. Einnahmen],tblAuftraege[Datum Einnahmen],">="&G$5,tblAuftraege[Datum Einnahmen],"<"&EDATE(G$5,1),tblAuftraege[Kostenstelle],$B36)) | H36: =IF($B36="",0,SUMIFS(tblAuftraege[Kalk. Einnahmen],tblAuftraege[Datum Einnahmen],">="&H$5,tblAuftraege[Datum Einnahmen],"<"&EDATE(H$5,1),tblAuftraege[Kostenstelle],$B36)) | I36: =IF($B36="",0,SUMIFS(tblAuftraege[Kalk. Einnahmen],tblAuftraege[Datum Einnahmen],">="&I$5,tblAuftraege[Datum Einnahmen],"<"&EDATE(I$5,1),tblAuftraege[Kostenstelle],$B36)) | J36: =IF($B36="",0,SUMIFS(tblAuftraege[Kalk. Einnahmen],tblAuftraege[Datum Einnahmen],">="&J$5,tblAuftraege[Datum Einnahmen],"<"&EDATE(J$5,1),tblAuftraege[Kostenstelle],$B36)) | ... BD36: =IF($B36="",0,SUMIFS(tblAuftraege[Kalk. Einnahmen],tblAuftraege[Datum Einnahmen],">="&BD$5,tblAuftraege[Datum Einnahmen],"<"&EDATE(BD$5,1),tblAuftraege[Kostenstelle],$B36)) | BE36: =SUM(C36:H36) | BF36: =SUM(I36:T36) | BG36: =SUM(U36:AF36) | BH36: =SUM(AG36:AR36) | BI36: =SUM(AS36:BD36) | BJ36: =SUM(C36:BD36)
C37: =IF($B37="",0,SUMIFS(tblAuftraege[Kalk. Einnahmen],tblAuftraege[Datum Einnahmen],">="&C$5,tblAuftraege[Datum Einnahmen],"<"&EDATE(C$5,1),tblAuftraege[Kostenstelle],$B37)) | D37: =IF($B37="",0,SUMIFS(tblAuftraege[Kalk. Einnahmen],tblAuftraege[Datum Einnahmen],">="&D$5,tblAuftraege[Datum Einnahmen],"<"&EDATE(D$5,1),tblAuftraege[Kostenstelle],$B37)) | E37: =IF($B37="",0,SUMIFS(tblAuftraege[Kalk. Einnahmen],tblAuftraege[Datum Einnahmen],">="&E$5,tblAuftraege[Datum Einnahmen],"<"&EDATE(E$5,1),tblAuftraege[Kostenstelle],$B37)) | F37: =IF($B37="",0,SUMIFS(tblAuftraege[Kalk. Einnahmen],tblAuftraege[Datum Einnahmen],">="&F$5,tblAuftraege[Datum Einnahmen],"<"&EDATE(F$5,1),tblAuftraege[Kostenstelle],$B37)) | G37: =IF($B37="",0,SUMIFS(tblAuftraege[Kalk. Einnahmen],tblAuftraege[Datum Einnahmen],">="&G$5,tblAuftraege[Datum Einnahmen],"<"&EDATE(G$5,1),tblAuftraege[Kostenstelle],$B37)) | H37: =IF($B37="",0,SUMIFS(tblAuftraege[Kalk. Einnahmen],tblAuftraege[Datum Einnahmen],">="&H$5,tblAuftraege[Datum Einnahmen],"<"&EDATE(H$5,1),tblAuftraege[Kostenstelle],$B37)) | I37: =IF($B37="",0,SUMIFS(tblAuftraege[Kalk. Einnahmen],tblAuftraege[Datum Einnahmen],">="&I$5,tblAuftraege[Datum Einnahmen],"<"&EDATE(I$5,1),tblAuftraege[Kostenstelle],$B37)) | J37: =IF($B37="",0,SUMIFS(tblAuftraege[Kalk. Einnahmen],tblAuftraege[Datum Einnahmen],">="&J$5,tblAuftraege[Datum Einnahmen],"<"&EDATE(J$5,1),tblAuftraege[Kostenstelle],$B37)) | ... BD37: =IF($B37="",0,SUMIFS(tblAuftraege[Kalk. Einnahmen],tblAuftraege[Datum Einnahmen],">="&BD$5,tblAuftraege[Datum Einnahmen],"<"&EDATE(BD$5,1),tblAuftraege[Kostenstelle],$B37)) | BE37: =SUM(C37:H37) | BF37: =SUM(I37:T37) | BG37: =SUM(U37:AF37) | BH37: =SUM(AG37:AR37) | BI37: =SUM(AS37:BD37) | BJ37: =SUM(C37:BD37)
B38: Aufträge ohne Kostenstellen-Zuordnung | C38: =C39-SUM(C8:C37) | D38: =D39-SUM(D8:D37) | E38: =E39-SUM(E8:E37) | F38: =F39-SUM(F8:F37) | G38: =G39-SUM(G8:G37) | H38: =H39-SUM(H8:H37) | I38: =I39-SUM(I8:I37) | J38: =J39-SUM(J8:J37) | ... BJ38: =BJ39-SUM(BJ8:BJ37)
B39: Summe Einnahmen | C39: =SUMIFS(tblAuftraege[Kalk. Einnahmen],tblAuftraege[Datum Einnahmen],">="&C$5,tblAuftraege[Datum Einnahmen],"<"&EDATE(C$5,1)) | D39: =SUMIFS(tblAuftraege[Kalk. Einnahmen],tblAuftraege[Datum Einnahmen],">="&D$5,tblAuftraege[Datum Einnahmen],"<"&EDATE(D$5,1)) | E39: =SUMIFS(tblAuftraege[Kalk. Einnahmen],tblAuftraege[Datum Einnahmen],">="&E$5,tblAuftraege[Datum Einnahmen],"<"&EDATE(E$5,1)) | F39: =SUMIFS(tblAuftraege[Kalk. Einnahmen],tblAuftraege[Datum Einnahmen],">="&F$5,tblAuftraege[Datum Einnahmen],"<"&EDATE(F$5,1)) | G39: =SUMIFS(tblAuftraege[Kalk. Einnahmen],tblAuftraege[Datum Einnahmen],">="&G$5,tblAuftraege[Datum Einnahmen],"<"&EDATE(G$5,1)) | H39: =SUMIFS(tblAuftraege[Kalk. Einnahmen],tblAuftraege[Datum Einnahmen],">="&H$5,tblAuftraege[Datum Einnahmen],"<"&EDATE(H$5,1)) | I39: =SUMIFS(tblAuftraege[Kalk. Einnahmen],tblAuftraege[Datum Einnahmen],">="&I$5,tblAuftraege[Datum Einnahmen],"<"&EDATE(I$5,1)) | J39: =SUMIFS(tblAuftraege[Kalk. Einnahmen],tblAuftraege[Datum Einnahmen],">="&J$5,tblAuftraege[Datum Einnahmen],"<"&EDATE(J$5,1)) | ... BD39: =SUMIFS(tblAuftraege[Kalk. Einnahmen],tblAuftraege[Datum Einnahmen],">="&BD$5,tblAuftraege[Datum Einnahmen],"<"&EDATE(BD$5,1)) | BE39: =SUM(C39:H39) | BF39: =SUM(I39:T39) | BG39: =SUM(U39:AF39) | BH39: =SUM(AG39:AR39) | BI39: =SUM(AS39:BD39) | BJ39: =SUM(C39:BD39)
B41: 2 AUSGABEN (Quelle: Reiter „Aufträge“) | C41: Jul 26 | D41: Aug 26 | E41: Sep 26 | F41: Okt 26 | G41: Nov 26 | H41: Dez 26 | I41: Jan 27 | J41: Feb 27 | K41: Mrz 27 | L41: Apr 27 | M41: Mai 27 | N41: Jun 27 | O41: Jul 27 | P41: Aug 27 | Q41: Sep 27 | R41: Okt 27 | S41: Nov 27 | T41: Dez 27 | U41: Jan 28 | V41: Feb 28 | W41: Mär 28 | X41: Apr 28 | Y41: Mai 28 | Z41: Jun 28 | AA41: Jul 28 | AB41: Aug 28 | AC41: Sep 28 | AD41: Okt 28 | AE41: Nov 28 | AF41: Dez 28 | AG41: Jan 29 | AH41: Feb 29 | AI41: Mär 29 | AJ41: Apr 29 | AK41: Mai 29 | AL41: Jun 29 | AM41: Jul 29 | AN41: Aug 29 | AO41: Sep 29 | AP41: Okt 29 | AQ41: Nov 29 | AR41: Dez 29 | AS41: Jan 30 | AT41: Feb 30 | AU41: Mär 30 | AV41: Apr 30 | AW41: Mai 30 | AX41: Jun 30 | AY41: Jul 30 | AZ41: Aug 30 | BA41: Sep 30 | BB41: Okt 30 | BC41: Nov 30 | BD41: Dez 30 | BE41: Summe H2 26 | BF41: Summe 27 | BG41: Summe 28 | BH41: Summe 29 | BI41: Summe 30 | BJ41: Gesamt
B42: =IF(ISBLANK(B8),"",B8) | C42: =IF($B42="",0,SUMIFS(tblAuftraege[Kalk. Ausgaben],tblAuftraege[Datum Ausgaben],">="&C$5,tblAuftraege[Datum Ausgaben],"<"&EDATE(C$5,1),tblAuftraege[Kostenstelle],$B42)) | D42: =IF($B42="",0,SUMIFS(tblAuftraege[Kalk. Ausgaben],tblAuftraege[Datum Ausgaben],">="&D$5,tblAuftraege[Datum Ausgaben],"<"&EDATE(D$5,1),tblAuftraege[Kostenstelle],$B42)) | E42: =IF($B42="",0,SUMIFS(tblAuftraege[Kalk. Ausgaben],tblAuftraege[Datum Ausgaben],">="&E$5,tblAuftraege[Datum Ausgaben],"<"&EDATE(E$5,1),tblAuftraege[Kostenstelle],$B42)) | F42: =IF($B42="",0,SUMIFS(tblAuftraege[Kalk. Ausgaben],tblAuftraege[Datum Ausgaben],">="&F$5,tblAuftraege[Datum Ausgaben],"<"&EDATE(F$5,1),tblAuftraege[Kostenstelle],$B42)) | G42: =IF($B42="",0,SUMIFS(tblAuftraege[Kalk. Ausgaben],tblAuftraege[Datum Ausgaben],">="&G$5,tblAuftraege[Datum Ausgaben],"<"&EDATE(G$5,1),tblAuftraege[Kostenstelle],$B42)) | H42: =IF($B42="",0,SUMIFS(tblAuftraege[Kalk. Ausgaben],tblAuftraege[Datum Ausgaben],">="&H$5,tblAuftraege[Datum Ausgaben],"<"&EDATE(H$5,1),tblAuftraege[Kostenstelle],$B42)) | I42: =IF($B42="",0,SUMIFS(tblAuftraege[Kalk. Ausgaben],tblAuftraege[Datum Ausgaben],">="&I$5,tblAuftraege[Datum Ausgaben],"<"&EDATE(I$5,1),tblAuftraege[Kostenstelle],$B42)) | J42: =IF($B42="",0,SUMIFS(tblAuftraege[Kalk. Ausgaben],tblAuftraege[Datum Ausgaben],">="&J$5,tblAuftraege[Datum Ausgaben],"<"&EDATE(J$5,1),tblAuftraege[Kostenstelle],$B42)) | ... BD42: =IF($B42="",0,SUMIFS(tblAuftraege[Kalk. Ausgaben],tblAuftraege[Datum Ausgaben],">="&BD$5,tblAuftraege[Datum Ausgaben],"<"&EDATE(BD$5,1),tblAuftraege[Kostenstelle],$B42)) | BE42: =SUM(C42:H42) | BF42: =SUM(I42:T42) | BG42: =SUM(U42:AF42) | BH42: =SUM(AG42:AR42) | BI42: =SUM(AS42:BD42) | BJ42: =SUM(C42:BD42)
B43: =IF(ISBLANK(B9),"",B9) | C43: =IF($B43="",0,SUMIFS(tblAuftraege[Kalk. Ausgaben],tblAuftraege[Datum Ausgaben],">="&C$5,tblAuftraege[Datum Ausgaben],"<"&EDATE(C$5,1),tblAuftraege[Kostenstelle],$B43)) | D43: =IF($B43="",0,SUMIFS(tblAuftraege[Kalk. Ausgaben],tblAuftraege[Datum Ausgaben],">="&D$5,tblAuftraege[Datum Ausgaben],"<"&EDATE(D$5,1),tblAuftraege[Kostenstelle],$B43)) | E43: =IF($B43="",0,SUMIFS(tblAuftraege[Kalk. Ausgaben],tblAuftraege[Datum Ausgaben],">="&E$5,tblAuftraege[Datum Ausgaben],"<"&EDATE(E$5,1),tblAuftraege[Kostenstelle],$B43)) | F43: =IF($B43="",0,SUMIFS(tblAuftraege[Kalk. Ausgaben],tblAuftraege[Datum Ausgaben],">="&F$5,tblAuftraege[Datum Ausgaben],"<"&EDATE(F$5,1),tblAuftraege[Kostenstelle],$B43)) | G43: =IF($B43="",0,SUMIFS(tblAuftraege[Kalk. Ausgaben],tblAuftraege[Datum Ausgaben],">="&G$5,tblAuftraege[Datum Ausgaben],"<"&EDATE(G$5,1),tblAuftraege[Kostenstelle],$B43)) | H43: =IF($B43="",0,SUMIFS(tblAuftraege[Kalk. Ausgaben],tblAuftraege[Datum Ausgaben],">="&H$5,tblAuftraege[Datum Ausgaben],"<"&EDATE(H$5,1),tblAuftraege[Kostenstelle],$B43)) | I43: =IF($B43="",0,SUMIFS(tblAuftraege[Kalk. Ausgaben],tblAuftraege[Datum Ausgaben],">="&I$5,tblAuftraege[Datum Ausgaben],"<"&EDATE(I$5,1),tblAuftraege[Kostenstelle],$B43)) | J43: =IF($B43="",0,SUMIFS(tblAuftraege[Kalk. Ausgaben],tblAuftraege[Datum Ausgaben],">="&J$5,tblAuftraege[Datum Ausgaben],"<"&EDATE(J$5,1),tblAuftraege[Kostenstelle],$B43)) | ... BD43: =IF($B43="",0,SUMIFS(tblAuftraege[Kalk. Ausgaben],tblAuftraege[Datum Ausgaben],">="&BD$5,tblAuftraege[Datum Ausgaben],"<"&EDATE(BD$5,1),tblAuftraege[Kostenstelle],$B43)) | BE43: =SUM(C43:H43) | BF43: =SUM(I43:T43) | BG43: =SUM(U43:AF43) | BH43: =SUM(AG43:AR43) | BI43: =SUM(AS43:BD43) | BJ43: =SUM(C43:BD43)
B44: =IF(ISBLANK(B10),"",B10) | C44: =IF($B44="",0,SUMIFS(tblAuftraege[Kalk. Ausgaben],tblAuftraege[Datum Ausgaben],">="&C$5,tblAuftraege[Datum Ausgaben],"<"&EDATE(C$5,1),tblAuftraege[Kostenstelle],$B44)) | D44: =IF($B44="",0,SUMIFS(tblAuftraege[Kalk. Ausgaben],tblAuftraege[Datum Ausgaben],">="&D$5,tblAuftraege[Datum Ausgaben],"<"&EDATE(D$5,1),tblAuftraege[Kostenstelle],$B44)) | E44: =IF($B44="",0,SUMIFS(tblAuftraege[Kalk. Ausgaben],tblAuftraege[Datum Ausgaben],">="&E$5,tblAuftraege[Datum Ausgaben],"<"&EDATE(E$5,1),tblAuftraege[Kostenstelle],$B44)) | F44: =IF($B44="",0,SUMIFS(tblAuftraege[Kalk. Ausgaben],tblAuftraege[Datum Ausgaben],">="&F$5,tblAuftraege[Datum Ausgaben],"<"&EDATE(F$5,1),tblAuftraege[Kostenstelle],$B44)) | G44: =IF($B44="",0,SUMIFS(tblAuftraege[Kalk. Ausgaben],tblAuftraege[Datum Ausgaben],">="&G$5,tblAuftraege[Datum Ausgaben],"<"&EDATE(G$5,1),tblAuftraege[Kostenstelle],$B44)) | H44: =IF($B44="",0,SUMIFS(tblAuftraege[Kalk. Ausgaben],tblAuftraege[Datum Ausgaben],">="&H$5,tblAuftraege[Datum Ausgaben],"<"&EDATE(H$5,1),tblAuftraege[Kostenstelle],$B44)) | I44: =IF($B44="",0,SUMIFS(tblAuftraege[Kalk. Ausgaben],tblAuftraege[Datum Ausgaben],">="&I$5,tblAuftraege[Datum Ausgaben],"<"&EDATE(I$5,1),tblAuftraege[Kostenstelle],$B44)) | J44: =IF($B44="",0,SUMIFS(tblAuftraege[Kalk. Ausgaben],tblAuftraege[Datum Ausgaben],">="&J$5,tblAuftraege[Datum Ausgaben],"<"&EDATE(J$5,1),tblAuftraege[Kostenstelle],$B44)) | ... BD44: =IF($B44="",0,SUMIFS(tblAuftraege[Kalk. Ausgaben],tblAuftraege[Datum Ausgaben],">="&BD$5,tblAuftraege[Datum Ausgaben],"<"&EDATE(BD$5,1),tblAuftraege[Kostenstelle],$B44)) | BE44: =SUM(C44:H44) | BF44: =SUM(I44:T44) | BG44: =SUM(U44:AF44) | BH44: =SUM(AG44:AR44) | BI44: =SUM(AS44:BD44) | BJ44: =SUM(C44:BD44)
B45: =IF(ISBLANK(B11),"",B11) | C45: =IF($B45="",0,SUMIFS(tblAuftraege[Kalk. Ausgaben],tblAuftraege[Datum Ausgaben],">="&C$5,tblAuftraege[Datum Ausgaben],"<"&EDATE(C$5,1),tblAuftraege[Kostenstelle],$B45)) | D45: =IF($B45="",0,SUMIFS(tblAuftraege[Kalk. Ausgaben],tblAuftraege[Datum Ausgaben],">="&D$5,tblAuftraege[Datum Ausgaben],"<"&EDATE(D$5,1),tblAuftraege[Kostenstelle],$B45)) | E45: =IF($B45="",0,SUMIFS(tblAuftraege[Kalk. Ausgaben],tblAuftraege[Datum Ausgaben],">="&E$5,tblAuftraege[Datum Ausgaben],"<"&EDATE(E$5,1),tblAuftraege[Kostenstelle],$B45)) | F45: =IF($B45="",0,SUMIFS(tblAuftraege[Kalk. Ausgaben],tblAuftraege[Datum Ausgaben],">="&F$5,tblAuftraege[Datum Ausgaben],"<"&EDATE(F$5,1),tblAuftraege[Kostenstelle],$B45)) | G45: =IF($B45="",0,SUMIFS(tblAuftraege[Kalk. Ausgaben],tblAuftraege[Datum Ausgaben],">="&G$5,tblAuftraege[Datum Ausgaben],"<"&EDATE(G$5,1),tblAuftraege[Kostenstelle],$B45)) | H45: =IF($B45="",0,SUMIFS(tblAuftraege[Kalk. Ausgaben],tblAuftraege[Datum Ausgaben],">="&H$5,tblAuftraege[Datum Ausgaben],"<"&EDATE(H$5,1),tblAuftraege[Kostenstelle],$B45)) | I45: =IF($B45="",0,SUMIFS(tblAuftraege[Kalk. Ausgaben],tblAuftraege[Datum Ausgaben],">="&I$5,tblAuftraege[Datum Ausgaben],"<"&EDATE(I$5,1),tblAuftraege[Kostenstelle],$B45)) | J45: =IF($B45="",0,SUMIFS(tblAuftraege[Kalk. Ausgaben],tblAuftraege[Datum Ausgaben],">="&J$5,tblAuftraege[Datum Ausgaben],"<"&EDATE(J$5,1),tblAuftraege[Kostenstelle],$B45)) | ... BD45: =IF($B45="",0,SUMIFS(tblAuftraege[Kalk. Ausgaben],tblAuftraege[Datum Ausgaben],">="&BD$5,tblAuftraege[Datum Ausgaben],"<"&EDATE(BD$5,1),tblAuftraege[Kostenstelle],$B45)) | BE45: =SUM(C45:H45) | BF45: =SUM(I45:T45) | BG45: =SUM(U45:AF45) | BH45: =SUM(AG45:AR45) | BI45: =SUM(AS45:BD45) | BJ45: =SUM(C45:BD45)
B46: =IF(ISBLANK(B12),"",B12) | C46: =IF($B46="",0,SUMIFS(tblAuftraege[Kalk. Ausgaben],tblAuftraege[Datum Ausgaben],">="&C$5,tblAuftraege[Datum Ausgaben],"<"&EDATE(C$5,1),tblAuftraege[Kostenstelle],$B46)) | D46: =IF($B46="",0,SUMIFS(tblAuftraege[Kalk. Ausgaben],tblAuftraege[Datum Ausgaben],">="&D$5,tblAuftraege[Datum Ausgaben],"<"&EDATE(D$5,1),tblAuftraege[Kostenstelle],$B46)) | E46: =IF($B46="",0,SUMIFS(tblAuftraege[Kalk. Ausgaben],tblAuftraege[Datum Ausgaben],">="&E$5,tblAuftraege[Datum Ausgaben],"<"&EDATE(E$5,1),tblAuftraege[Kostenstelle],$B46)) | F46: =IF($B46="",0,SUMIFS(tblAuftraege[Kalk. Ausgaben],tblAuftraege[Datum Ausgaben],">="&F$5,tblAuftraege[Datum Ausgaben],"<"&EDATE(F$5,1),tblAuftraege[Kostenstelle],$B46)) | G46: =IF($B46="",0,SUMIFS(tblAuftraege[Kalk. Ausgaben],tblAuftraege[Datum Ausgaben],">="&G$5,tblAuftraege[Datum Ausgaben],"<"&EDATE(G$5,1),tblAuftraege[Kostenstelle],$B46)) | H46: =IF($B46="",0,SUMIFS(tblAuftraege[Kalk. Ausgaben],tblAuftraege[Datum Ausgaben],">="&H$5,tblAuftraege[Datum Ausgaben],"<"&EDATE(H$5,1),tblAuftraege[Kostenstelle],$B46)) | I46: =IF($B46="",0,SUMIFS(tblAuftraege[Kalk. Ausgaben],tblAuftraege[Datum Ausgaben],">="&I$5,tblAuftraege[Datum Ausgaben],"<"&EDATE(I$5,1),tblAuftraege[Kostenstelle],$B46)) | J46: =IF($B46="",0,SUMIFS(tblAuftraege[Kalk. Ausgaben],tblAuftraege[Datum Ausgaben],">="&J$5,tblAuftraege[Datum Ausgaben],"<"&EDATE(J$5,1),tblAuftraege[Kostenstelle],$B46)) | ... BD46: =IF($B46="",0,SUMIFS(tblAuftraege[Kalk. Ausgaben],tblAuftraege[Datum Ausgaben],">="&BD$5,tblAuftraege[Datum Ausgaben],"<"&EDATE(BD$5,1),tblAuftraege[Kostenstelle],$B46)) | BE46: =SUM(C46:H46) | BF46: =SUM(I46:T46) | BG46: =SUM(U46:AF46) | BH46: =SUM(AG46:AR46) | BI46: =SUM(AS46:BD46) | BJ46: =SUM(C46:BD46)
B47: =IF(ISBLANK(B13),"",B13) | C47: =IF($B47="",0,SUMIFS(tblAuftraege[Kalk. Ausgaben],tblAuftraege[Datum Ausgaben],">="&C$5,tblAuftraege[Datum Ausgaben],"<"&EDATE(C$5,1),tblAuftraege[Kostenstelle],$B47)) | D47: =IF($B47="",0,SUMIFS(tblAuftraege[Kalk. Ausgaben],tblAuftraege[Datum Ausgaben],">="&D$5,tblAuftraege[Datum Ausgaben],"<"&EDATE(D$5,1),tblAuftraege[Kostenstelle],$B47)) | E47: =IF($B47="",0,SUMIFS(tblAuftraege[Kalk. Ausgaben],tblAuftraege[Datum Ausgaben],">="&E$5,tblAuftraege[Datum Ausgaben],"<"&EDATE(E$5,1),tblAuftraege[Kostenstelle],$B47)) | F47: =IF($B47="",0,SUMIFS(tblAuftraege[Kalk. Ausgaben],tblAuftraege[Datum Ausgaben],">="&F$5,tblAuftraege[Datum Ausgaben],"<"&EDATE(F$5,1),tblAuftraege[Kostenstelle],$B47)) | G47: =IF($B47="",0,SUMIFS(tblAuftraege[Kalk. Ausgaben],tblAuftraege[Datum Ausgaben],">="&G$5,tblAuftraege[Datum Ausgaben],"<"&EDATE(G$5,1),tblAuftraege[Kostenstelle],$B47)) | H47: =IF($B47="",0,SUMIFS(tblAuftraege[Kalk. Ausgaben],tblAuftraege[Datum Ausgaben],">="&H$5,tblAuftraege[Datum Ausgaben],"<"&EDATE(H$5,1),tblAuftraege[Kostenstelle],$B47)) | I47: =IF($B47="",0,SUMIFS(tblAuftraege[Kalk. Ausgaben],tblAuftraege[Datum Ausgaben],">="&I$5,tblAuftraege[Datum Ausgaben],"<"&EDATE(I$5,1),tblAuftraege[Kostenstelle],$B47)) | J47: =IF($B47="",0,SUMIFS(tblAuftraege[Kalk. Ausgaben],tblAuftraege[Datum Ausgaben],">="&J$5,tblAuftraege[Datum Ausgaben],"<"&EDATE(J$5,1),tblAuftraege[Kostenstelle],$B47)) | ... BD47: =IF($B47="",0,SUMIFS(tblAuftraege[Kalk. Ausgaben],tblAuftraege[Datum Ausgaben],">="&BD$5,tblAuftraege[Datum Ausgaben],"<"&EDATE(BD$5,1),tblAuftraege[Kostenstelle],$B47)) | BE47: =SUM(C47:H47) | BF47: =SUM(I47:T47) | BG47: =SUM(U47:AF47) | BH47: =SUM(AG47:AR47) | BI47: =SUM(AS47:BD47) | BJ47: =SUM(C47:BD47)
B48: =IF(ISBLANK(B14),"",B14) | C48: =IF($B48="",0,SUMIFS(tblAuftraege[Kalk. Ausgaben],tblAuftraege[Datum Ausgaben],">="&C$5,tblAuftraege[Datum Ausgaben],"<"&EDATE(C$5,1),tblAuftraege[Kostenstelle],$B48)) | D48: =IF($B48="",0,SUMIFS(tblAuftraege[Kalk. Ausgaben],tblAuftraege[Datum Ausgaben],">="&D$5,tblAuftraege[Datum Ausgaben],"<"&EDATE(D$5,1),tblAuftraege[Kostenstelle],$B48)) | E48: =IF($B48="",0,SUMIFS(tblAuftraege[Kalk. Ausgaben],tblAuftraege[Datum Ausgaben],">="&E$5,tblAuftraege[Datum Ausgaben],"<"&EDATE(E$5,1),tblAuftraege[Kostenstelle],$B48)) | F48: =IF($B48="",0,SUMIFS(tblAuftraege[Kalk. Ausgaben],tblAuftraege[Datum Ausgaben],">="&F$5,tblAuftraege[Datum Ausgaben],"<"&EDATE(F$5,1),tblAuftraege[Kostenstelle],$B48)) | G48: =IF($B48="",0,SUMIFS(tblAuftraege[Kalk. Ausgaben],tblAuftraege[Datum Ausgaben],">="&G$5,tblAuftraege[Datum Ausgaben],"<"&EDATE(G$5,1),tblAuftraege[Kostenstelle],$B48)) | H48: =IF($B48="",0,SUMIFS(tblAuftraege[Kalk. Ausgaben],tblAuftraege[Datum Ausgaben],">="&H$5,tblAuftraege[Datum Ausgaben],"<"&EDATE(H$5,1),tblAuftraege[Kostenstelle],$B48)) | I48: =IF($B48="",0,SUMIFS(tblAuftraege[Kalk. Ausgaben],tblAuftraege[Datum Ausgaben],">="&I$5,tblAuftraege[Datum Ausgaben],"<"&EDATE(I$5,1),tblAuftraege[Kostenstelle],$B48)) | J48: =IF($B48="",0,SUMIFS(tblAuftraege[Kalk. Ausgaben],tblAuftraege[Datum Ausgaben],">="&J$5,tblAuftraege[Datum Ausgaben],"<"&EDATE(J$5,1),tblAuftraege[Kostenstelle],$B48)) | ... BD48: =IF($B48="",0,SUMIFS(tblAuftraege[Kalk. Ausgaben],tblAuftraege[Datum Ausgaben],">="&BD$5,tblAuftraege[Datum Ausgaben],"<"&EDATE(BD$5,1),tblAuftraege[Kostenstelle],$B48)) | BE48: =SUM(C48:H48) | BF48: =SUM(I48:T48) | BG48: =SUM(U48:AF48) | BH48: =SUM(AG48:AR48) | BI48: =SUM(AS48:BD48) | BJ48: =SUM(C48:BD48)
B49: =IF(ISBLANK(B15),"",B15) | C49: =IF($B49="",0,SUMIFS(tblAuftraege[Kalk. Ausgaben],tblAuftraege[Datum Ausgaben],">="&C$5,tblAuftraege[Datum Ausgaben],"<"&EDATE(C$5,1),tblAuftraege[Kostenstelle],$B49)) | D49: =IF($B49="",0,SUMIFS(tblAuftraege[Kalk. Ausgaben],tblAuftraege[Datum Ausgaben],">="&D$5,tblAuftraege[Datum Ausgaben],"<"&EDATE(D$5,1),tblAuftraege[Kostenstelle],$B49)) | E49: =IF($B49="",0,SUMIFS(tblAuftraege[Kalk. Ausgaben],tblAuftraege[Datum Ausgaben],">="&E$5,tblAuftraege[Datum Ausgaben],"<"&EDATE(E$5,1),tblAuftraege[Kostenstelle],$B49)) | F49: =IF($B49="",0,SUMIFS(tblAuftraege[Kalk. Ausgaben],tblAuftraege[Datum Ausgaben],">="&F$5,tblAuftraege[Datum Ausgaben],"<"&EDATE(F$5,1),tblAuftraege[Kostenstelle],$B49)) | G49: =IF($B49="",0,SUMIFS(tblAuftraege[Kalk. Ausgaben],tblAuftraege[Datum Ausgaben],">="&G$5,tblAuftraege[Datum Ausgaben],"<"&EDATE(G$5,1),tblAuftraege[Kostenstelle],$B49)) | H49: =IF($B49="",0,SUMIFS(tblAuftraege[Kalk. Ausgaben],tblAuftraege[Datum Ausgaben],">="&H$5,tblAuftraege[Datum Ausgaben],"<"&EDATE(H$5,1),tblAuftraege[Kostenstelle],$B49)) | I49: =IF($B49="",0,SUMIFS(tblAuftraege[Kalk. Ausgaben],tblAuftraege[Datum Ausgaben],">="&I$5,tblAuftraege[Datum Ausgaben],"<"&EDATE(I$5,1),tblAuftraege[Kostenstelle],$B49)) | J49: =IF($B49="",0,SUMIFS(tblAuftraege[Kalk. Ausgaben],tblAuftraege[Datum Ausgaben],">="&J$5,tblAuftraege[Datum Ausgaben],"<"&EDATE(J$5,1),tblAuftraege[Kostenstelle],$B49)) | ... BD49: =IF($B49="",0,SUMIFS(tblAuftraege[Kalk. Ausgaben],tblAuftraege[Datum Ausgaben],">="&BD$5,tblAuftraege[Datum Ausgaben],"<"&EDATE(BD$5,1),tblAuftraege[Kostenstelle],$B49)) | BE49: =SUM(C49:H49) | BF49: =SUM(I49:T49) | BG49: =SUM(U49:AF49) | BH49: =SUM(AG49:AR49) | BI49: =SUM(AS49:BD49) | BJ49: =SUM(C49:BD49)
B50: =IF(ISBLANK(B16),"",B16) | C50: =IF($B50="",0,SUMIFS(tblAuftraege[Kalk. Ausgaben],tblAuftraege[Datum Ausgaben],">="&C$5,tblAuftraege[Datum Ausgaben],"<"&EDATE(C$5,1),tblAuftraege[Kostenstelle],$B50)) | D50: =IF($B50="",0,SUMIFS(tblAuftraege[Kalk. Ausgaben],tblAuftraege[Datum Ausgaben],">="&D$5,tblAuftraege[Datum Ausgaben],"<"&EDATE(D$5,1),tblAuftraege[Kostenstelle],$B50)) | E50: =IF($B50="",0,SUMIFS(tblAuftraege[Kalk. Ausgaben],tblAuftraege[Datum Ausgaben],">="&E$5,tblAuftraege[Datum Ausgaben],"<"&EDATE(E$5,1),tblAuftraege[Kostenstelle],$B50)) | F50: =IF($B50="",0,SUMIFS(tblAuftraege[Kalk. Ausgaben],tblAuftraege[Datum Ausgaben],">="&F$5,tblAuftraege[Datum Ausgaben],"<"&EDATE(F$5,1),tblAuftraege[Kostenstelle],$B50)) | G50: =IF($B50="",0,SUMIFS(tblAuftraege[Kalk. Ausgaben],tblAuftraege[Datum Ausgaben],">="&G$5,tblAuftraege[Datum Ausgaben],"<"&EDATE(G$5,1),tblAuftraege[Kostenstelle],$B50)) | H50: =IF($B50="",0,SUMIFS(tblAuftraege[Kalk. Ausgaben],tblAuftraege[Datum Ausgaben],">="&H$5,tblAuftraege[Datum Ausgaben],"<"&EDATE(H$5,1),tblAuftraege[Kostenstelle],$B50)) | I50: =IF($B50="",0,SUMIFS(tblAuftraege[Kalk. Ausgaben],tblAuftraege[Datum Ausgaben],">="&I$5,tblAuftraege[Datum Ausgaben],"<"&EDATE(I$5,1),tblAuftraege[Kostenstelle],$B50)) | J50: =IF($B50="",0,SUMIFS(tblAuftraege[Kalk. Ausgaben],tblAuftraege[Datum Ausgaben],">="&J$5,tblAuftraege[Datum Ausgaben],"<"&EDATE(J$5,1),tblAuftraege[Kostenstelle],$B50)) | ... BD50: =IF($B50="",0,SUMIFS(tblAuftraege[Kalk. Ausgaben],tblAuftraege[Datum Ausgaben],">="&BD$5,tblAuftraege[Datum Ausgaben],"<"&EDATE(BD$5,1),tblAuftraege[Kostenstelle],$B50)) | BE50: =SUM(C50:H50) | BF50: =SUM(I50:T50) | BG50: =SUM(U50:AF50) | BH50: =SUM(AG50:AR50) | BI50: =SUM(AS50:BD50) | BJ50: =SUM(C50:BD50)
B51: =IF(ISBLANK(B17),"",B17) | C51: =IF($B51="",0,SUMIFS(tblAuftraege[Kalk. Ausgaben],tblAuftraege[Datum Ausgaben],">="&C$5,tblAuftraege[Datum Ausgaben],"<"&EDATE(C$5,1),tblAuftraege[Kostenstelle],$B51)) | D51: =IF($B51="",0,SUMIFS(tblAuftraege[Kalk. Ausgaben],tblAuftraege[Datum Ausgaben],">="&D$5,tblAuftraege[Datum Ausgaben],"<"&EDATE(D$5,1),tblAuftraege[Kostenstelle],$B51)) | E51: =IF($B51="",0,SUMIFS(tblAuftraege[Kalk. Ausgaben],tblAuftraege[Datum Ausgaben],">="&E$5,tblAuftraege[Datum Ausgaben],"<"&EDATE(E$5,1),tblAuftraege[Kostenstelle],$B51)) | F51: =IF($B51="",0,SUMIFS(tblAuftraege[Kalk. Ausgaben],tblAuftraege[Datum Ausgaben],">="&F$5,tblAuftraege[Datum Ausgaben],"<"&EDATE(F$5,1),tblAuftraege[Kostenstelle],$B51)) | G51: =IF($B51="",0,SUMIFS(tblAuftraege[Kalk. Ausgaben],tblAuftraege[Datum Ausgaben],">="&G$5,tblAuftraege[Datum Ausgaben],"<"&EDATE(G$5,1),tblAuftraege[Kostenstelle],$B51)) | H51: =IF($B51="",0,SUMIFS(tblAuftraege[Kalk. Ausgaben],tblAuftraege[Datum Ausgaben],">="&H$5,tblAuftraege[Datum Ausgaben],"<"&EDATE(H$5,1),tblAuftraege[Kostenstelle],$B51)) | I51: =IF($B51="",0,SUMIFS(tblAuftraege[Kalk. Ausgaben],tblAuftraege[Datum Ausgaben],">="&I$5,tblAuftraege[Datum Ausgaben],"<"&EDATE(I$5,1),tblAuftraege[Kostenstelle],$B51)) | J51: =IF($B51="",0,SUMIFS(tblAuftraege[Kalk. Ausgaben],tblAuftraege[Datum Ausgaben],">="&J$5,tblAuftraege[Datum Ausgaben],"<"&EDATE(J$5,1),tblAuftraege[Kostenstelle],$B51)) | ... BD51: =IF($B51="",0,SUMIFS(tblAuftraege[Kalk. Ausgaben],tblAuftraege[Datum Ausgaben],">="&BD$5,tblAuftraege[Datum Ausgaben],"<"&EDATE(BD$5,1),tblAuftraege[Kostenstelle],$B51)) | BE51: =SUM(C51:H51) | BF51: =SUM(I51:T51) | BG51: =SUM(U51:AF51) | BH51: =SUM(AG51:AR51) | BI51: =SUM(AS51:BD51) | BJ51: =SUM(C51:BD51)
B52: =IF(ISBLANK(B18),"",B18) | C52: =IF($B52="",0,SUMIFS(tblAuftraege[Kalk. Ausgaben],tblAuftraege[Datum Ausgaben],">="&C$5,tblAuftraege[Datum Ausgaben],"<"&EDATE(C$5,1),tblAuftraege[Kostenstelle],$B52)) | D52: =IF($B52="",0,SUMIFS(tblAuftraege[Kalk. Ausgaben],tblAuftraege[Datum Ausgaben],">="&D$5,tblAuftraege[Datum Ausgaben],"<"&EDATE(D$5,1),tblAuftraege[Kostenstelle],$B52)) | E52: =IF($B52="",0,SUMIFS(tblAuftraege[Kalk. Ausgaben],tblAuftraege[Datum Ausgaben],">="&E$5,tblAuftraege[Datum Ausgaben],"<"&EDATE(E$5,1),tblAuftraege[Kostenstelle],$B52)) | F52: =IF($B52="",0,SUMIFS(tblAuftraege[Kalk. Ausgaben],tblAuftraege[Datum Ausgaben],">="&F$5,tblAuftraege[Datum Ausgaben],"<"&EDATE(F$5,1),tblAuftraege[Kostenstelle],$B52)) | G52: =IF($B52="",0,SUMIFS(tblAuftraege[Kalk. Ausgaben],tblAuftraege[Datum Ausgaben],">="&G$5,tblAuftraege[Datum Ausgaben],"<"&EDATE(G$5,1),tblAuftraege[Kostenstelle],$B52)) | H52: =IF($B52="",0,SUMIFS(tblAuftraege[Kalk. Ausgaben],tblAuftraege[Datum Ausgaben],">="&H$5,tblAuftraege[Datum Ausgaben],"<"&EDATE(H$5,1),tblAuftraege[Kostenstelle],$B52)) | I52: =IF($B52="",0,SUMIFS(tblAuftraege[Kalk. Ausgaben],tblAuftraege[Datum Ausgaben],">="&I$5,tblAuftraege[Datum Ausgaben],"<"&EDATE(I$5,1),tblAuftraege[Kostenstelle],$B52)) | J52: =IF($B52="",0,SUMIFS(tblAuftraege[Kalk. Ausgaben],tblAuftraege[Datum Ausgaben],">="&J$5,tblAuftraege[Datum Ausgaben],"<"&EDATE(J$5,1),tblAuftraege[Kostenstelle],$B52)) | ... BD52: =IF($B52="",0,SUMIFS(tblAuftraege[Kalk. Ausgaben],tblAuftraege[Datum Ausgaben],">="&BD$5,tblAuftraege[Datum Ausgaben],"<"&EDATE(BD$5,1),tblAuftraege[Kostenstelle],$B52)) | BE52: =SUM(C52:H52) | BF52: =SUM(I52:T52) | BG52: =SUM(U52:AF52) | BH52: =SUM(AG52:AR52) | BI52: =SUM(AS52:BD52) | BJ52: =SUM(C52:BD52)
B53: =IF(ISBLANK(B19),"",B19) | C53: =IF($B53="",0,SUMIFS(tblAuftraege[Kalk. Ausgaben],tblAuftraege[Datum Ausgaben],">="&C$5,tblAuftraege[Datum Ausgaben],"<"&EDATE(C$5,1),tblAuftraege[Kostenstelle],$B53)) | D53: =IF($B53="",0,SUMIFS(tblAuftraege[Kalk. Ausgaben],tblAuftraege[Datum Ausgaben],">="&D$5,tblAuftraege[Datum Ausgaben],"<"&EDATE(D$5,1),tblAuftraege[Kostenstelle],$B53)) | E53: =IF($B53="",0,SUMIFS(tblAuftraege[Kalk. Ausgaben],tblAuftraege[Datum Ausgaben],">="&E$5,tblAuftraege[Datum Ausgaben],"<"&EDATE(E$5,1),tblAuftraege[Kostenstelle],$B53)) | F53: =IF($B53="",0,SUMIFS(tblAuftraege[Kalk. Ausgaben],tblAuftraege[Datum Ausgaben],">="&F$5,tblAuftraege[Datum Ausgaben],"<"&EDATE(F$5,1),tblAuftraege[Kostenstelle],$B53)) | G53: =IF($B53="",0,SUMIFS(tblAuftraege[Kalk. Ausgaben],tblAuftraege[Datum Ausgaben],">="&G$5,tblAuftraege[Datum Ausgaben],"<"&EDATE(G$5,1),tblAuftraege[Kostenstelle],$B53)) | H53: =IF($B53="",0,SUMIFS(tblAuftraege[Kalk. Ausgaben],tblAuftraege[Datum Ausgaben],">="&H$5,tblAuftraege[Datum Ausgaben],"<"&EDATE(H$5,1),tblAuftraege[Kostenstelle],$B53)) | I53: =IF($B53="",0,SUMIFS(tblAuftraege[Kalk. Ausgaben],tblAuftraege[Datum Ausgaben],">="&I$5,tblAuftraege[Datum Ausgaben],"<"&EDATE(I$5,1),tblAuftraege[Kostenstelle],$B53)) | J53: =IF($B53="",0,SUMIFS(tblAuftraege[Kalk. Ausgaben],tblAuftraege[Datum Ausgaben],">="&J$5,tblAuftraege[Datum Ausgaben],"<"&EDATE(J$5,1),tblAuftraege[Kostenstelle],$B53)) | ... BD53: =IF($B53="",0,SUMIFS(tblAuftraege[Kalk. Ausgaben],tblAuftraege[Datum Ausgaben],">="&BD$5,tblAuftraege[Datum Ausgaben],"<"&EDATE(BD$5,1),tblAuftraege[Kostenstelle],$B53)) | BE53: =SUM(C53:H53) | BF53: =SUM(I53:T53) | BG53: =SUM(U53:AF53) | BH53: =SUM(AG53:AR53) | BI53: =SUM(AS53:BD53) | BJ53: =SUM(C53:BD53)
... B71: =IF(ISBLANK(B37),"",B37) | C71: =IF($B71="",0,SUMIFS(tblAuftraege[Kalk. Ausgaben],tblAuftraege[Datum Ausgaben],">="&C$5,tblAuftraege[Datum Ausgaben],"<"&EDATE(C$5,1),tblAuftraege[Kostenstelle],$B71)) | D71: =IF($B71="",0,SUMIFS(tblAuftraege[Kalk. Ausgaben],tblAuftraege[Datum Ausgaben],">="&D$5,tblAuftraege[Datum Ausgaben],"<"&EDATE(D$5,1),tblAuftraege[Kostenstelle],$B71)) | E71: =IF($B71="",0,SUMIFS(tblAuftraege[Kalk. Ausgaben],tblAuftraege[Datum Ausgaben],">="&E$5,tblAuftraege[Datum Ausgaben],"<"&EDATE(E$5,1),tblAuftraege[Kostenstelle],$B71)) | F71: =IF($B71="",0,SUMIFS(tblAuftraege[Kalk. Ausgaben],tblAuftraege[Datum Ausgaben],">="&F$5,tblAuftraege[Datum Ausgaben],"<"&EDATE(F$5,1),tblAuftraege[Kostenstelle],$B71)) | G71: =IF($B71="",0,SUMIFS(tblAuftraege[Kalk. Ausgaben],tblAuftraege[Datum Ausgaben],">="&G$5,tblAuftraege[Datum Ausgaben],"<"&EDATE(G$5,1),tblAuftraege[Kostenstelle],$B71)) | H71: =IF($B71="",0,SUMIFS(tblAuftraege[Kalk. Ausgaben],tblAuftraege[Datum Ausgaben],">="&H$5,tblAuftraege[Datum Ausgaben],"<"&EDATE(H$5,1),tblAuftraege[Kostenstelle],$B71)) | I71: =IF($B71="",0,SUMIFS(tblAuftraege[Kalk. Ausgaben],tblAuftraege[Datum Ausgaben],">="&I$5,tblAuftraege[Datum Ausgaben],"<"&EDATE(I$5,1),tblAuftraege[Kostenstelle],$B71)) | J71: =IF($B71="",0,SUMIFS(tblAuftraege[Kalk. Ausgaben],tblAuftraege[Datum Ausgaben],">="&J$5,tblAuftraege[Datum Ausgaben],"<"&EDATE(J$5,1),tblAuftraege[Kostenstelle],$B71)) | ... BD71: =IF($B71="",0,SUMIFS(tblAuftraege[Kalk. Ausgaben],tblAuftraege[Datum Ausgaben],">="&BD$5,tblAuftraege[Datum Ausgaben],"<"&EDATE(BD$5,1),tblAuftraege[Kostenstelle],$B71)) | BE71: =SUM(C71:H71) | BF71: =SUM(I71:T71) | BG71: =SUM(U71:AF71) | BH71: =SUM(AG71:AR71) | BI71: =SUM(AS71:BD71) | BJ71: =SUM(C71:BD71)
B72: =B38 | C72: =C73-SUM(C42:C71) | D72: =D73-SUM(D42:D71) | E72: =E73-SUM(E42:E71) | F72: =F73-SUM(F42:F71) | G72: =G73-SUM(G42:G71) | H72: =H73-SUM(H42:H71) | I72: =I73-SUM(I42:I71) | J72: =J73-SUM(J42:J71) | ... BJ72: =BJ73-SUM(BJ42:BJ71)
B73: Summe Ausgaben | C73: =SUMIFS(tblAuftraege[Kalk. Ausgaben],tblAuftraege[Datum Ausgaben],">="&C$5,tblAuftraege[Datum Ausgaben],"<"&EDATE(C$5,1)) | D73: =SUMIFS(tblAuftraege[Kalk. Ausgaben],tblAuftraege[Datum Ausgaben],">="&D$5,tblAuftraege[Datum Ausgaben],"<"&EDATE(D$5,1)) | E73: =SUMIFS(tblAuftraege[Kalk. Ausgaben],tblAuftraege[Datum Ausgaben],">="&E$5,tblAuftraege[Datum Ausgaben],"<"&EDATE(E$5,1)) | F73: =SUMIFS(tblAuftraege[Kalk. Ausgaben],tblAuftraege[Datum Ausgaben],">="&F$5,tblAuftraege[Datum Ausgaben],"<"&EDATE(F$5,1)) | G73: =SUMIFS(tblAuftraege[Kalk. Ausgaben],tblAuftraege[Datum Ausgaben],">="&G$5,tblAuftraege[Datum Ausgaben],"<"&EDATE(G$5,1)) | H73: =SUMIFS(tblAuftraege[Kalk. Ausgaben],tblAuftraege[Datum Ausgaben],">="&H$5,tblAuftraege[Datum Ausgaben],"<"&EDATE(H$5,1)) | I73: =SUMIFS(tblAuftraege[Kalk. Ausgaben],tblAuftraege[Datum Ausgaben],">="&I$5,tblAuftraege[Datum Ausgaben],"<"&EDATE(I$5,1)) | J73: =SUMIFS(tblAuftraege[Kalk. Ausgaben],tblAuftraege[Datum Ausgaben],">="&J$5,tblAuftraege[Datum Ausgaben],"<"&EDATE(J$5,1)) | ... BD73: =SUMIFS(tblAuftraege[Kalk. Ausgaben],tblAuftraege[Datum Ausgaben],">="&BD$5,tblAuftraege[Datum Ausgaben],"<"&EDATE(BD$5,1)) | BE73: =SUM(C73:H73) | BF73: =SUM(I73:T73) | BG73: =SUM(U73:AF73) | BH73: =SUM(AG73:AR73) | BI73: =SUM(AS73:BD73) | BJ73: =SUM(C73:BD73)
B75: 3 KENNZAHLEN (automatisch berechnet) | C75: Jul 26 | D75: Aug 26 | E75: Sep 26 | F75: Okt 26 | G75: Nov 26 | H75: Dez 26 | I75: Jan 27 | J75: Feb 27 | K75: Mrz 27 | L75: Apr 27 | M75: Mai 27 | N75: Jun 27 | O75: Jul 27 | P75: Aug 27 | Q75: Sep 27 | R75: Okt 27 | S75: Nov 27 | T75: Dez 27 | U75: Jan 28 | V75: Feb 28 | W75: Mär 28 | X75: Apr 28 | Y75: Mai 28 | Z75: Jun 28 | AA75: Jul 28 | AB75: Aug 28 | AC75: Sep 28 | AD75: Okt 28 | AE75: Nov 28 | AF75: Dez 28 | AG75: Jan 29 | AH75: Feb 29 | AI75: Mär 29 | AJ75: Apr 29 | AK75: Mai 29 | AL75: Jun 29 | AM75: Jul 29 | AN75: Aug 29 | AO75: Sep 29 | AP75: Okt 29 | AQ75: Nov 29 | AR75: Dez 29 | AS75: Jan 30 | AT75: Feb 30 | AU75: Mär 30 | AV75: Apr 30 | AW75: Mai 30 | AX75: Jun 30 | AY75: Jul 30 | AZ75: Aug 30 | BA75: Sep 30 | BB75: Okt 30 | BC75: Nov 30 | BD75: Dez 30 | BE75: Summe H2 26 | BF75: Summe 27 | BG75: Summe 28 | BH75: Summe 29 | BI75: Summe 30 | BJ75: Gesamt
B76: Summe Einnahmen | C76: =C39 | D76: =D39 | E76: =E39 | F76: =F39 | G76: =G39 | H76: =H39 | I76: =I39 | J76: =J39 | ... BJ76: =BJ39
B77: Summe Ausgaben | C77: =C73 | D77: =D73 | E77: =E73 | F77: =F73 | G77: =G73 | H77: =H73 | I77: =I73 | J77: =J73 | ... BJ77: =BJ73
B78: Netto-Cashflow (Monat) | C78: =C76-C77 | D78: =D76-D77 | E78: =E76-E77 | F78: =F76-F77 | G78: =G76-G77 | H78: =H76-H77 | I78: =I76-I77 | J78: =J76-J77 | ... BJ78: =BJ76-BJ77
B79: Kumulierter Cashflow | C79: =C78 | D79: =C79+D78 | E79: =D79+E78 | F79: =E79+F78 | G79: =F79+G78 | H79: =G79+H78 | I79: =H79+I78 | J79: =I79+J78 | K79: =J79+K78 | ... BD79: =BC79+BD78 | BE79: =H79 | BF79: =T79 | BG79: =AF79 | BH79: =AR79 | BI79: =BD79 | BJ79: =BD79
B81: 4 AUSWERTUNG NACH THEMENFELD | C81: Jul 26 | D81: Aug 26 | E81: Sep 26 | F81: Okt 26 | G81: Nov 26 | H81: Dez 26 | I81: Jan 27 | J81: Feb 27 | K81: Mrz 27 | L81: Apr 27 | M81: Mai 27 | N81: Jun 27 | O81: Jul 27 | P81: Aug 27 | Q81: Sep 27 | R81: Okt 27 | S81: Nov 27 | T81: Dez 27 | U81: Jan 28 | V81: Feb 28 | W81: Mär 28 | X81: Apr 28 | Y81: Mai 28 | Z81: Jun 28 | AA81: Jul 28 | AB81: Aug 28 | AC81: Sep 28 | AD81: Okt 28 | AE81: Nov 28 | AF81: Dez 28 | AG81: Jan 29 | AH81: Feb 29 | AI81: Mär 29 | AJ81: Apr 29 | AK81: Mai 29 | AL81: Jun 29 | AM81: Jul 29 | AN81: Aug 29 | AO81: Sep 29 | AP81: Okt 29 | AQ81: Nov 29 | AR81: Dez 29 | AS81: Jan 30 | AT81: Feb 30 | AU81: Mär 30 | AV81: Apr 30 | AW81: Mai 30 | AX81: Jun 30 | AY81: Jul 30 | AZ81: Aug 30 | BA81: Sep 30 | BB81: Okt 30 | BC81: Nov 30 | BD81: Dez 30 | BE81: Summe H2 26 | BF81: Summe 27 | BG81: Summe 28 | BH81: Summe 29 | BI81: Summe 30 | BJ81: Gesamt
B82: EDM – Einnahmen | C82: =SUMIFS(tblAuftraege[Kalk. Einnahmen],tblAuftraege[Datum Einnahmen],">="&C$5,tblAuftraege[Datum Einnahmen],"<"&EDATE(C$5,1),tblAuftraege[Themenfeld],"EDM") | D82: =SUMIFS(tblAuftraege[Kalk. Einnahmen],tblAuftraege[Datum Einnahmen],">="&D$5,tblAuftraege[Datum Einnahmen],"<"&EDATE(D$5,1),tblAuftraege[Themenfeld],"EDM") | E82: =SUMIFS(tblAuftraege[Kalk. Einnahmen],tblAuftraege[Datum Einnahmen],">="&E$5,tblAuftraege[Datum Einnahmen],"<"&EDATE(E$5,1),tblAuftraege[Themenfeld],"EDM") | F82: =SUMIFS(tblAuftraege[Kalk. Einnahmen],tblAuftraege[Datum Einnahmen],">="&F$5,tblAuftraege[Datum Einnahmen],"<"&EDATE(F$5,1),tblAuftraege[Themenfeld],"EDM") | G82: =SUMIFS(tblAuftraege[Kalk. Einnahmen],tblAuftraege[Datum Einnahmen],">="&G$5,tblAuftraege[Datum Einnahmen],"<"&EDATE(G$5,1),tblAuftraege[Themenfeld],"EDM") | H82: =SUMIFS(tblAuftraege[Kalk. Einnahmen],tblAuftraege[Datum Einnahmen],">="&H$5,tblAuftraege[Datum Einnahmen],"<"&EDATE(H$5,1),tblAuftraege[Themenfeld],"EDM") | I82: =SUMIFS(tblAuftraege[Kalk. Einnahmen],tblAuftraege[Datum Einnahmen],">="&I$5,tblAuftraege[Datum Einnahmen],"<"&EDATE(I$5,1),tblAuftraege[Themenfeld],"EDM") | J82: =SUMIFS(tblAuftraege[Kalk. Einnahmen],tblAuftraege[Datum Einnahmen],">="&J$5,tblAuftraege[Datum Einnahmen],"<"&EDATE(J$5,1),tblAuftraege[Themenfeld],"EDM") | ... BD82: =SUMIFS(tblAuftraege[Kalk. Einnahmen],tblAuftraege[Datum Einnahmen],">="&BD$5,tblAuftraege[Datum Einnahmen],"<"&EDATE(BD$5,1),tblAuftraege[Themenfeld],"EDM") | BE82: =SUM(C82:H82) | BF82: =SUM(I82:T82) | BG82: =SUM(U82:AF82) | BH82: =SUM(AG82:AR82) | BI82: =SUM(AS82:BD82) | BJ82: =SUM(C82:BD82)
B83: EDM – Ausgaben | C83: =SUMIFS(tblAuftraege[Kalk. Ausgaben],tblAuftraege[Datum Ausgaben],">="&C$5,tblAuftraege[Datum Ausgaben],"<"&EDATE(C$5,1),tblAuftraege[Themenfeld],"EDM") | D83: =SUMIFS(tblAuftraege[Kalk. Ausgaben],tblAuftraege[Datum Ausgaben],">="&D$5,tblAuftraege[Datum Ausgaben],"<"&EDATE(D$5,1),tblAuftraege[Themenfeld],"EDM") | E83: =SUMIFS(tblAuftraege[Kalk. Ausgaben],tblAuftraege[Datum Ausgaben],">="&E$5,tblAuftraege[Datum Ausgaben],"<"&EDATE(E$5,1),tblAuftraege[Themenfeld],"EDM") | F83: =SUMIFS(tblAuftraege[Kalk. Ausgaben],tblAuftraege[Datum Ausgaben],">="&F$5,tblAuftraege[Datum Ausgaben],"<"&EDATE(F$5,1),tblAuftraege[Themenfeld],"EDM") | G83: =SUMIFS(tblAuftraege[Kalk. Ausgaben],tblAuftraege[Datum Ausgaben],">="&G$5,tblAuftraege[Datum Ausgaben],"<"&EDATE(G$5,1),tblAuftraege[Themenfeld],"EDM") | H83: =SUMIFS(tblAuftraege[Kalk. Ausgaben],tblAuftraege[Datum Ausgaben],">="&H$5,tblAuftraege[Datum Ausgaben],"<"&EDATE(H$5,1),tblAuftraege[Themenfeld],"EDM") | I83: =SUMIFS(tblAuftraege[Kalk. Ausgaben],tblAuftraege[Datum Ausgaben],">="&I$5,tblAuftraege[Datum Ausgaben],"<"&EDATE(I$5,1),tblAuftraege[Themenfeld],"EDM") | J83: =SUMIFS(tblAuftraege[Kalk. Ausgaben],tblAuftraege[Datum Ausgaben],">="&J$5,tblAuftraege[Datum Ausgaben],"<"&EDATE(J$5,1),tblAuftraege[Themenfeld],"EDM") | ... BD83: =SUMIFS(tblAuftraege[Kalk. Ausgaben],tblAuftraege[Datum Ausgaben],">="&BD$5,tblAuftraege[Datum Ausgaben],"<"&EDATE(BD$5,1),tblAuftraege[Themenfeld],"EDM") | BE83: =SUM(C83:H83) | BF83: =SUM(I83:T83) | BG83: =SUM(U83:AF83) | BH83: =SUM(AG83:AR83) | BI83: =SUM(AS83:BD83) | BJ83: =SUM(C83:BD83)
B84: LLM – Einnahmen | C84: =SUMIFS(tblAuftraege[Kalk. Einnahmen],tblAuftraege[Datum Einnahmen],">="&C$5,tblAuftraege[Datum Einnahmen],"<"&EDATE(C$5,1),tblAuftraege[Themenfeld],"LLM") | D84: =SUMIFS(tblAuftraege[Kalk. Einnahmen],tblAuftraege[Datum Einnahmen],">="&D$5,tblAuftraege[Datum Einnahmen],"<"&EDATE(D$5,1),tblAuftraege[Themenfeld],"LLM") | E84: =SUMIFS(tblAuftraege[Kalk. Einnahmen],tblAuftraege[Datum Einnahmen],">="&E$5,tblAuftraege[Datum Einnahmen],"<"&EDATE(E$5,1),tblAuftraege[Themenfeld],"LLM") | F84: =SUMIFS(tblAuftraege[Kalk. Einnahmen],tblAuftraege[Datum Einnahmen],">="&F$5,tblAuftraege[Datum Einnahmen],"<"&EDATE(F$5,1),tblAuftraege[Themenfeld],"LLM") | G84: =SUMIFS(tblAuftraege[Kalk. Einnahmen],tblAuftraege[Datum Einnahmen],">="&G$5,tblAuftraege[Datum Einnahmen],"<"&EDATE(G$5,1),tblAuftraege[Themenfeld],"LLM") | H84: =SUMIFS(tblAuftraege[Kalk. Einnahmen],tblAuftraege[Datum Einnahmen],">="&H$5,tblAuftraege[Datum Einnahmen],"<"&EDATE(H$5,1),tblAuftraege[Themenfeld],"LLM") | I84: =SUMIFS(tblAuftraege[Kalk. Einnahmen],tblAuftraege[Datum Einnahmen],">="&I$5,tblAuftraege[Datum Einnahmen],"<"&EDATE(I$5,1),tblAuftraege[Themenfeld],"LLM") | J84: =SUMIFS(tblAuftraege[Kalk. Einnahmen],tblAuftraege[Datum Einnahmen],">="&J$5,tblAuftraege[Datum Einnahmen],"<"&EDATE(J$5,1),tblAuftraege[Themenfeld],"LLM") | ... BD84: =SUMIFS(tblAuftraege[Kalk. Einnahmen],tblAuftraege[Datum Einnahmen],">="&BD$5,tblAuftraege[Datum Einnahmen],"<"&EDATE(BD$5,1),tblAuftraege[Themenfeld],"LLM") | BE84: =SUM(C84:H84) | BF84: =SUM(I84:T84) | BG84: =SUM(U84:AF84) | BH84: =SUM(AG84:AR84) | BI84: =SUM(AS84:BD84) | BJ84: =SUM(C84:BD84)
B85: LLM – Ausgaben | C85: =SUMIFS(tblAuftraege[Kalk. Ausgaben],tblAuftraege[Datum Ausgaben],">="&C$5,tblAuftraege[Datum Ausgaben],"<"&EDATE(C$5,1),tblAuftraege[Themenfeld],"LLM") | D85: =SUMIFS(tblAuftraege[Kalk. Ausgaben],tblAuftraege[Datum Ausgaben],">="&D$5,tblAuftraege[Datum Ausgaben],"<"&EDATE(D$5,1),tblAuftraege[Themenfeld],"LLM") | E85: =SUMIFS(tblAuftraege[Kalk. Ausgaben],tblAuftraege[Datum Ausgaben],">="&E$5,tblAuftraege[Datum Ausgaben],"<"&EDATE(E$5,1),tblAuftraege[Themenfeld],"LLM") | F85: =SUMIFS(tblAuftraege[Kalk. Ausgaben],tblAuftraege[Datum Ausgaben],">="&F$5,tblAuftraege[Datum Ausgaben],"<"&EDATE(F$5,1),tblAuftraege[Themenfeld],"LLM") | G85: =SUMIFS(tblAuftraege[Kalk. Ausgaben],tblAuftraege[Datum Ausgaben],">="&G$5,tblAuftraege[Datum Ausgaben],"<"&EDATE(G$5,1),tblAuftraege[Themenfeld],"LLM") | H85: =SUMIFS(tblAuftraege[Kalk. Ausgaben],tblAuftraege[Datum Ausgaben],">="&H$5,tblAuftraege[Datum Ausgaben],"<"&EDATE(H$5,1),tblAuftraege[Themenfeld],"LLM") | I85: =SUMIFS(tblAuftraege[Kalk. Ausgaben],tblAuftraege[Datum Ausgaben],">="&I$5,tblAuftraege[Datum Ausgaben],"<"&EDATE(I$5,1),tblAuftraege[Themenfeld],"LLM") | J85: =SUMIFS(tblAuftraege[Kalk. Ausgaben],tblAuftraege[Datum Ausgaben],">="&J$5,tblAuftraege[Datum Ausgaben],"<"&EDATE(J$5,1),tblAuftraege[Themenfeld],"LLM") | ... BD85: =SUMIFS(tblAuftraege[Kalk. Ausgaben],tblAuftraege[Datum Ausgaben],">="&BD$5,tblAuftraege[Datum Ausgaben],"<"&EDATE(BD$5,1),tblAuftraege[Themenfeld],"LLM") | BE85: =SUM(C85:H85) | BF85: =SUM(I85:T85) | BG85: =SUM(U85:AF85) | BH85: =SUM(AG85:AR85) | BI85: =SUM(AS85:BD85) | BJ85: =SUM(C85:BD85)
B86: Parking – Einnahmen | C86: =SUMIFS(tblAuftraege[Kalk. Einnahmen],tblAuftraege[Datum Einnahmen],">="&C$5,tblAuftraege[Datum Einnahmen],"<"&EDATE(C$5,1),tblAuftraege[Themenfeld],"Parking") | D86: =SUMIFS(tblAuftraege[Kalk. Einnahmen],tblAuftraege[Datum Einnahmen],">="&D$5,tblAuftraege[Datum Einnahmen],"<"&EDATE(D$5,1),tblAuftraege[Themenfeld],"Parking") | E86: =SUMIFS(tblAuftraege[Kalk. Einnahmen],tblAuftraege[Datum Einnahmen],">="&E$5,tblAuftraege[Datum Einnahmen],"<"&EDATE(E$5,1),tblAuftraege[Themenfeld],"Parking") | F86: =SUMIFS(tblAuftraege[Kalk. Einnahmen],tblAuftraege[Datum Einnahmen],">="&F$5,tblAuftraege[Datum Einnahmen],"<"&EDATE(F$5,1),tblAuftraege[Themenfeld],"Parking") | G86: =SUMIFS(tblAuftraege[Kalk. Einnahmen],tblAuftraege[Datum Einnahmen],">="&G$5,tblAuftraege[Datum Einnahmen],"<"&EDATE(G$5,1),tblAuftraege[Themenfeld],"Parking") | H86: =SUMIFS(tblAuftraege[Kalk. Einnahmen],tblAuftraege[Datum Einnahmen],">="&H$5,tblAuftraege[Datum Einnahmen],"<"&EDATE(H$5,1),tblAuftraege[Themenfeld],"Parking") | I86: =SUMIFS(tblAuftraege[Kalk. Einnahmen],tblAuftraege[Datum Einnahmen],">="&I$5,tblAuftraege[Datum Einnahmen],"<"&EDATE(I$5,1),tblAuftraege[Themenfeld],"Parking") | J86: =SUMIFS(tblAuftraege[Kalk. Einnahmen],tblAuftraege[Datum Einnahmen],">="&J$5,tblAuftraege[Datum Einnahmen],"<"&EDATE(J$5,1),tblAuftraege[Themenfeld],"Parking") | ... BD86: =SUMIFS(tblAuftraege[Kalk. Einnahmen],tblAuftraege[Datum Einnahmen],">="&BD$5,tblAuftraege[Datum Einnahmen],"<"&EDATE(BD$5,1),tblAuftraege[Themenfeld],"Parking") | BE86: =SUM(C86:H86) | BF86: =SUM(I86:T86) | BG86: =SUM(U86:AF86) | BH86: =SUM(AG86:AR86) | BI86: =SUM(AS86:BD86) | BJ86: =SUM(C86:BD86)
B87: Parking – Ausgaben | C87: =SUMIFS(tblAuftraege[Kalk. Ausgaben],tblAuftraege[Datum Ausgaben],">="&C$5,tblAuftraege[Datum Ausgaben],"<"&EDATE(C$5,1),tblAuftraege[Themenfeld],"Parking") | D87: =SUMIFS(tblAuftraege[Kalk. Ausgaben],tblAuftraege[Datum Ausgaben],">="&D$5,tblAuftraege[Datum Ausgaben],"<"&EDATE(D$5,1),tblAuftraege[Themenfeld],"Parking") | E87: =SUMIFS(tblAuftraege[Kalk. Ausgaben],tblAuftraege[Datum Ausgaben],">="&E$5,tblAuftraege[Datum Ausgaben],"<"&EDATE(E$5,1),tblAuftraege[Themenfeld],"Parking") | F87: =SUMIFS(tblAuftraege[Kalk. Ausgaben],tblAuftraege[Datum Ausgaben],">="&F$5,tblAuftraege[Datum Ausgaben],"<"&EDATE(F$5,1),tblAuftraege[Themenfeld],"Parking") | G87: =SUMIFS(tblAuftraege[Kalk. Ausgaben],tblAuftraege[Datum Ausgaben],">="&G$5,tblAuftraege[Datum Ausgaben],"<"&EDATE(G$5,1),tblAuftraege[Themenfeld],"Parking") | H87: =SUMIFS(tblAuftraege[Kalk. Ausgaben],tblAuftraege[Datum Ausgaben],">="&H$5,tblAuftraege[Datum Ausgaben],"<"&EDATE(H$5,1),tblAuftraege[Themenfeld],"Parking") | I87: =SUMIFS(tblAuftraege[Kalk. Ausgaben],tblAuftraege[Datum Ausgaben],">="&I$5,tblAuftraege[Datum Ausgaben],"<"&EDATE(I$5,1),tblAuftraege[Themenfeld],"Parking") | J87: =SUMIFS(tblAuftraege[Kalk. Ausgaben],tblAuftraege[Datum Ausgaben],">="&J$5,tblAuftraege[Datum Ausgaben],"<"&EDATE(J$5,1),tblAuftraege[Themenfeld],"Parking") | ... BD87: =SUMIFS(tblAuftraege[Kalk. Ausgaben],tblAuftraege[Datum Ausgaben],">="&BD$5,tblAuftraege[Datum Ausgaben],"<"&EDATE(BD$5,1),tblAuftraege[Themenfeld],"Parking") | BE87: =SUM(C87:H87) | BF87: =SUM(I87:T87) | BG87: =SUM(U87:AF87) | BH87: =SUM(AG87:AR87) | BI87: =SUM(AS87:BD87) | BJ87: =SUM(C87:BD87)
B88: IoT – Einnahmen | C88: =SUMIFS(tblAuftraege[Kalk. Einnahmen],tblAuftraege[Datum Einnahmen],">="&C$5,tblAuftraege[Datum Einnahmen],"<"&EDATE(C$5,1),tblAuftraege[Themenfeld],"IoT") | D88: =SUMIFS(tblAuftraege[Kalk. Einnahmen],tblAuftraege[Datum Einnahmen],">="&D$5,tblAuftraege[Datum Einnahmen],"<"&EDATE(D$5,1),tblAuftraege[Themenfeld],"IoT") | E88: =SUMIFS(tblAuftraege[Kalk. Einnahmen],tblAuftraege[Datum Einnahmen],">="&E$5,tblAuftraege[Datum Einnahmen],"<"&EDATE(E$5,1),tblAuftraege[Themenfeld],"IoT") | F88: =SUMIFS(tblAuftraege[Kalk. Einnahmen],tblAuftraege[Datum Einnahmen],">="&F$5,tblAuftraege[Datum Einnahmen],"<"&EDATE(F$5,1),tblAuftraege[Themenfeld],"IoT") | G88: =SUMIFS(tblAuftraege[Kalk. Einnahmen],tblAuftraege[Datum Einnahmen],">="&G$5,tblAuftraege[Datum Einnahmen],"<"&EDATE(G$5,1),tblAuftraege[Themenfeld],"IoT") | H88: =SUMIFS(tblAuftraege[Kalk. Einnahmen],tblAuftraege[Datum Einnahmen],">="&H$5,tblAuftraege[Datum Einnahmen],"<"&EDATE(H$5,1),tblAuftraege[Themenfeld],"IoT") | I88: =SUMIFS(tblAuftraege[Kalk. Einnahmen],tblAuftraege[Datum Einnahmen],">="&I$5,tblAuftraege[Datum Einnahmen],"<"&EDATE(I$5,1),tblAuftraege[Themenfeld],"IoT") | J88: =SUMIFS(tblAuftraege[Kalk. Einnahmen],tblAuftraege[Datum Einnahmen],">="&J$5,tblAuftraege[Datum Einnahmen],"<"&EDATE(J$5,1),tblAuftraege[Themenfeld],"IoT") | ... BD88: =SUMIFS(tblAuftraege[Kalk. Einnahmen],tblAuftraege[Datum Einnahmen],">="&BD$5,tblAuftraege[Datum Einnahmen],"<"&EDATE(BD$5,1),tblAuftraege[Themenfeld],"IoT") | BE88: =SUM(C88:H88) | BF88: =SUM(I88:T88) | BG88: =SUM(U88:AF88) | BH88: =SUM(AG88:AR88) | BI88: =SUM(AS88:BD88) | BJ88: =SUM(C88:BD88)
B89: IoT – Ausgaben | C89: =SUMIFS(tblAuftraege[Kalk. Ausgaben],tblAuftraege[Datum Ausgaben],">="&C$5,tblAuftraege[Datum Ausgaben],"<"&EDATE(C$5,1),tblAuftraege[Themenfeld],"IoT") | D89: =SUMIFS(tblAuftraege[Kalk. Ausgaben],tblAuftraege[Datum Ausgaben],">="&D$5,tblAuftraege[Datum Ausgaben],"<"&EDATE(D$5,1),tblAuftraege[Themenfeld],"IoT") | E89: =SUMIFS(tblAuftraege[Kalk. Ausgaben],tblAuftraege[Datum Ausgaben],">="&E$5,tblAuftraege[Datum Ausgaben],"<"&EDATE(E$5,1),tblAuftraege[Themenfeld],"IoT") | F89: =SUMIFS(tblAuftraege[Kalk. Ausgaben],tblAuftraege[Datum Ausgaben],">="&F$5,tblAuftraege[Datum Ausgaben],"<"&EDATE(F$5,1),tblAuftraege[Themenfeld],"IoT") | G89: =SUMIFS(tblAuftraege[Kalk. Ausgaben],tblAuftraege[Datum Ausgaben],">="&G$5,tblAuftraege[Datum Ausgaben],"<"&EDATE(G$5,1),tblAuftraege[Themenfeld],"IoT") | H89: =SUMIFS(tblAuftraege[Kalk. Ausgaben],tblAuftraege[Datum Ausgaben],">="&H$5,tblAuftraege[Datum Ausgaben],"<"&EDATE(H$5,1),tblAuftraege[Themenfeld],"IoT") | I89: =SUMIFS(tblAuftraege[Kalk. Ausgaben],tblAuftraege[Datum Ausgaben],">="&I$5,tblAuftraege[Datum Ausgaben],"<"&EDATE(I$5,1),tblAuftraege[Themenfeld],"IoT") | J89: =SUMIFS(tblAuftraege[Kalk. Ausgaben],tblAuftraege[Datum Ausgaben],">="&J$5,tblAuftraege[Datum Ausgaben],"<"&EDATE(J$5,1),tblAuftraege[Themenfeld],"IoT") | ... BD89: =SUMIFS(tblAuftraege[Kalk. Ausgaben],tblAuftraege[Datum Ausgaben],">="&BD$5,tblAuftraege[Datum Ausgaben],"<"&EDATE(BD$5,1),tblAuftraege[Themenfeld],"IoT") | BE89: =SUM(C89:H89) | BF89: =SUM(I89:T89) | BG89: =SUM(U89:AF89) | BH89: =SUM(AG89:AR89) | BI89: =SUM(AS89:BD89) | BJ89: =SUM(C89:BD89)
B91: 5 AUSWERTUNG NACH KATEGORIE | C91: Jul 26 | D91: Aug 26 | E91: Sep 26 | F91: Okt 26 | G91: Nov 26 | H91: Dez 26 | I91: Jan 27 | J91: Feb 27 | K91: Mrz 27 | L91: Apr 27 | M91: Mai 27 | N91: Jun 27 | O91: Jul 27 | P91: Aug 27 | Q91: Sep 27 | R91: Okt 27 | S91: Nov 27 | T91: Dez 27 | U91: Jan 28 | V91: Feb 28 | W91: Mär 28 | X91: Apr 28 | Y91: Mai 28 | Z91: Jun 28 | AA91: Jul 28 | AB91: Aug 28 | AC91: Sep 28 | AD91: Okt 28 | AE91: Nov 28 | AF91: Dez 28 | AG91: Jan 29 | AH91: Feb 29 | AI91: Mär 29 | AJ91: Apr 29 | AK91: Mai 29 | AL91: Jun 29 | AM91: Jul 29 | AN91: Aug 29 | AO91: Sep 29 | AP91: Okt 29 | AQ91: Nov 29 | AR91: Dez 29 | AS91: Jan 30 | AT91: Feb 30 | AU91: Mär 30 | AV91: Apr 30 | AW91: Mai 30 | AX91: Jun 30 | AY91: Jul 30 | AZ91: Aug 30 | BA91: Sep 30 | BB91: Okt 30 | BC91: Nov 30 | BD91: Dez 30 | BE91: Summe H2 26 | BF91: Summe 27 | BG91: Summe 28 | BH91: Summe 29 | BI91: Summe 30 | BJ91: Gesamt
B92: Hardware – Einnahmen | C92: =SUMIFS(tblAuftraege[Kalk. Einnahmen],tblAuftraege[Datum Einnahmen],">="&C$5,tblAuftraege[Datum Einnahmen],"<"&EDATE(C$5,1),tblAuftraege[Kategorie],"Hardware") | D92: =SUMIFS(tblAuftraege[Kalk. Einnahmen],tblAuftraege[Datum Einnahmen],">="&D$5,tblAuftraege[Datum Einnahmen],"<"&EDATE(D$5,1),tblAuftraege[Kategorie],"Hardware") | E92: =SUMIFS(tblAuftraege[Kalk. Einnahmen],tblAuftraege[Datum Einnahmen],">="&E$5,tblAuftraege[Datum Einnahmen],"<"&EDATE(E$5,1),tblAuftraege[Kategorie],"Hardware") | F92: =SUMIFS(tblAuftraege[Kalk. Einnahmen],tblAuftraege[Datum Einnahmen],">="&F$5,tblAuftraege[Datum Einnahmen],"<"&EDATE(F$5,1),tblAuftraege[Kategorie],"Hardware") | G92: =SUMIFS(tblAuftraege[Kalk. Einnahmen],tblAuftraege[Datum Einnahmen],">="&G$5,tblAuftraege[Datum Einnahmen],"<"&EDATE(G$5,1),tblAuftraege[Kategorie],"Hardware") | H92: =SUMIFS(tblAuftraege[Kalk. Einnahmen],tblAuftraege[Datum Einnahmen],">="&H$5,tblAuftraege[Datum Einnahmen],"<"&EDATE(H$5,1),tblAuftraege[Kategorie],"Hardware") | I92: =SUMIFS(tblAuftraege[Kalk. Einnahmen],tblAuftraege[Datum Einnahmen],">="&I$5,tblAuftraege[Datum Einnahmen],"<"&EDATE(I$5,1),tblAuftraege[Kategorie],"Hardware") | J92: =SUMIFS(tblAuftraege[Kalk. Einnahmen],tblAuftraege[Datum Einnahmen],">="&J$5,tblAuftraege[Datum Einnahmen],"<"&EDATE(J$5,1),tblAuftraege[Kategorie],"Hardware") | ... BD92: =SUMIFS(tblAuftraege[Kalk. Einnahmen],tblAuftraege[Datum Einnahmen],">="&BD$5,tblAuftraege[Datum Einnahmen],"<"&EDATE(BD$5,1),tblAuftraege[Kategorie],"Hardware") | BE92: =SUM(C92:H92) | BF92: =SUM(I92:T92) | BG92: =SUM(U92:AF92) | BH92: =SUM(AG92:AR92) | BI92: =SUM(AS92:BD92) | BJ92: =SUM(C92:BD92)
B93: Hardware – Ausgaben | C93: =SUMIFS(tblAuftraege[Kalk. Ausgaben],tblAuftraege[Datum Ausgaben],">="&C$5,tblAuftraege[Datum Ausgaben],"<"&EDATE(C$5,1),tblAuftraege[Kategorie],"Hardware") | D93: =SUMIFS(tblAuftraege[Kalk. Ausgaben],tblAuftraege[Datum Ausgaben],">="&D$5,tblAuftraege[Datum Ausgaben],"<"&EDATE(D$5,1),tblAuftraege[Kategorie],"Hardware") | E93: =SUMIFS(tblAuftraege[Kalk. Ausgaben],tblAuftraege[Datum Ausgaben],">="&E$5,tblAuftraege[Datum Ausgaben],"<"&EDATE(E$5,1),tblAuftraege[Kategorie],"Hardware") | F93: =SUMIFS(tblAuftraege[Kalk. Ausgaben],tblAuftraege[Datum Ausgaben],">="&F$5,tblAuftraege[Datum Ausgaben],"<"&EDATE(F$5,1),tblAuftraege[Kategorie],"Hardware") | G93: =SUMIFS(tblAuftraege[Kalk. Ausgaben],tblAuftraege[Datum Ausgaben],">="&G$5,tblAuftraege[Datum Ausgaben],"<"&EDATE(G$5,1),tblAuftraege[Kategorie],"Hardware") | H93: =SUMIFS(tblAuftraege[Kalk. Ausgaben],tblAuftraege[Datum Ausgaben],">="&H$5,tblAuftraege[Datum Ausgaben],"<"&EDATE(H$5,1),tblAuftraege[Kategorie],"Hardware") | I93: =SUMIFS(tblAuftraege[Kalk. Ausgaben],tblAuftraege[Datum Ausgaben],">="&I$5,tblAuftraege[Datum Ausgaben],"<"&EDATE(I$5,1),tblAuftraege[Kategorie],"Hardware") | J93: =SUMIFS(tblAuftraege[Kalk. Ausgaben],tblAuftraege[Datum Ausgaben],">="&J$5,tblAuftraege[Datum Ausgaben],"<"&EDATE(J$5,1),tblAuftraege[Kategorie],"Hardware") | ... BD93: =SUMIFS(tblAuftraege[Kalk. Ausgaben],tblAuftraege[Datum Ausgaben],">="&BD$5,tblAuftraege[Datum Ausgaben],"<"&EDATE(BD$5,1),tblAuftraege[Kategorie],"Hardware") | BE93: =SUM(C93:H93) | BF93: =SUM(I93:T93) | BG93: =SUM(U93:AF93) | BH93: =SUM(AG93:AR93) | BI93: =SUM(AS93:BD93) | BJ93: =SUM(C93:BD93)
B94: Hardware + Dienstleistung – Einnahmen | C94: =SUMIFS(tblAuftraege[Kalk. Einnahmen],tblAuftraege[Datum Einnahmen],">="&C$5,tblAuftraege[Datum Einnahmen],"<"&EDATE(C$5,1),tblAuftraege[Kategorie],"Hardware + Dienstleistung") | D94: =SUMIFS(tblAuftraege[Kalk. Einnahmen],tblAuftraege[Datum Einnahmen],">="&D$5,tblAuftraege[Datum Einnahmen],"<"&EDATE(D$5,1),tblAuftraege[Kategorie],"Hardware + Dienstleistung") | E94: =SUMIFS(tblAuftraege[Kalk. Einnahmen],tblAuftraege[Datum Einnahmen],">="&E$5,tblAuftraege[Datum Einnahmen],"<"&EDATE(E$5,1),tblAuftraege[Kategorie],"Hardware + Dienstleistung") | F94: =SUMIFS(tblAuftraege[Kalk. Einnahmen],tblAuftraege[Datum Einnahmen],">="&F$5,tblAuftraege[Datum Einnahmen],"<"&EDATE(F$5,1),tblAuftraege[Kategorie],"Hardware + Dienstleistung") | G94: =SUMIFS(tblAuftraege[Kalk. Einnahmen],tblAuftraege[Datum Einnahmen],">="&G$5,tblAuftraege[Datum Einnahmen],"<"&EDATE(G$5,1),tblAuftraege[Kategorie],"Hardware + Dienstleistung") | H94: =SUMIFS(tblAuftraege[Kalk. Einnahmen],tblAuftraege[Datum Einnahmen],">="&H$5,tblAuftraege[Datum Einnahmen],"<"&EDATE(H$5,1),tblAuftraege[Kategorie],"Hardware + Dienstleistung") | I94: =SUMIFS(tblAuftraege[Kalk. Einnahmen],tblAuftraege[Datum Einnahmen],">="&I$5,tblAuftraege[Datum Einnahmen],"<"&EDATE(I$5,1),tblAuftraege[Kategorie],"Hardware + Dienstleistung") | J94: =SUMIFS(tblAuftraege[Kalk. Einnahmen],tblAuftraege[Datum Einnahmen],">="&J$5,tblAuftraege[Datum Einnahmen],"<"&EDATE(J$5,1),tblAuftraege[Kategorie],"Hardware + Dienstleistung") | ... BD94: =SUMIFS(tblAuftraege[Kalk. Einnahmen],tblAuftraege[Datum Einnahmen],">="&BD$5,tblAuftraege[Datum Einnahmen],"<"&EDATE(BD$5,1),tblAuftraege[Kategorie],"Hardware + Dienstleistung") | BE94: =SUM(C94:H94) | BF94: =SUM(I94:T94) | BG94: =SUM(U94:AF94) | BH94: =SUM(AG94:AR94) | BI94: =SUM(AS94:BD94) | BJ94: =SUM(C94:BD94)
B95: Hardware + Dienstleistung – Ausgaben | C95: =SUMIFS(tblAuftraege[Kalk. Ausgaben],tblAuftraege[Datum Ausgaben],">="&C$5,tblAuftraege[Datum Ausgaben],"<"&EDATE(C$5,1),tblAuftraege[Kategorie],"Hardware + Dienstleistung") | D95: =SUMIFS(tblAuftraege[Kalk. Ausgaben],tblAuftraege[Datum Ausgaben],">="&D$5,tblAuftraege[Datum Ausgaben],"<"&EDATE(D$5,1),tblAuftraege[Kategorie],"Hardware + Dienstleistung") | E95: =SUMIFS(tblAuftraege[Kalk. Ausgaben],tblAuftraege[Datum Ausgaben],">="&E$5,tblAuftraege[Datum Ausgaben],"<"&EDATE(E$5,1),tblAuftraege[Kategorie],"Hardware + Dienstleistung") | F95: =SUMIFS(tblAuftraege[Kalk. Ausgaben],tblAuftraege[Datum Ausgaben],">="&F$5,tblAuftraege[Datum Ausgaben],"<"&EDATE(F$5,1),tblAuftraege[Kategorie],"Hardware + Dienstleistung") | G95: =SUMIFS(tblAuftraege[Kalk. Ausgaben],tblAuftraege[Datum Ausgaben],">="&G$5,tblAuftraege[Datum Ausgaben],"<"&EDATE(G$5,1),tblAuftraege[Kategorie],"Hardware + Dienstleistung") | H95: =SUMIFS(tblAuftraege[Kalk. Ausgaben],tblAuftraege[Datum Ausgaben],">="&H$5,tblAuftraege[Datum Ausgaben],"<"&EDATE(H$5,1),tblAuftraege[Kategorie],"Hardware + Dienstleistung") | I95: =SUMIFS(tblAuftraege[Kalk. Ausgaben],tblAuftraege[Datum Ausgaben],">="&I$5,tblAuftraege[Datum Ausgaben],"<"&EDATE(I$5,1),tblAuftraege[Kategorie],"Hardware + Dienstleistung") | J95: =SUMIFS(tblAuftraege[Kalk. Ausgaben],tblAuftraege[Datum Ausgaben],">="&J$5,tblAuftraege[Datum Ausgaben],"<"&EDATE(J$5,1),tblAuftraege[Kategorie],"Hardware + Dienstleistung") | ... BD95: =SUMIFS(tblAuftraege[Kalk. Ausgaben],tblAuftraege[Datum Ausgaben],">="&BD$5,tblAuftraege[Datum Ausgaben],"<"&EDATE(BD$5,1),tblAuftraege[Kategorie],"Hardware + Dienstleistung") | BE95: =SUM(C95:H95) | BF95: =SUM(I95:T95) | BG95: =SUM(U95:AF95) | BH95: =SUM(AG95:AR95) | BI95: =SUM(AS95:BD95) | BJ95: =SUM(C95:BD95)
B96: Dienstleistung – Einnahmen | C96: =SUMIFS(tblAuftraege[Kalk. Einnahmen],tblAuftraege[Datum Einnahmen],">="&C$5,tblAuftraege[Datum Einnahmen],"<"&EDATE(C$5,1),tblAuftraege[Kategorie],"Dienstleistung") | D96: =SUMIFS(tblAuftraege[Kalk. Einnahmen],tblAuftraege[Datum Einnahmen],">="&D$5,tblAuftraege[Datum Einnahmen],"<"&EDATE(D$5,1),tblAuftraege[Kategorie],"Dienstleistung") | E96: =SUMIFS(tblAuftraege[Kalk. Einnahmen],tblAuftraege[Datum Einnahmen],">="&E$5,tblAuftraege[Datum Einnahmen],"<"&EDATE(E$5,1),tblAuftraege[Kategorie],"Dienstleistung") | F96: =SUMIFS(tblAuftraege[Kalk. Einnahmen],tblAuftraege[Datum Einnahmen],">="&F$5,tblAuftraege[Datum Einnahmen],"<"&EDATE(F$5,1),tblAuftraege[Kategorie],"Dienstleistung") | G96: =SUMIFS(tblAuftraege[Kalk. Einnahmen],tblAuftraege[Datum Einnahmen],">="&G$5,tblAuftraege[Datum Einnahmen],"<"&EDATE(G$5,1),tblAuftraege[Kategorie],"Dienstleistung") | H96: =SUMIFS(tblAuftraege[Kalk. Einnahmen],tblAuftraege[Datum Einnahmen],">="&H$5,tblAuftraege[Datum Einnahmen],"<"&EDATE(H$5,1),tblAuftraege[Kategorie],"Dienstleistung") | I96: =SUMIFS(tblAuftraege[Kalk. Einnahmen],tblAuftraege[Datum Einnahmen],">="&I$5,tblAuftraege[Datum Einnahmen],"<"&EDATE(I$5,1),tblAuftraege[Kategorie],"Dienstleistung") | J96: =SUMIFS(tblAuftraege[Kalk. Einnahmen],tblAuftraege[Datum Einnahmen],">="&J$5,tblAuftraege[Datum Einnahmen],"<"&EDATE(J$5,1),tblAuftraege[Kategorie],"Dienstleistung") | ... BD96: =SUMIFS(tblAuftraege[Kalk. Einnahmen],tblAuftraege[Datum Einnahmen],">="&BD$5,tblAuftraege[Datum Einnahmen],"<"&EDATE(BD$5,1),tblAuftraege[Kategorie],"Dienstleistung") | BE96: =SUM(C96:H96) | BF96: =SUM(I96:T96) | BG96: =SUM(U96:AF96) | BH96: =SUM(AG96:AR96) | BI96: =SUM(AS96:BD96) | BJ96: =SUM(C96:BD96)
B97: Dienstleistung – Ausgaben | C97: =SUMIFS(tblAuftraege[Kalk. Ausgaben],tblAuftraege[Datum Ausgaben],">="&C$5,tblAuftraege[Datum Ausgaben],"<"&EDATE(C$5,1),tblAuftraege[Kategorie],"Dienstleistung") | D97: =SUMIFS(tblAuftraege[Kalk. Ausgaben],tblAuftraege[Datum Ausgaben],">="&D$5,tblAuftraege[Datum Ausgaben],"<"&EDATE(D$5,1),tblAuftraege[Kategorie],"Dienstleistung") | E97: =SUMIFS(tblAuftraege[Kalk. Ausgaben],tblAuftraege[Datum Ausgaben],">="&E$5,tblAuftraege[Datum Ausgaben],"<"&EDATE(E$5,1),tblAuftraege[Kategorie],"Dienstleistung") | F97: =SUMIFS(tblAuftraege[Kalk. Ausgaben],tblAuftraege[Datum Ausgaben],">="&F$5,tblAuftraege[Datum Ausgaben],"<"&EDATE(F$5,1),tblAuftraege[Kategorie],"Dienstleistung") | G97: =SUMIFS(tblAuftraege[Kalk. Ausgaben],tblAuftraege[Datum Ausgaben],">="&G$5,tblAuftraege[Datum Ausgaben],"<"&EDATE(G$5,1),tblAuftraege[Kategorie],"Dienstleistung") | H97: =SUMIFS(tblAuftraege[Kalk. Ausgaben],tblAuftraege[Datum Ausgaben],">="&H$5,tblAuftraege[Datum Ausgaben],"<"&EDATE(H$5,1),tblAuftraege[Kategorie],"Dienstleistung") | I97: =SUMIFS(tblAuftraege[Kalk. Ausgaben],tblAuftraege[Datum Ausgaben],">="&I$5,tblAuftraege[Datum Ausgaben],"<"&EDATE(I$5,1),tblAuftraege[Kategorie],"Dienstleistung") | J97: =SUMIFS(tblAuftraege[Kalk. Ausgaben],tblAuftraege[Datum Ausgaben],">="&J$5,tblAuftraege[Datum Ausgaben],"<"&EDATE(J$5,1),tblAuftraege[Kategorie],"Dienstleistung") | ... BD97: =SUMIFS(tblAuftraege[Kalk. Ausgaben],tblAuftraege[Datum Ausgaben],">="&BD$5,tblAuftraege[Datum Ausgaben],"<"&EDATE(BD$5,1),tblAuftraege[Kategorie],"Dienstleistung") | BE97: =SUM(C97:H97) | BF97: =SUM(I97:T97) | BG97: =SUM(U97:AF97) | BH97: =SUM(AG97:AR97) | BI97: =SUM(AS97:BD97) | BJ97: =SUM(C97:BD97)
B98: Lizenzen – Einnahmen | C98: =SUMIFS(tblAuftraege[Kalk. Einnahmen],tblAuftraege[Datum Einnahmen],">="&C$5,tblAuftraege[Datum Einnahmen],"<"&EDATE(C$5,1),tblAuftraege[Kategorie],"Lizenzen") | D98: =SUMIFS(tblAuftraege[Kalk. Einnahmen],tblAuftraege[Datum Einnahmen],">="&D$5,tblAuftraege[Datum Einnahmen],"<"&EDATE(D$5,1),tblAuftraege[Kategorie],"Lizenzen") | E98: =SUMIFS(tblAuftraege[Kalk. Einnahmen],tblAuftraege[Datum Einnahmen],">="&E$5,tblAuftraege[Datum Einnahmen],"<"&EDATE(E$5,1),tblAuftraege[Kategorie],"Lizenzen") | F98: =SUMIFS(tblAuftraege[Kalk. Einnahmen],tblAuftraege[Datum Einnahmen],">="&F$5,tblAuftraege[Datum Einnahmen],"<"&EDATE(F$5,1),tblAuftraege[Kategorie],"Lizenzen") | G98: =SUMIFS(tblAuftraege[Kalk. Einnahmen],tblAuftraege[Datum Einnahmen],">="&G$5,tblAuftraege[Datum Einnahmen],"<"&EDATE(G$5,1),tblAuftraege[Kategorie],"Lizenzen") | H98: =SUMIFS(tblAuftraege[Kalk. Einnahmen],tblAuftraege[Datum Einnahmen],">="&H$5,tblAuftraege[Datum Einnahmen],"<"&EDATE(H$5,1),tblAuftraege[Kategorie],"Lizenzen") | I98: =SUMIFS(tblAuftraege[Kalk. Einnahmen],tblAuftraege[Datum Einnahmen],">="&I$5,tblAuftraege[Datum Einnahmen],"<"&EDATE(I$5,1),tblAuftraege[Kategorie],"Lizenzen") | J98: =SUMIFS(tblAuftraege[Kalk. Einnahmen],tblAuftraege[Datum Einnahmen],">="&J$5,tblAuftraege[Datum Einnahmen],"<"&EDATE(J$5,1),tblAuftraege[Kategorie],"Lizenzen") | ... BD98: =SUMIFS(tblAuftraege[Kalk. Einnahmen],tblAuftraege[Datum Einnahmen],">="&BD$5,tblAuftraege[Datum Einnahmen],"<"&EDATE(BD$5,1),tblAuftraege[Kategorie],"Lizenzen") | BE98: =SUM(C98:H98) | BF98: =SUM(I98:T98) | BG98: =SUM(U98:AF98) | BH98: =SUM(AG98:AR98) | BI98: =SUM(AS98:BD98) | BJ98: =SUM(C98:BD98)
B99: Lizenzen – Ausgaben | C99: =SUMIFS(tblAuftraege[Kalk. Ausgaben],tblAuftraege[Datum Ausgaben],">="&C$5,tblAuftraege[Datum Ausgaben],"<"&EDATE(C$5,1),tblAuftraege[Kategorie],"Lizenzen") | D99: =SUMIFS(tblAuftraege[Kalk. Ausgaben],tblAuftraege[Datum Ausgaben],">="&D$5,tblAuftraege[Datum Ausgaben],"<"&EDATE(D$5,1),tblAuftraege[Kategorie],"Lizenzen") | E99: =SUMIFS(tblAuftraege[Kalk. Ausgaben],tblAuftraege[Datum Ausgaben],">="&E$5,tblAuftraege[Datum Ausgaben],"<"&EDATE(E$5,1),tblAuftraege[Kategorie],"Lizenzen") | F99: =SUMIFS(tblAuftraege[Kalk. Ausgaben],tblAuftraege[Datum Ausgaben],">="&F$5,tblAuftraege[Datum Ausgaben],"<"&EDATE(F$5,1),tblAuftraege[Kategorie],"Lizenzen") | G99: =SUMIFS(tblAuftraege[Kalk. Ausgaben],tblAuftraege[Datum Ausgaben],">="&G$5,tblAuftraege[Datum Ausgaben],"<"&EDATE(G$5,1),tblAuftraege[Kategorie],"Lizenzen") | H99: =SUMIFS(tblAuftraege[Kalk. Ausgaben],tblAuftraege[Datum Ausgaben],">="&H$5,tblAuftraege[Datum Ausgaben],"<"&EDATE(H$5,1),tblAuftraege[Kategorie],"Lizenzen") | I99: =SUMIFS(tblAuftraege[Kalk. Ausgaben],tblAuftraege[Datum Ausgaben],">="&I$5,tblAuftraege[Datum Ausgaben],"<"&EDATE(I$5,1),tblAuftraege[Kategorie],"Lizenzen") | J99: =SUMIFS(tblAuftraege[Kalk. Ausgaben],tblAuftraege[Datum Ausgaben],">="&J$5,tblAuftraege[Datum Ausgaben],"<"&EDATE(J$5,1),tblAuftraege[Kategorie],"Lizenzen") | ... BD99: =SUMIFS(tblAuftraege[Kalk. Ausgaben],tblAuftraege[Datum Ausgaben],">="&BD$5,tblAuftraege[Datum Ausgaben],"<"&EDATE(BD$5,1),tblAuftraege[Kategorie],"Lizenzen") | BE99: =SUM(C99:H99) | BF99: =SUM(I99:T99) | BG99: =SUM(U99:AF99) | BH99: =SUM(AG99:AR99) | BI99: =SUM(AS99:BD99) | BJ99: =SUM(C99:BD99)
B102: Legende
B103: Eingabezelle – nur Position und Kostenstelle werden hier gepflegt
B104: Automatisch aus dem Reiter „Aufträge“ berechnet – nicht überschreiben
B105: Ergebniszeile – automatisch berechnet
A106: Datenfluss: Aufträge → Cashflow → Übersicht. Alle Beträge werden ausschließlich im Reiter „Aufträge“ erfasst.
A107: Die Zuordnung erfolgt über die Kostenstelle in Spalte B: Der Eintrag muss mit der Kostenstelle im Reiter „Aufträge“ übereinstimmen. Nicht zugeordnete Aufträge erscheinen in Zeile 38 bzw. 72 und sind in den Summen trotzdem enthalten.
A108: Zeile 5 ist ausgeblendet und enthält die echten Monatsanfänge (Datumswerte), mit denen die SUMMEWENNS-Formeln die Monatsgrenzen bilden.
A109: Die Auftragswahrscheinlichkeit wird im Reiter „Aufträge“ nur gespeichert und nicht eingerechnet. Ein gewichteter Forecast lässt sich später über SUMMENPRODUKT bzw. eine zusätzliche Kennzahlenzeile ergänzen.

Sheet Aufträge
A1: Aufträge – zentrale Datenerfassung
A2: SmartInfra / IoT-Büro · DusL Plus Autostrom
A3: Jeder Auftrag bzw. finanzielle Vorgang wird hier einmalig erfasst. Der Reiter „Cashflow“ aggregiert daraus automatisch nach Monat.
A4: Datum Einnahmen und Datum Ausgaben sind unabhängig – ein Auftrag kann z. B. im September Ausgaben und erst im November Einnahmen haben. LLM = Lastmanagement.
B6: Themenfeld | C6: Kostenstelle | D6: Kategorie | E6: Auftrag | F6: Datum Ausgaben | G6: Ausgaben | H6: Datum Einnahmen | I6: Einnahmen | J6: Auftrags- wahrscheinlichkeit | K6: Bemerkung | L6: Kalk. Ausgaben | M6: Kalk. Einnahmen
B7: EDM | C7: 85309000 - Bereichskostenstelle EDM | D7: Hardware + Dienstleistung | E7: Installation - Niendorfer TSV | G7: 2551.74 | I7: 11392.81 | J7: 0.25 | L7: =tblAuftraege[[#This Row],[Ausgaben]]*tblAuftraege[[#This Row],[Auftrags- wahrscheinlichkeit]] | M7: =tblAuftraege[[#This Row],[Einnahmen]]*tblAuftraege[[#This Row],[Auftrags- wahrscheinlichkeit]]
B8: EDM | C8: 85309000 - Bereichskostenstelle EDM | D8: Hardware + Dienstleistung | E8: Installation - Stiftung Mensch | G8: 5327.69 | I8: 17939.49 | J8: 0.5 | L8: =tblAuftraege[[#This Row],[Ausgaben]]*tblAuftraege[[#This Row],[Auftrags- wahrscheinlichkeit]] | M8: =tblAuftraege[[#This Row],[Einnahmen]]*tblAuftraege[[#This Row],[Auftrags- wahrscheinlichkeit]]
B9: EDM | C9: 85309000 - Bereichskostenstelle EDM | D9: Lizenzen | E9: EDM Lizenzen 2027 - Q1 | J9: 1 | L9: =tblAuftraege[[#This Row],[Ausgaben]]*tblAuftraege[[#This Row],[Auftrags- wahrscheinlichkeit]] | M9: =tblAuftraege[[#This Row],[Einnahmen]]*tblAuftraege[[#This Row],[Auftrags- wahrscheinlichkeit]]
B10: EDM | C10: 87002004 - Statdwerke Neustadt | D10: Dienstleistung | E10: EDM Jacob Lienau Schule Begehung | H10: 46295 | I10: 600 | J10: 0.7 | K10: Angebot gestellt | L10: =tblAuftraege[[#This Row],[Ausgaben]]*tblAuftraege[[#This Row],[Auftrags- wahrscheinlichkeit]] | M10: =tblAuftraege[[#This Row],[Einnahmen]]*tblAuftraege[[#This Row],[Auftrags- wahrscheinlichkeit]]
B11: EDM | C11: 87004001 - Dataport | D11: Hardware | E11: DeZem Übernahme Hardware | I11: 31807.45 | J11: 1 | L11: =tblAuftraege[[#This Row],[Ausgaben]]*tblAuftraege[[#This Row],[Auftrags- wahrscheinlichkeit]] | M11: =tblAuftraege[[#This Row],[Einnahmen]]*tblAuftraege[[#This Row],[Auftrags- wahrscheinlichkeit]]
B12: EDM | C12: 87004001 - Dataport | D12: Hardware + Dienstleistung | E12: Avacon Lüneburg Installation | F12: 46280 | G12: 5400 | H12: 46341 | I12: 15594.65 | J12: 0.75 | K12: Angebot gestellt | L12: =tblAuftraege[[#This Row],[Ausgaben]]*tblAuftraege[[#This Row],[Auftrags- wahrscheinlichkeit]] | M12: =tblAuftraege[[#This Row],[Einnahmen]]*tblAuftraege[[#This Row],[Auftrags- wahrscheinlichkeit]]
B13: EDM | C13: 87004001 - Dataport | D13: Hardware + Dienstleistung | E13: Dataport Dezem Übernahme - Hardware Lieferung | H13: 46310 | I13: 60000 | J13: 1 | K13: Test | L13: =tblAuftraege[[#This Row],[Ausgaben]]*tblAuftraege[[#This Row],[Auftrags- wahrscheinlichkeit]] | M13: =tblAuftraege[[#This Row],[Einnahmen]]*tblAuftraege[[#This Row],[Auftrags- wahrscheinlichkeit]]
B14: EDM | C14: 87004001 - Dataport | D14: Hardware + Dienstleistung | E14: DeZem Übernahme Betriebskosten Pro Jahr | I14: 29760 | J14: 1 | L14: =tblAuftraege[[#This Row],[Ausgaben]]*tblAuftraege[[#This Row],[Auftrags- wahrscheinlichkeit]] | M14: =tblAuftraege[[#This Row],[Einnahmen]]*tblAuftraege[[#This Row],[Auftrags- wahrscheinlichkeit]]
B15: EDM | C15: 87004001 - Dataport | D15: Dienstleistung | E15: DeZem Projektdurchführung | I15: 27750 | J15: 1 | L15: =tblAuftraege[[#This Row],[Ausgaben]]*tblAuftraege[[#This Row],[Auftrags- wahrscheinlichkeit]] | M15: =tblAuftraege[[#This Row],[Einnahmen]]*tblAuftraege[[#This Row],[Auftrags- wahrscheinlichkeit]]
B16: EDM | C16: 87004001 - Dataport | D16: Dienstleistung | E16: DeZem Serviceeineinsätze | I16: 14970 | J16: 0 | K16: Verläuft eigentlich übers gesamte Jahr | L16: =tblAuftraege[[#This Row],[Ausgaben]]*tblAuftraege[[#This Row],[Auftrags- wahrscheinlichkeit]] | M16: =tblAuftraege[[#This Row],[Einnahmen]]*tblAuftraege[[#This Row],[Auftrags- wahrscheinlichkeit]]
B17: EDM | C17: 87004001 - Dataport | D17: Dienstleistung | E17: DeZem Serviceeineinsätze 2027 Q1 | J17: 1 | K17: 7 Stk | L17: =tblAuftraege[[#This Row],[Ausgaben]]*tblAuftraege[[#This Row],[Auftrags- wahrscheinlichkeit]] | M17: =tblAuftraege[[#This Row],[Einnahmen]]*tblAuftraege[[#This Row],[Auftrags- wahrscheinlichkeit]]
B18: EDM | C18: 87004001 - Dataport | D18: Dienstleistung | E18: DeZem Serviceeineinsätze 2027 Q2 | J18: 1 | K18: 8 Stk | L18: =tblAuftraege[[#This Row],[Ausgaben]]*tblAuftraege[[#This Row],[Auftrags- wahrscheinlichkeit]] | M18: =tblAuftraege[[#This Row],[Einnahmen]]*tblAuftraege[[#This Row],[Auftrags- wahrscheinlichkeit]]
B19: EDM | C19: 87004001 - Dataport | D19: Dienstleistung | E19: DeZem Serviceeineinsätze 2027 Q3 | J19: 1 | K19: 8 Stk | L19: =tblAuftraege[[#This Row],[Ausgaben]]*tblAuftraege[[#This Row],[Auftrags- wahrscheinlichkeit]] | M19: =tblAuftraege[[#This Row],[Einnahmen]]*tblAuftraege[[#This Row],[Auftrags- wahrscheinlichkeit]]
B20: EDM | C20: 87004001 - Dataport | D20: Dienstleistung | E20: DeZem Serviceeineinsätze 2027 Q4 | J20: 1 | K20: 7 Stk | L20: =tblAuftraege[[#This Row],[Ausgaben]]*tblAuftraege[[#This Row],[Auftrags- wahrscheinlichkeit]] | M20: =tblAuftraege[[#This Row],[Einnahmen]]*tblAuftraege[[#This Row],[Auftrags- wahrscheinlichkeit]]
B21: EDM | C21: 87004001 - Dataport | D21: Dienstleistung | E21: DeZem Übernahme Einmalkosten Interationsleistungen | I21: 29750 | J21: 1 | L21: =tblAuftraege[[#This Row],[Ausgaben]]*tblAuftraege[[#This Row],[Auftrags- wahrscheinlichkeit]] | M21: =tblAuftraege[[#This Row],[Einnahmen]]*tblAuftraege[[#This Row],[Auftrags- wahrscheinlichkeit]]
B22: EDM | C22: 87004001 - Dataport | D22: Dienstleistung | E22: DeZem Übernahme Projektnachweiß | I22: 9750 | J22: 1 | L22: =tblAuftraege[[#This Row],[Ausgaben]]*tblAuftraege[[#This Row],[Auftrags- wahrscheinlichkeit]] | M22: =tblAuftraege[[#This Row],[Einnahmen]]*tblAuftraege[[#This Row],[Auftrags- wahrscheinlichkeit]]
B23: EDM | C23: 87004001 - Dataport | D23: Lizenzen | E23: DeZem Übernahme Plattformnutzung 2027 | F23: 46402 | G23: 5000 | H23: 46433 | I23: 6590.1 | J23: 1 | L23: =tblAuftraege[[#This Row],[Ausgaben]]*tblAuftraege[[#This Row],[Auftrags- wahrscheinlichkeit]] | M23: =tblAuftraege[[#This Row],[Einnahmen]]*tblAuftraege[[#This Row],[Auftrags- wahrscheinlichkeit]]
B24: EDM | C24: 87105002 - eWerk Sachsenwald | D24: Hardware + Dienstleistung | E24: EDM e-werk Sachsenwald gmbH_Barsbüttel | I24: 13996.4 | J24: 1 | K24: Ausgaben fehlen | L24: =tblAuftraege[[#This Row],[Ausgaben]]*tblAuftraege[[#This Row],[Auftrags- wahrscheinlichkeit]] | M24: =tblAuftraege[[#This Row],[Einnahmen]]*tblAuftraege[[#This Row],[Auftrags- wahrscheinlichkeit]]
B25: EDM | C25: 87105002 - eWerk Sachsenwald | D25: Hardware + Dienstleistung | E25: Kita Gerberstr 36a eWerk Sachsenwald | I25: 17133.62 | J25: 1 | K25: Ausgaben fehlen | L25: =tblAuftraege[[#This Row],[Ausgaben]]*tblAuftraege[[#This Row],[Auftrags- wahrscheinlichkeit]] | M25: =tblAuftraege[[#This Row],[Einnahmen]]*tblAuftraege[[#This Row],[Auftrags- wahrscheinlichkeit]]
B26: EDM | C26: 87105004 - HanseWerk Natur | D26: Dienstleistung | E26: Strategie Workshop | I26: 620 | J26: 0.2 | L26: =tblAuftraege[[#This Row],[Ausgaben]]*tblAuftraege[[#This Row],[Auftrags- wahrscheinlichkeit]] | M26: =tblAuftraege[[#This Row],[Einnahmen]]*tblAuftraege[[#This Row],[Auftrags- wahrscheinlichkeit]]
B27: Parking | C27: 87004006 - Autostrom LKW | D27: Hardware + Dienstleistung | E27: Errichtungspauschale Standort 01 | F27: 46440 | G27: =tblAuftraege[[#This Row],[Einnahmen]]/1.299 | H27: 46583 | I27: 83828.4 | J27: 1 | L27: =tblAuftraege[[#This Row],[Ausgaben]]*tblAuftraege[[#This Row],[Auftrags- wahrscheinlichkeit]] | M27: =tblAuftraege[[#This Row],[Einnahmen]]*tblAuftraege[[#This Row],[Auftrags- wahrscheinlichkeit]]
B28: Parking | C28: 87004006 - Autostrom LKW | D28: Hardware + Dienstleistung | E28: Errichtungspauschale Standort 02 | F28: 46517 | G28: 163443.6 | H28: =tblAuftraege[[#This Row],[Datum Ausgaben]]+112 | I28: 222875.03 | J28: 1 | L28: =tblAuftraege[[#This Row],[Ausgaben]]*tblAuftraege[[#This Row],[Auftrags- wahrscheinlichkeit]] | M28: =tblAuftraege[[#This Row],[Einnahmen]]*tblAuftraege[[#This Row],[Auftrags- wahrscheinlichkeit]]
B29: Parking | C29: 87004006 - Autostrom LKW | D29: Hardware + Dienstleistung | E29: Errichtungspauschale Standort 03 | F29: 46608 | G29: 149917.66 | H29: =tblAuftraege[[#This Row],[Datum Ausgaben]]+112 | I29: 205494.2 | J29: 1 | L29: =tblAuftraege[[#This Row],[Ausgaben]]*tblAuftraege[[#This Row],[Auftrags- wahrscheinlichkeit]] | M29: =tblAuftraege[[#This Row],[Einnahmen]]*tblAuftraege[[#This Row],[Auftrags- wahrscheinlichkeit]]
B30: Parking | C30: 87004006 - Autostrom LKW | D30: Hardware + Dienstleistung | E30: Errichtungspauschale Standort 04 | F30: 46622 | G30: 41710.17 | H30: =tblAuftraege[[#This Row],[Datum Ausgaben]]+112 | I30: 66447.57 | J30: 1 | L30: =tblAuftraege[[#This Row],[Ausgaben]]*tblAuftraege[[#This Row],[Auftrags- wahrscheinlichkeit]] | M30: =tblAuftraege[[#This Row],[Einnahmen]]*tblAuftraege[[#This Row],[Auftrags- wahrscheinlichkeit]]
B31: Parking | C31: 87004006 - Autostrom LKW | D31: Hardware + Dienstleistung | E31: Errichtungspauschale Standort 05 | F31: 46650 | G31: 109339.85 | H31: =tblAuftraege[[#This Row],[Datum Ausgaben]]+112 | I31: 153351.72 | J31: 1 | L31: =tblAuftraege[[#This Row],[Ausgaben]]*tblAuftraege[[#This Row],[Auftrags- wahrscheinlichkeit]] | M31: =tblAuftraege[[#This Row],[Einnahmen]]*tblAuftraege[[#This Row],[Auftrags- wahrscheinlichkeit]]
B32: Parking | C32: 87004006 - Autostrom LKW | D32: Hardware + Dienstleistung | E32: Errichtungspauschale Standort 06 | F32: 46664 | G32: 68762.04 | H32: =tblAuftraege[[#This Row],[Datum Ausgaben]]+112 | I32: 101209.23 | J32: 1 | L32: =tblAuftraege[[#This Row],[Ausgaben]]*tblAuftraege[[#This Row],[Auftrags- wahrscheinlichkeit]] | M32: =tblAuftraege[[#This Row],[Einnahmen]]*tblAuftraege[[#This Row],[Auftrags- wahrscheinlichkeit]]
B33: Parking | C33: 87004006 - Autostrom LKW | D33: Hardware + Dienstleistung | E33: Errichtungspauschale Standort 07 | F33: 46797 | G33: 68762.04 | H33: =tblAuftraege[[#This Row],[Datum Ausgaben]]+112 | I33: 101209.23 | J33: 1 | L33: =tblAuftraege[[#This Row],[Ausgaben]]*tblAuftraege[[#This Row],[Auftrags- wahrscheinlichkeit]] | M33: =tblAuftraege[[#This Row],[Einnahmen]]*tblAuftraege[[#This Row],[Auftrags- wahrscheinlichkeit]]
B34: Parking | C34: 87004006 - Autostrom LKW | D34: Hardware + Dienstleistung | E34: Errichtungspauschale Standort 08 | F34: 46811 | G34: =tblAuftraege[[#This Row],[Einnahmen]]/1.299 | H34: =tblAuftraege[[#This Row],[Datum Ausgaben]]+112 | I34: 66447.57 | J34: 1 | L34: =tblAuftraege[[#This Row],[Ausgaben]]*tblAuftraege[[#This Row],[Auftrags- wahrscheinlichkeit]] | M34: =tblAuftraege[[#This Row],[Einnahmen]]*tblAuftraege[[#This Row],[Auftrags- wahrscheinlichkeit]]
B35: Parking | C35: 87004006 - Autostrom LKW | D35: Hardware + Dienstleistung | E35: Errichtungspauschale Standort 09 | F35: 46818 | G35: =tblAuftraege[[#This Row],[Einnahmen]]/1.299 | H35: =tblAuftraege[[#This Row],[Datum Ausgaben]]+112 | I35: 66447.57 | J35: 1 | L35: =tblAuftraege[[#This Row],[Ausgaben]]*tblAuftraege[[#This Row],[Auftrags- wahrscheinlichkeit]] | M35: =tblAuftraege[[#This Row],[Einnahmen]]*tblAuftraege[[#This Row],[Auftrags- wahrscheinlichkeit]]
B36: Parking | C36: 87004006 - Autostrom LKW | D36: Hardware + Dienstleistung | E36: Errichtungspauschale Standort 10 | F36: 46881 | G36: =tblAuftraege[[#This Row],[Einnahmen]]/1.299 | H36: =tblAuftraege[[#This Row],[Datum Ausgaben]]+112 | I36: 188113.37 | J36: 1 | L36: =tblAuftraege[[#This Row],[Ausgaben]]*tblAuftraege[[#This Row],[Auftrags- wahrscheinlichkeit]] | M36: =tblAuftraege[[#This Row],[Einnahmen]]*tblAuftraege[[#This Row],[Auftrags- wahrscheinlichkeit]]
B37: Parking | C37: 87004006 - Autostrom LKW | D37: Hardware + Dienstleistung | E37: Errichtungspauschale Standort 11 | F37: 46888 | G37: =tblAuftraege[[#This Row],[Einnahmen]]/1.299 | H37: =tblAuftraege[[#This Row],[Datum Ausgaben]]+112 | I37: 66447.57 | J37: 1 | L37: =tblAuftraege[[#This Row],[Ausgaben]]*tblAuftraege[[#This Row],[Auftrags- wahrscheinlichkeit]] | M37: =tblAuftraege[[#This Row],[Einnahmen]]*tblAuftraege[[#This Row],[Auftrags- wahrscheinlichkeit]]
B38: Parking | C38: 87004006 - Autostrom LKW | D38: Hardware + Dienstleistung | E38: Errichtungspauschale Standort 12 | F38: 47126 | G38: =tblAuftraege[[#This Row],[Einnahmen]]/1.299 | H38: =tblAuftraege[[#This Row],[Datum Ausgaben]]+112 | I38: 118590.06 | J38: 1 | L38: =tblAuftraege[[#This Row],[Ausgaben]]*tblAuftraege[[#This Row],[Auftrags- wahrscheinlichkeit]] | M38: =tblAuftraege[[#This Row],[Einnahmen]]*tblAuftraege[[#This Row],[Auftrags- wahrscheinlichkeit]]
B39: Parking | C39: 87004006 - Autostrom LKW | D39: Hardware + Dienstleistung | E39: Errichtungspauschale Standort 13 | F39: 47196 | G39: =tblAuftraege[[#This Row],[Einnahmen]]/1.299 | H39: =tblAuftraege[[#This Row],[Datum Ausgaben]]+112 | I39: 101209.23 | J39: 1 | L39: =tblAuftraege[[#This Row],[Ausgaben]]*tblAuftraege[[#This Row],[Auftrags- wahrscheinlichkeit]] | M39: =tblAuftraege[[#This Row],[Einnahmen]]*tblAuftraege[[#This Row],[Auftrags- wahrscheinlichkeit]]
B40: Parking | C40: 87004006 - Autostrom LKW | D40: Hardware + Dienstleistung | E40: Errichtungspauschale Standort 14 | F40: 47315 | G40: 163443.6 | H40: =tblAuftraege[[#This Row],[Datum Ausgaben]]+112 | I40: 222875.03 | J40: 1 | L40: =tblAuftraege[[#This Row],[Ausgaben]]*tblAuftraege[[#This Row],[Auftrags- wahrscheinlichkeit]] | M40: =tblAuftraege[[#This Row],[Einnahmen]]*tblAuftraege[[#This Row],[Auftrags- wahrscheinlichkeit]]
B41: Parking | C41: 87004006 - Autostrom LKW | D41: Hardware + Dienstleistung | E41: Errichtungspauschale Standort 15 | F41: 47196 | G41: =tblAuftraege[[#This Row],[Einnahmen]]/1.299 | H41: =tblAuftraege[[#This Row],[Datum Ausgaben]]+112 | I41: 66447.57 | J41: 1 | L41: =tblAuftraege[[#This Row],[Ausgaben]]*tblAuftraege[[#This Row],[Auftrags- wahrscheinlichkeit]] | M41: =tblAuftraege[[#This Row],[Einnahmen]]*tblAuftraege[[#This Row],[Auftrags- wahrscheinlichkeit]]
B42: Parking | C42: 87004006 - Autostrom LKW | D42: Hardware + Dienstleistung | E42: Errichtungspauschale Standort 16 | F42: 47357 | G42: =tblAuftraege[[#This Row],[Einnahmen]]/1.299 | H42: =tblAuftraege[[#This Row],[Datum Ausgaben]]+112 | I42: 83828.4 | J42: 1 | L42: =tblAuftraege[[#This Row],[Ausgaben]]*tblAuftraege[[#This Row],[Auftrags- wahrscheinlichkeit]] | M42: =tblAuftraege[[#This Row],[Einnahmen]]*tblAuftraege[[#This Row],[Auftrags- wahrscheinlichkeit]]
B43: Parking | C43: 87004006 - Autostrom LKW | D43: Hardware + Dienstleistung | E43: Errichtungspauschale Standort 17 | F43: 47546 | G43: =tblAuftraege[[#This Row],[Einnahmen]]/1.299 | H43: =tblAuftraege[[#This Row],[Datum Ausgaben]]+112 | I43: 83828.4 | J43: 1 | L43: =tblAuftraege[[#This Row],[Ausgaben]]*tblAuftraege[[#This Row],[Auftrags- wahrscheinlichkeit]] | M43: =tblAuftraege[[#This Row],[Einnahmen]]*tblAuftraege[[#This Row],[Auftrags- wahrscheinlichkeit]]
B44: Parking | C44: 87004006 - Autostrom LKW | D44: Hardware + Dienstleistung | E44: Errichtungspauschale Standort 18 | F44: 47546 | G44: =tblAuftraege[[#This Row],[Einnahmen]]/1.299 | H44: =tblAuftraege[[#This Row],[Datum Ausgaben]]+112 | I44: 222875.03 | J44: 1 | L44: =tblAuftraege[[#This Row],[Ausgaben]]*tblAuftraege[[#This Row],[Auftrags- wahrscheinlichkeit]] | M44: =tblAuftraege[[#This Row],[Einnahmen]]*tblAuftraege[[#This Row],[Auftrags- wahrscheinlichkeit]]
B45: Parking | C45: 87004006 - Autostrom LKW | D45: Hardware + Dienstleistung | E45: Errichtungspauschale Standort 19 | F45: 47567 | G45: =tblAuftraege[[#This Row],[Einnahmen]]/1.299 | H45: =tblAuftraege[[#This Row],[Datum Ausgaben]]+112 | I45: 101209.23 | J45: 1 | L45: =tblAuftraege[[#This Row],[Ausgaben]]*tblAuftraege[[#This Row],[Auftrags- wahrscheinlichkeit]] | M45: =tblAuftraege[[#This Row],[Einnahmen]]*tblAuftraege[[#This Row],[Auftrags- wahrscheinlichkeit]]
B46: Parking | C46: 87004006 - Autostrom LKW | D46: Hardware + Dienstleistung | E46: Errichtungspauschale Standort 20 | F46: 47588 | G46: =tblAuftraege[[#This Row],[Einnahmen]]/1.299 | H46: =tblAuftraege[[#This Row],[Datum Ausgaben]]+112 | I46: 101209.23 | J46: 1 | L46: =tblAuftraege[[#This Row],[Ausgaben]]*tblAuftraege[[#This Row],[Auftrags- wahrscheinlichkeit]] | M46: =tblAuftraege[[#This Row],[Einnahmen]]*tblAuftraege[[#This Row],[Auftrags- wahrscheinlichkeit]]
B47: Parking | C47: 87004006 - Autostrom LKW | D47: Hardware + Dienstleistung | E47: Errichtungspauschale Standort 21 | F47: 47588 | G47: =tblAuftraege[[#This Row],[Einnahmen]]/1.299 | H47: =tblAuftraege[[#This Row],[Datum Ausgaben]]+112 | I47: 118590.06 | J47: 1 | L47: =tblAuftraege[[#This Row],[Ausgaben]]*tblAuftraege[[#This Row],[Auftrags- wahrscheinlichkeit]] | M47: =tblAuftraege[[#This Row],[Einnahmen]]*tblAuftraege[[#This Row],[Auftrags- wahrscheinlichkeit]]
B48: Parking | C48: 87004006 - Autostrom LKW | D48: Hardware + Dienstleistung | E48: Errichtungspauschale Standort 22 | F48: 47588 | G48: =tblAuftraege[[#This Row],[Einnahmen]]/1.299 | H48: =tblAuftraege[[#This Row],[Datum Ausgaben]]+112 | I48: 135970.89 | J48: 1 | L48: =tblAuftraege[[#This Row],[Ausgaben]]*tblAuftraege[[#This Row],[Auftrags- wahrscheinlichkeit]] | M48: =tblAuftraege[[#This Row],[Einnahmen]]*tblAuftraege[[#This Row],[Auftrags- wahrscheinlichkeit]]
B49: Parking | C49: 87004006 - Autostrom LKW | D49: Hardware + Dienstleistung | E49: Errichtungspauschale Standort 23 | F49: 47721 | G49: =tblAuftraege[[#This Row],[Einnahmen]]/1.299 | H49: =tblAuftraege[[#This Row],[Datum Ausgaben]]+112 | I49: 170732.54 | J49: 1 | L49: =tblAuftraege[[#This Row],[Ausgaben]]*tblAuftraege[[#This Row],[Auftrags- wahrscheinlichkeit]] | M49: =tblAuftraege[[#This Row],[Einnahmen]]*tblAuftraege[[#This Row],[Auftrags- wahrscheinlichkeit]]
B50: Parking | C50: 87004006 - Autostrom LKW | D50: Hardware + Dienstleistung | E50: Errichtungspauschale Standort 24 | F50: 47721 | G50: =tblAuftraege[[#This Row],[Einnahmen]]/1.299 | H50: =tblAuftraege[[#This Row],[Datum Ausgaben]]+112 | I50: 66447.57 | J50: 1 | L50: =tblAuftraege[[#This Row],[Ausgaben]]*tblAuftraege[[#This Row],[Auftrags- wahrscheinlichkeit]] | M50: =tblAuftraege[[#This Row],[Einnahmen]]*tblAuftraege[[#This Row],[Auftrags- wahrscheinlichkeit]]
B51: Parking | C51: 87004006 - Autostrom LKW | D51: Dienstleistung | E51: Planungspauschale Standort 01 | F51: 46402 | G51: =1115.5+46560 | H51: 46440 | I51: 11267.28 | J51: 1 | L51: =tblAuftraege[[#This Row],[Ausgaben]]*tblAuftraege[[#This Row],[Auftrags- wahrscheinlichkeit]] | M51: =tblAuftraege[[#This Row],[Einnahmen]]*tblAuftraege[[#This Row],[Auftrags- wahrscheinlichkeit]]
B52: Parking | C52: 87004006 - Autostrom LKW | D52: Dienstleistung | E52: Planungspauschale Standort 02 | F52: =tblAuftraege[[#This Row],[Datum Einnahmen]]-84 | G52: 1115.5 | H52: 46517 | I52: 11267.28 | J52: 1 | L52: =tblAuftraege[[#This Row],[Ausgaben]]*tblAuftraege[[#This Row],[Auftrags- wahrscheinlichkeit]] | M52: =tblAuftraege[[#This Row],[Einnahmen]]*tblAuftraege[[#This Row],[Auftrags- wahrscheinlichkeit]]
B53: Parking | C53: 87004006 - Autostrom LKW | D53: Dienstleistung | E53: Planungspauschale Standort 03 | F53: =tblAuftraege[[#This Row],[Datum Einnahmen]]-84 | G53: 1115.5 | H53: 46608 | I53: 11267.28 | J53: 1 | L53: =tblAuftraege[[#This Row],[Ausgaben]]*tblAuftraege[[#This Row],[Auftrags- wahrscheinlichkeit]] | M53: =tblAuftraege[[#This Row],[Einnahmen]]*tblAuftraege[[#This Row],[Auftrags- wahrscheinlichkeit]]
B54: Parking | C54: 87004006 - Autostrom LKW | D54: Dienstleistung | E54: Planungspauschale Standort 04 | F54: =tblAuftraege[[#This Row],[Datum Einnahmen]]-84 | G54: 1115.5 | H54: 46622 | I54: 11267.28 | J54: 1 | L54: =tblAuftraege[[#This Row],[Ausgaben]]*tblAuftraege[[#This Row],[Auftrags- wahrscheinlichkeit]] | M54: =tblAuftraege[[#This Row],[Einnahmen]]*tblAuftraege[[#This Row],[Auftrags- wahrscheinlichkeit]]
B55: Parking | C55: 87004006 - Autostrom LKW | D55: Dienstleistung | E55: Planungspauschale Standort 05 | F55: =tblAuftraege[[#This Row],[Datum Einnahmen]]-84 | G55: 1115.5 | H55: 46650 | I55: 11267.28 | J55: 1 | L55: =tblAuftraege[[#This Row],[Ausgaben]]*tblAuftraege[[#This Row],[Auftrags- wahrscheinlichkeit]] | M55: =tblAuftraege[[#This Row],[Einnahmen]]*tblAuftraege[[#This Row],[Auftrags- wahrscheinlichkeit]]
B56: Parking | C56: 87004006 - Autostrom LKW | D56: Dienstleistung | E56: Planungspauschale Standort 06 | F56: =tblAuftraege[[#This Row],[Datum Einnahmen]]-84 | G56: 1115.5 | H56: 46664 | I56: 11267.28 | J56: 1 | L56: =tblAuftraege[[#This Row],[Ausgaben]]*tblAuftraege[[#This Row],[Auftrags- wahrscheinlichkeit]] | M56: =tblAuftraege[[#This Row],[Einnahmen]]*tblAuftraege[[#This Row],[Auftrags- wahrscheinlichkeit]]
B57: Parking | C57: 87004006 - Autostrom LKW | D57: Dienstleistung | E57: Planungspauschale Standort 07 | F57: =tblAuftraege[[#This Row],[Datum Einnahmen]]-84 | G57: 1115.5 | H57: 46797 | I57: 11267.28 | J57: 1 | L57: =tblAuftraege[[#This Row],[Ausgaben]]*tblAuftraege[[#This Row],[Auftrags- wahrscheinlichkeit]] | M57: =tblAuftraege[[#This Row],[Einnahmen]]*tblAuftraege[[#This Row],[Auftrags- wahrscheinlichkeit]]
B58: Parking | C58: 87004006 - Autostrom LKW | D58: Dienstleistung | E58: Planungspauschale Standort 08 | F58: =tblAuftraege[[#This Row],[Datum Einnahmen]]-84 | G58: 1115.5 | H58: 46811 | I58: 11267.28 | J58: 1 | L58: =tblAuftraege[[#This Row],[Ausgaben]]*tblAuftraege[[#This Row],[Auftrags- wahrscheinlichkeit]] | M58: =tblAuftraege[[#This Row],[Einnahmen]]*tblAuftraege[[#This Row],[Auftrags- wahrscheinlichkeit]]
B59: Parking | C59: 87004006 - Autostrom LKW | D59: Dienstleistung | E59: Planungspauschale Standort 09 | F59: =tblAuftraege[[#This Row],[Datum Einnahmen]]-84 | G59: 1115.5 | H59: 46818 | I59: 11267.28 | J59: 1 | L59: =tblAuftraege[[#This Row],[Ausgaben]]*tblAuftraege[[#This Row],[Auftrags- wahrscheinlichkeit]] | M59: =tblAuftraege[[#This Row],[Einnahmen]]*tblAuftraege[[#This Row],[Auftrags- wahrscheinlichkeit]]
B60: Parking | C60: 87004006 - Autostrom LKW | D60: Dienstleistung | E60: Planungspauschale Standort 10 | F60: =tblAuftraege[[#This Row],[Datum Einnahmen]]-84 | G60: 1115.5 | H60: 46881 | I60: 11267.28 | J60: 1 | L60: =tblAuftraege[[#This Row],[Ausgaben]]*tblAuftraege[[#This Row],[Auftrags- wahrscheinlichkeit]] | M60: =tblAuftraege[[#This Row],[Einnahmen]]*tblAuftraege[[#This Row],[Auftrags- wahrscheinlichkeit]]
B61: Parking | C61: 87004006 - Autostrom LKW | D61: Dienstleistung | E61: Planungspauschale Standort 11 | F61: =tblAuftraege[[#This Row],[Datum Einnahmen]]-84 | G61: 1115.5 | H61: 46888 | I61: 11267.28 | J61: 1 | L61: =tblAuftraege[[#This Row],[Ausgaben]]*tblAuftraege[[#This Row],[Auftrags- wahrscheinlichkeit]] | M61: =tblAuftraege[[#This Row],[Einnahmen]]*tblAuftraege[[#This Row],[Auftrags- wahrscheinlichkeit]]
B62: Parking | C62: 87004006 - Autostrom LKW | D62: Dienstleistung | E62: Planungspauschale Standort 12 | F62: =tblAuftraege[[#This Row],[Datum Einnahmen]]-84 | G62: 1115.5 | H62: 47126 | I62: 11267.28 | J62: 1 | L62: =tblAuftraege[[#This Row],[Ausgaben]]*tblAuftraege[[#This Row],[Auftrags- wahrscheinlichkeit]] | M62: =tblAuftraege[[#This Row],[Einnahmen]]*tblAuftraege[[#This Row],[Auftrags- wahrscheinlichkeit]]
B63: Parking | C63: 87004006 - Autostrom LKW | D63: Dienstleistung | E63: Planungspauschale Standort 13 | F63: =tblAuftraege[[#This Row],[Datum Einnahmen]]-84 | G63: 1115.5 | H63: 47196 | I63: 11267.28 | J63: 1 | L63: =tblAuftraege[[#This Row],[Ausgaben]]*tblAuftraege[[#This Row],[Auftrags- wahrscheinlichkeit]] | M63: =tblAuftraege[[#This Row],[Einnahmen]]*tblAuftraege[[#This Row],[Auftrags- wahrscheinlichkeit]]
... B74: Parking | C74: 87004006 - Autostrom LKW | D74: Dienstleistung | E74: Planungspauschale Standort 24 | F74: =tblAuftraege[[#This Row],[Datum Einnahmen]]-84 | G74: 1115.5 | H74: 47721 | I74: 11267.28 | J74: 1 | L74: =tblAuftraege[[#This Row],[Ausgaben]]*tblAuftraege[[#This Row],[Auftrags- wahrscheinlichkeit]] | M74: =tblAuftraege[[#This Row],[Einnahmen]]*tblAuftraege[[#This Row],[Auftrags- wahrscheinlichkeit]]
B75: Parking | C75: 87004006 - Autostrom LKW | D75: Lizenzen | E75: Betreibersentgeld Standort 01 - Q2 2027 | F75: 46522 | G75: 3750 | H75: 46583 | I75: =1748.52*3 | J75: 1 | L75: =tblAuftraege[[#This Row],[Ausgaben]]*tblAuftraege[[#This Row],[Auftrags- wahrscheinlichkeit]] | M75: =tblAuftraege[[#This Row],[Einnahmen]]*tblAuftraege[[#This Row],[Auftrags- wahrscheinlichkeit]]
B76: Parking | C76: 87004006 - Autostrom LKW | D76: Lizenzen | E76: Betreibersentgeld Standort 02 | J76: 1 | L76: =tblAuftraege[[#This Row],[Ausgaben]]*tblAuftraege[[#This Row],[Auftrags- wahrscheinlichkeit]] | M76: =tblAuftraege[[#This Row],[Einnahmen]]*tblAuftraege[[#This Row],[Auftrags- wahrscheinlichkeit]]
B77: Parking | C77: 87004006 - Autostrom LKW | D77: Lizenzen | E77: Betreibersentgeld Standort 03 | J77: 1 | L77: =tblAuftraege[[#This Row],[Ausgaben]]*tblAuftraege[[#This Row],[Auftrags- wahrscheinlichkeit]] | M77: =tblAuftraege[[#This Row],[Einnahmen]]*tblAuftraege[[#This Row],[Auftrags- wahrscheinlichkeit]]
B78: Parking | C78: 87004006 - Autostrom LKW | D78: Lizenzen | E78: Betreibersentgeld Standort 04 | J78: 1 | L78: =tblAuftraege[[#This Row],[Ausgaben]]*tblAuftraege[[#This Row],[Auftrags- wahrscheinlichkeit]] | M78: =tblAuftraege[[#This Row],[Einnahmen]]*tblAuftraege[[#This Row],[Auftrags- wahrscheinlichkeit]]
B79: Parking | C79: 87004006 - Autostrom LKW | D79: Lizenzen | E79: Betreibersentgeld Standort 05 | J79: 1 | L79: =tblAuftraege[[#This Row],[Ausgaben]]*tblAuftraege[[#This Row],[Auftrags- wahrscheinlichkeit]] | M79: =tblAuftraege[[#This Row],[Einnahmen]]*tblAuftraege[[#This Row],[Auftrags- wahrscheinlichkeit]]
B80: Parking | C80: 87004006 - Autostrom LKW | D80: Lizenzen | E80: Betreibersentgeld Standort 06 | J80: 1 | L80: =tblAuftraege[[#This Row],[Ausgaben]]*tblAuftraege[[#This Row],[Auftrags- wahrscheinlichkeit]] | M80: =tblAuftraege[[#This Row],[Einnahmen]]*tblAuftraege[[#This Row],[Auftrags- wahrscheinlichkeit]]
B81: Parking | C81: 87004006 - Autostrom LKW | D81: Lizenzen | E81: Betreibersentgeld Standort 07 | J81: 1 | L81: =tblAuftraege[[#This Row],[Ausgaben]]*tblAuftraege[[#This Row],[Auftrags- wahrscheinlichkeit]] | M81: =tblAuftraege[[#This Row],[Einnahmen]]*tblAuftraege[[#This Row],[Auftrags- wahrscheinlichkeit]]
B82: Parking | C82: 87004006 - Autostrom LKW | D82: Lizenzen | E82: Betreibersentgeld Standort 08 | J82: 1 | L82: =tblAuftraege[[#This Row],[Ausgaben]]*tblAuftraege[[#This Row],[Auftrags- wahrscheinlichkeit]] | M82: =tblAuftraege[[#This Row],[Einnahmen]]*tblAuftraege[[#This Row],[Auftrags- wahrscheinlichkeit]]
B83: Parking | C83: 87004006 - Autostrom LKW | D83: Lizenzen | E83: Betreibersentgeld Standort 09 | J83: 1 | L83: =tblAuftraege[[#This Row],[Ausgaben]]*tblAuftraege[[#This Row],[Auftrags- wahrscheinlichkeit]] | M83: =tblAuftraege[[#This Row],[Einnahmen]]*tblAuftraege[[#This Row],[Auftrags- wahrscheinlichkeit]]
B84: Parking | C84: 87004006 - Autostrom LKW | D84: Lizenzen | E84: Betreibersentgeld Standort 10 | J84: 1 | L84: =tblAuftraege[[#This Row],[Ausgaben]]*tblAuftraege[[#This Row],[Auftrags- wahrscheinlichkeit]] | M84: =tblAuftraege[[#This Row],[Einnahmen]]*tblAuftraege[[#This Row],[Auftrags- wahrscheinlichkeit]]
B85: Parking | C85: 87004006 - Autostrom LKW | D85: Lizenzen | E85: Betreibersentgeld Standort 11 | J85: 1 | L85: =tblAuftraege[[#This Row],[Ausgaben]]*tblAuftraege[[#This Row],[Auftrags- wahrscheinlichkeit]] | M85: =tblAuftraege[[#This Row],[Einnahmen]]*tblAuftraege[[#This Row],[Auftrags- wahrscheinlichkeit]]
B86: Parking | C86: 87004006 - Autostrom LKW | D86: Lizenzen | E86: Betreibersentgeld Standort 12 | J86: 1 | L86: =tblAuftraege[[#This Row],[Ausgaben]]*tblAuftraege[[#This Row],[Auftrags- wahrscheinlichkeit]] | M86: =tblAuftraege[[#This Row],[Einnahmen]]*tblAuftraege[[#This Row],[Auftrags- wahrscheinlichkeit]]
B87: Parking | C87: 87004006 - Autostrom LKW | D87: Lizenzen | E87: Betreibersentgeld Standort 13 | J87: 1 | L87: =tblAuftraege[[#This Row],[Ausgaben]]*tblAuftraege[[#This Row],[Auftrags- wahrscheinlichkeit]] | M87: =tblAuftraege[[#This Row],[Einnahmen]]*tblAuftraege[[#This Row],[Auftrags- wahrscheinlichkeit]]
... B98: Parking | C98: 87004006 - Autostrom LKW | D98: Lizenzen | E98: Betreibersentgeld Standort 24 | J98: 1 | L98: =tblAuftraege[[#This Row],[Ausgaben]]*tblAuftraege[[#This Row],[Auftrags- wahrscheinlichkeit]] | M98: =tblAuftraege[[#This Row],[Einnahmen]]*tblAuftraege[[#This Row],[Auftrags- wahrscheinlichkeit]]
B99: Parking | C99: 87004006 - Autostrom PKW | D99: Hardware | E99: Projektpauschalen Q3 2026 - 2 Standorte S | F99: 46249 | H99: 46326 | I99: 3200 | J99: 1 | L99: =tblAuftraege[[#This Row],[Ausgaben]]*tblAuftraege[[#This Row],[Auftrags- wahrscheinlichkeit]] | M99: =tblAuftraege[[#This Row],[Einnahmen]]*tblAuftraege[[#This Row],[Auftrags- wahrscheinlichkeit]]
B100: Parking | C100: 87004006 - Autostrom PKW | D100: Lizenzen | E100: lfd. Gebühren 2026 Q3 | F100: 46249 | H100: 46310 | J100: 1 | L100: =tblAuftraege[[#This Row],[Ausgaben]]*tblAuftraege[[#This Row],[Auftrags- wahrscheinlichkeit]] | M100: =tblAuftraege[[#This Row],[Einnahmen]]*tblAuftraege[[#This Row],[Auftrags- wahrscheinlichkeit]]
B101: Parking | C101: 87004006 - Autostrom PKW | D101: Lizenzen | E101: lfd. Gebühren 2026 Q4 | F101: 46341 | H101: 46402 | J101: 1 | L101: =tblAuftraege[[#This Row],[Ausgaben]]*tblAuftraege[[#This Row],[Auftrags- wahrscheinlichkeit]] | M101: =tblAuftraege[[#This Row],[Einnahmen]]*tblAuftraege[[#This Row],[Auftrags- wahrscheinlichkeit]]
B102: Parking | C102: 87004006 - Autostrom PKW | D102: Lizenzen | E102: lfd. Gebühren 2027 Q1 | F102: 46433 | H102: 46492 | J102: 1 | L102: =tblAuftraege[[#This Row],[Ausgaben]]*tblAuftraege[[#This Row],[Auftrags- wahrscheinlichkeit]] | M102: =tblAuftraege[[#This Row],[Einnahmen]]*tblAuftraege[[#This Row],[Auftrags- wahrscheinlichkeit]]
B103: Parking | C103: 87004006 - Autostrom PKW | D103: Lizenzen | E103: lfd. Gebühren 2027 Q2 | F103: 46522 | H103: 46583 | J103: 1 | L103: =tblAuftraege[[#This Row],[Ausgaben]]*tblAuftraege[[#This Row],[Auftrags- wahrscheinlichkeit]] | M103: =tblAuftraege[[#This Row],[Einnahmen]]*tblAuftraege[[#This Row],[Auftrags- wahrscheinlichkeit]]
B104: Parking | C104: 87004006 - Autostrom PKW | D104: Lizenzen | E104: lfd. Gebühren 2027 Q3 | F104: 46614 | H104: 46675 | J104: 1 | L104: =tblAuftraege[[#This Row],[Ausgaben]]*tblAuftraege[[#This Row],[Auftrags- wahrscheinlichkeit]] | M104: =tblAuftraege[[#This Row],[Einnahmen]]*tblAuftraege[[#This Row],[Auftrags- wahrscheinlichkeit]]
B105: Parking | C105: 87004006 - Autostrom PKW | D105: Lizenzen | E105: lfd. Gebühren 2027 Q4 | F105: 46706 | G105: 10000 | H105: 46767 | I105: 13000 | J105: 1 | K105: TEST | L105: =tblAuftraege[[#This Row],[Ausgaben]]*tblAuftraege[[#This Row],[Auftrags- wahrscheinlichkeit]] | M105: =tblAuftraege[[#This Row],[Einnahmen]]*tblAuftraege[[#This Row],[Auftrags- wahrscheinlichkeit]]
B106: IoT | C106: 85109000 - Bereichskostenstelle IoT | D106: Lizenzen | E106: Idaflex Lizenz SmartInfra | F106: 46037 | G106: 12000 | J106: 1 | L106: =tblAuftraege[[#This Row],[Ausgaben]]*tblAuftraege[[#This Row],[Auftrags- wahrscheinlichkeit]] | M106: =tblAuftraege[[#This Row],[Einnahmen]]*tblAuftraege[[#This Row],[Auftrags- wahrscheinlichkeit]]
B107: IoT | C107: 87001004 - Airbus | D107: Hardware + Dienstleistung | E107: Airbus, G200 Infrastruktur WP3 | F107: 46282 | G107: 4741.26 | H107: 46309 | I107: 8421.02 | J107: 0.35 | K107: Angebot gestellt | L107: =tblAuftraege[[#This Row],[Ausgaben]]*tblAuftraege[[#This Row],[Auftrags- wahrscheinlichkeit]] | M107: =tblAuftraege[[#This Row],[Einnahmen]]*tblAuftraege[[#This Row],[Auftrags- wahrscheinlichkeit]]
B108: IoT | C108: 87001004 - Airbus | D108: Hardware + Dienstleistung | E108: Controller HAM H90 WPC | F108: 46274 | G108: 1985.06 | H108: 46307 | I108: 3441.4 | J108: 0.35 | L108: =tblAuftraege[[#This Row],[Ausgaben]]*tblAuftraege[[#This Row],[Auftrags- wahrscheinlichkeit]] | M108: =tblAuftraege[[#This Row],[Einnahmen]]*tblAuftraege[[#This Row],[Auftrags- wahrscheinlichkeit]]
B109: IoT | C109: 87001004 - Airbus | D109: Dienstleistung | E109: Stundenkontigent | F109: 46276 | H109: 46279 | I109: 2480 | J109: 0.65 | K109: stundensatz kommulieren für ausgaben | L109: =tblAuftraege[[#This Row],[Ausgaben]]*tblAuftraege[[#This Row],[Auftrags- wahrscheinlichkeit]] | M109: =tblAuftraege[[#This Row],[Einnahmen]]*tblAuftraege[[#This Row],[Auftrags- wahrscheinlichkeit]]
B110: IoT | C110: 87001009 - Stadtwerke Husum | D110: Lizenzen | E110: Husum Lizenzen Element + Idaflex | F110: 46371 | G110: 10000 | H110: 46371 | I110: 16500 | J110: 1 | K110: Schätzwerte und Datum | L110: =tblAuftraege[[#This Row],[Ausgaben]]*tblAuftraege[[#This Row],[Auftrags- wahrscheinlichkeit]] | M110: =tblAuftraege[[#This Row],[Einnahmen]]*tblAuftraege[[#This Row],[Auftrags- wahrscheinlichkeit]]
B111: IoT | C111: 87105004 - HanseWerk Natur | D111: Hardware + Dienstleistung | E111: 3x Indoor-Gateway - ZVW | F111: 46232 | G111: 924.88 | H111: 46261 | I111: 1745.6 | J111: 1 | L111: =tblAuftraege[[#This Row],[Ausgaben]]*tblAuftraege[[#This Row],[Auftrags- wahrscheinlichkeit]] | M111: =tblAuftraege[[#This Row],[Einnahmen]]*tblAuftraege[[#This Row],[Auftrags- wahrscheinlichkeit]]
B112: IoT | C112: 87106001 - SH-Netz IoT | D112: Hardware | E112: Anfrage Lieferung 225 GWs | F112: 46310 | G112: 132405.13 | H112: 46371 | I112: 169319.25 | J112: 0.6 | L112: =tblAuftraege[[#This Row],[Ausgaben]]*tblAuftraege[[#This Row],[Auftrags- wahrscheinlichkeit]] | M112: =tblAuftraege[[#This Row],[Einnahmen]]*tblAuftraege[[#This Row],[Auftrags- wahrscheinlichkeit]]
B113: IoT | C113: 87106001 - SH-Netz IoT | D113: Hardware + Dienstleistung | E113: Auslesen von Messwandler beim Kunden KK-OH Ostholstein | I113: 3864.18 | J113: 1 | L113: =tblAuftraege[[#This Row],[Ausgaben]]*tblAuftraege[[#This Row],[Auftrags- wahrscheinlichkeit]] | M113: =tblAuftraege[[#This Row],[Einnahmen]]*tblAuftraege[[#This Row],[Auftrags- wahrscheinlichkeit]]
B114: IoT | C114: 87106001 - SH-Netz IoT | D114: Lizenzen | E114: Speichererweiterung | F114: 46272 | H114: 46298 | I114: 8050 | J114: 0.45 | K114: Lizens ausgaben nachtragen | L114: =tblAuftraege[[#This Row],[Ausgaben]]*tblAuftraege[[#This Row],[Auftrags- wahrscheinlichkeit]] | M114: =tblAuftraege[[#This Row],[Einnahmen]]*tblAuftraege[[#This Row],[Auftrags- wahrscheinlichkeit]]
J115: 1 | L115: =tblAuftraege[[#This Row],[Ausgaben]]*tblAuftraege[[#This Row],[Auftrags- wahrscheinlichkeit]] | M115: =tblAuftraege[[#This Row],[Einnahmen]]*tblAuftraege[[#This Row],[Auftrags- wahrscheinlichkeit]]
J116: 1 | L116: =tblAuftraege[[#This Row],[Ausgaben]]*tblAuftraege[[#This Row],[Auftrags- wahrscheinlichkeit]] | M116: =tblAuftraege[[#This Row],[Einnahmen]]*tblAuftraege[[#This Row],[Auftrags- wahrscheinlichkeit]]
J117: 1 | L117: =tblAuftraege[[#This Row],[Ausgaben]]*tblAuftraege[[#This Row],[Auftrags- wahrscheinlichkeit]] | M117: =tblAuftraege[[#This Row],[Einnahmen]]*tblAuftraege[[#This Row],[Auftrags- wahrscheinlichkeit]]
J118: 1 | L118: =tblAuftraege[[#This Row],[Ausgaben]]*tblAuftraege[[#This Row],[Auftrags- wahrscheinlichkeit]] | M118: =tblAuftraege[[#This Row],[Einnahmen]]*tblAuftraege[[#This Row],[Auftrags- wahrscheinlichkeit]]
J119: 1 | L119: =tblAuftraege[[#This Row],[Ausgaben]]*tblAuftraege[[#This Row],[Auftrags- wahrscheinlichkeit]] | M119: =tblAuftraege[[#This Row],[Einnahmen]]*tblAuftraege[[#This Row],[Auftrags- wahrscheinlichkeit]]
J120: 1 | L120: =tblAuftraege[[#This Row],[Ausgaben]]*tblAuftraege[[#This Row],[Auftrags- wahrscheinlichkeit]] | M120: =tblAuftraege[[#This Row],[Einnahmen]]*tblAuftraege[[#This Row],[Auftrags- wahrscheinlichkeit]]
J121: 1 | L121: =tblAuftraege[[#This Row],[Ausgaben]]*tblAuftraege[[#This Row],[Auftrags- wahrscheinlichkeit]] | M121: =tblAuftraege[[#This Row],[Einnahmen]]*tblAuftraege[[#This Row],[Auftrags- wahrscheinlichkeit]]
...
