Workbook

Sheet Cashflow
A1: Cashflow-Planung
A2: Bereich: SmartInfra / IoT-Büro
A3: Zeitraum: Juli 2026 – Dezember 2027 (18 Monate, monatliche Granularität)
A4: Alle Beträge werden automatisch aus dem Reiter „Aufträge“ berechnet – hier wird links nur die Auftragsnummer (gelb) eingetragen.
E5: 46204 | F5: 46235 | G5: 46266 | H5: 46296 | I5: 46327 | J5: 46357 | K5: 46388 | L5: 46419 | M5: 46447 | N5: 46478 | O5: 46508 | P5: 46539 | Q5: 46569 | R5: 46600 | S5: 46631 | T5: 46661 | U5: 46692 | V5: 46722
A6: Auftrag | B6: Kostenstelle | C6: Themenfeld | D6: Kategorie | E6: Jul 26 | F6: Aug 26 | G6: Sep 26 | H6: Okt 26 | I6: Nov 26 | J6: Dez 26 | K6: Jan 27 | L6: Feb 27 | M6: Mär 27 | N6: Apr 27 | O6: Mai 27 | P6: Jun 27 | Q6: Jul 27 | R6: Aug 27 | S6: Sep 27 | T6: Okt 27 | U6: Nov 27 | V6: Dez 27 | W6: Summe H2 2026 | X6: Summe 2027 | Y6: Gesamt
A7: 1 EINNAHMEN JE AUFTRAG (Quelle: Reiter „Aufträge“)
B8: =IF($A8="","",IFERROR(INDEX(tblAuftraege[Kostenstelle],MATCH($A8,tblAuftraege[Auftrag],0)),"")) | C8: =IF($A8="","",IFERROR(INDEX(tblAuftraege[Themenfeld],MATCH($A8,tblAuftraege[Auftrag],0)),"")) | D8: =IF($A8="","",IFERROR(INDEX(tblAuftraege[Kategorie],MATCH($A8,tblAuftraege[Auftrag],0)),"")) | E8: =IF($A8="",0,SUMIFS(tblAuftraege[Einnahmen],tblAuftraege[Datum Einnahmen],">="&E$5,tblAuftraege[Datum Einnahmen],"<"&EDATE(E$5,1),tblAuftraege[Auftrag],$A8)) -> 0 | F8: =IF($A8="",0,SUMIFS(tblAuftraege[Einnahmen],tblAuftraege[Datum Einnahmen],">="&F$5,tblAuftraege[Datum Einnahmen],"<"&EDATE(F$5,1),tblAuftraege[Auftrag],$A8)) -> 0 | G8: =IF($A8="",0,SUMIFS(tblAuftraege[Einnahmen],tblAuftraege[Datum Einnahmen],">="&G$5,tblAuftraege[Datum Einnahmen],"<"&EDATE(G$5,1),tblAuftraege[Auftrag],$A8)) -> 0 | H8: =IF($A8="",0,SUMIFS(tblAuftraege[Einnahmen],tblAuftraege[Datum Einnahmen],">="&H$5,tblAuftraege[Datum Einnahmen],"<"&EDATE(H$5,1),tblAuftraege[Auftrag],$A8)) -> 0 | I8: =IF($A8="",0,SUMIFS(tblAuftraege[Einnahmen],tblAuftraege[Datum Einnahmen],">="&I$5,tblAuftraege[Datum Einnahmen],"<"&EDATE(I$5,1),tblAuftraege[Auftrag],$A8)) -> 0 | J8: =IF($A8="",0,SUMIFS(tblAuftraege[Einnahmen],tblAuftraege[Datum Einnahmen],">="&J$5,tblAuftraege[Datum Einnahmen],"<"&EDATE(J$5,1),tblAuftraege[Auftrag],$A8)) -> 0 | K8: =IF($A8="",0,SUMIFS(tblAuftraege[Einnahmen],tblAuftraege[Datum Einnahmen],">="&K$5,tblAuftraege[Datum Einnahmen],"<"&EDATE(K$5,1),tblAuftraege[Auftrag],$A8)) -> 0 | L8: =IF($A8="",0,SUMIFS(tblAuftraege[Einnahmen],tblAuftraege[Datum Einnahmen],">="&L$5,tblAuftraege[Datum Einnahmen],"<"&EDATE(L$5,1),tblAuftraege[Auftrag],$A8)) -> 0 | ... V8: =IF($A8="",0,SUMIFS(tblAuftraege[Einnahmen],tblAuftraege[Datum Einnahmen],">="&V$5,tblAuftraege[Datum Einnahmen],"<"&EDATE(V$5,1),tblAuftraege[Auftrag],$A8)) -> 0 | W8: =SUM(E8:J8) -> 0 | X8: =SUM(K8:V8) -> 0 | Y8: =SUM(E8:V8) -> 0
B9: =IF($A9="","",IFERROR(INDEX(tblAuftraege[Kostenstelle],MATCH($A9,tblAuftraege[Auftrag],0)),"")) | C9: =IF($A9="","",IFERROR(INDEX(tblAuftraege[Themenfeld],MATCH($A9,tblAuftraege[Auftrag],0)),"")) | D9: =IF($A9="","",IFERROR(INDEX(tblAuftraege[Kategorie],MATCH($A9,tblAuftraege[Auftrag],0)),"")) | E9: =IF($A9="",0,SUMIFS(tblAuftraege[Einnahmen],tblAuftraege[Datum Einnahmen],">="&E$5,tblAuftraege[Datum Einnahmen],"<"&EDATE(E$5,1),tblAuftraege[Auftrag],$A9)) -> 0 | F9: =IF($A9="",0,SUMIFS(tblAuftraege[Einnahmen],tblAuftraege[Datum Einnahmen],">="&F$5,tblAuftraege[Datum Einnahmen],"<"&EDATE(F$5,1),tblAuftraege[Auftrag],$A9)) -> 0 | G9: =IF($A9="",0,SUMIFS(tblAuftraege[Einnahmen],tblAuftraege[Datum Einnahmen],">="&G$5,tblAuftraege[Datum Einnahmen],"<"&EDATE(G$5,1),tblAuftraege[Auftrag],$A9)) -> 0 | H9: =IF($A9="",0,SUMIFS(tblAuftraege[Einnahmen],tblAuftraege[Datum Einnahmen],">="&H$5,tblAuftraege[Datum Einnahmen],"<"&EDATE(H$5,1),tblAuftraege[Auftrag],$A9)) -> 0 | I9: =IF($A9="",0,SUMIFS(tblAuftraege[Einnahmen],tblAuftraege[Datum Einnahmen],">="&I$5,tblAuftraege[Datum Einnahmen],"<"&EDATE(I$5,1),tblAuftraege[Auftrag],$A9)) -> 0 | J9: =IF($A9="",0,SUMIFS(tblAuftraege[Einnahmen],tblAuftraege[Datum Einnahmen],">="&J$5,tblAuftraege[Datum Einnahmen],"<"&EDATE(J$5,1),tblAuftraege[Auftrag],$A9)) -> 0 | K9: =IF($A9="",0,SUMIFS(tblAuftraege[Einnahmen],tblAuftraege[Datum Einnahmen],">="&K$5,tblAuftraege[Datum Einnahmen],"<"&EDATE(K$5,1),tblAuftraege[Auftrag],$A9)) -> 0 | L9: =IF($A9="",0,SUMIFS(tblAuftraege[Einnahmen],tblAuftraege[Datum Einnahmen],">="&L$5,tblAuftraege[Datum Einnahmen],"<"&EDATE(L$5,1),tblAuftraege[Auftrag],$A9)) -> 0 | ... V9: =IF($A9="",0,SUMIFS(tblAuftraege[Einnahmen],tblAuftraege[Datum Einnahmen],">="&V$5,tblAuftraege[Datum Einnahmen],"<"&EDATE(V$5,1),tblAuftraege[Auftrag],$A9)) -> 0 | W9: =SUM(E9:J9) -> 0 | X9: =SUM(K9:V9) -> 0 | Y9: =SUM(E9:V9) -> 0
B10: =IF($A10="","",IFERROR(INDEX(tblAuftraege[Kostenstelle],MATCH($A10,tblAuftraege[Auftrag],0)),"")) | C10: =IF($A10="","",IFERROR(INDEX(tblAuftraege[Themenfeld],MATCH($A10,tblAuftraege[Auftrag],0)),"")) | D10: =IF($A10="","",IFERROR(INDEX(tblAuftraege[Kategorie],MATCH($A10,tblAuftraege[Auftrag],0)),"")) | E10: =IF($A10="",0,SUMIFS(tblAuftraege[Einnahmen],tblAuftraege[Datum Einnahmen],">="&E$5,tblAuftraege[Datum Einnahmen],"<"&EDATE(E$5,1),tblAuftraege[Auftrag],$A10)) -> 0 | F10: =IF($A10="",0,SUMIFS(tblAuftraege[Einnahmen],tblAuftraege[Datum Einnahmen],">="&F$5,tblAuftraege[Datum Einnahmen],"<"&EDATE(F$5,1),tblAuftraege[Auftrag],$A10)) -> 0 | G10: =IF($A10="",0,SUMIFS(tblAuftraege[Einnahmen],tblAuftraege[Datum Einnahmen],">="&G$5,tblAuftraege[Datum Einnahmen],"<"&EDATE(G$5,1),tblAuftraege[Auftrag],$A10)) -> 0 | H10: =IF($A10="",0,SUMIFS(tblAuftraege[Einnahmen],tblAuftraege[Datum Einnahmen],">="&H$5,tblAuftraege[Datum Einnahmen],"<"&EDATE(H$5,1),tblAuftraege[Auftrag],$A10)) -> 0 | I10: =IF($A10="",0,SUMIFS(tblAuftraege[Einnahmen],tblAuftraege[Datum Einnahmen],">="&I$5,tblAuftraege[Datum Einnahmen],"<"&EDATE(I$5,1),tblAuftraege[Auftrag],$A10)) -> 0 | J10: =IF($A10="",0,SUMIFS(tblAuftraege[Einnahmen],tblAuftraege[Datum Einnahmen],">="&J$5,tblAuftraege[Datum Einnahmen],"<"&EDATE(J$5,1),tblAuftraege[Auftrag],$A10)) -> 0 | K10: =IF($A10="",0,SUMIFS(tblAuftraege[Einnahmen],tblAuftraege[Datum Einnahmen],">="&K$5,tblAuftraege[Datum Einnahmen],"<"&EDATE(K$5,1),tblAuftraege[Auftrag],$A10)) -> 0 | L10: =IF($A10="",0,SUMIFS(tblAuftraege[Einnahmen],tblAuftraege[Datum Einnahmen],">="&L$5,tblAuftraege[Datum Einnahmen],"<"&EDATE(L$5,1),tblAuftraege[Auftrag],$A10)) -> 0 | ... V10: =IF($A10="",0,SUMIFS(tblAuftraege[Einnahmen],tblAuftraege[Datum Einnahmen],">="&V$5,tblAuftraege[Datum Einnahmen],"<"&EDATE(V$5,1),tblAuftraege[Auftrag],$A10)) -> 0 | W10: =SUM(E10:J10) -> 0 | X10: =SUM(K10:V10) -> 0 | Y10: =SUM(E10:V10) -> 0
B11: =IF($A11="","",IFERROR(INDEX(tblAuftraege[Kostenstelle],MATCH($A11,tblAuftraege[Auftrag],0)),"")) | C11: =IF($A11="","",IFERROR(INDEX(tblAuftraege[Themenfeld],MATCH($A11,tblAuftraege[Auftrag],0)),"")) | D11: =IF($A11="","",IFERROR(INDEX(tblAuftraege[Kategorie],MATCH($A11,tblAuftraege[Auftrag],0)),"")) | E11: =IF($A11="",0,SUMIFS(tblAuftraege[Einnahmen],tblAuftraege[Datum Einnahmen],">="&E$5,tblAuftraege[Datum Einnahmen],"<"&EDATE(E$5,1),tblAuftraege[Auftrag],$A11)) -> 0 | F11: =IF($A11="",0,SUMIFS(tblAuftraege[Einnahmen],tblAuftraege[Datum Einnahmen],">="&F$5,tblAuftraege[Datum Einnahmen],"<"&EDATE(F$5,1),tblAuftraege[Auftrag],$A11)) -> 0 | G11: =IF($A11="",0,SUMIFS(tblAuftraege[Einnahmen],tblAuftraege[Datum Einnahmen],">="&G$5,tblAuftraege[Datum Einnahmen],"<"&EDATE(G$5,1),tblAuftraege[Auftrag],$A11)) -> 0 | H11: =IF($A11="",0,SUMIFS(tblAuftraege[Einnahmen],tblAuftraege[Datum Einnahmen],">="&H$5,tblAuftraege[Datum Einnahmen],"<"&EDATE(H$5,1),tblAuftraege[Auftrag],$A11)) -> 0 | I11: =IF($A11="",0,SUMIFS(tblAuftraege[Einnahmen],tblAuftraege[Datum Einnahmen],">="&I$5,tblAuftraege[Datum Einnahmen],"<"&EDATE(I$5,1),tblAuftraege[Auftrag],$A11)) -> 0 | J11: =IF($A11="",0,SUMIFS(tblAuftraege[Einnahmen],tblAuftraege[Datum Einnahmen],">="&J$5,tblAuftraege[Datum Einnahmen],"<"&EDATE(J$5,1),tblAuftraege[Auftrag],$A11)) -> 0 | K11: =IF($A11="",0,SUMIFS(tblAuftraege[Einnahmen],tblAuftraege[Datum Einnahmen],">="&K$5,tblAuftraege[Datum Einnahmen],"<"&EDATE(K$5,1),tblAuftraege[Auftrag],$A11)) -> 0 | L11: =IF($A11="",0,SUMIFS(tblAuftraege[Einnahmen],tblAuftraege[Datum Einnahmen],">="&L$5,tblAuftraege[Datum Einnahmen],"<"&EDATE(L$5,1),tblAuftraege[Auftrag],$A11)) -> 0 | ... V11: =IF($A11="",0,SUMIFS(tblAuftraege[Einnahmen],tblAuftraege[Datum Einnahmen],">="&V$5,tblAuftraege[Datum Einnahmen],"<"&EDATE(V$5,1),tblAuftraege[Auftrag],$A11)) -> 0 | W11: =SUM(E11:J11) -> 0 | X11: =SUM(K11:V11) -> 0 | Y11: =SUM(E11:V11) -> 0
B12: =IF($A12="","",IFERROR(INDEX(tblAuftraege[Kostenstelle],MATCH($A12,tblAuftraege[Auftrag],0)),"")) | C12: =IF($A12="","",IFERROR(INDEX(tblAuftraege[Themenfeld],MATCH($A12,tblAuftraege[Auftrag],0)),"")) | D12: =IF($A12="","",IFERROR(INDEX(tblAuftraege[Kategorie],MATCH($A12,tblAuftraege[Auftrag],0)),"")) | E12: =IF($A12="",0,SUMIFS(tblAuftraege[Einnahmen],tblAuftraege[Datum Einnahmen],">="&E$5,tblAuftraege[Datum Einnahmen],"<"&EDATE(E$5,1),tblAuftraege[Auftrag],$A12)) -> 0 | F12: =IF($A12="",0,SUMIFS(tblAuftraege[Einnahmen],tblAuftraege[Datum Einnahmen],">="&F$5,tblAuftraege[Datum Einnahmen],"<"&EDATE(F$5,1),tblAuftraege[Auftrag],$A12)) -> 0 | G12: =IF($A12="",0,SUMIFS(tblAuftraege[Einnahmen],tblAuftraege[Datum Einnahmen],">="&G$5,tblAuftraege[Datum Einnahmen],"<"&EDATE(G$5,1),tblAuftraege[Auftrag],$A12)) -> 0 | H12: =IF($A12="",0,SUMIFS(tblAuftraege[Einnahmen],tblAuftraege[Datum Einnahmen],">="&H$5,tblAuftraege[Datum Einnahmen],"<"&EDATE(H$5,1),tblAuftraege[Auftrag],$A12)) -> 0 | I12: =IF($A12="",0,SUMIFS(tblAuftraege[Einnahmen],tblAuftraege[Datum Einnahmen],">="&I$5,tblAuftraege[Datum Einnahmen],"<"&EDATE(I$5,1),tblAuftraege[Auftrag],$A12)) -> 0 | J12: =IF($A12="",0,SUMIFS(tblAuftraege[Einnahmen],tblAuftraege[Datum Einnahmen],">="&J$5,tblAuftraege[Datum Einnahmen],"<"&EDATE(J$5,1),tblAuftraege[Auftrag],$A12)) -> 0 | K12: =IF($A12="",0,SUMIFS(tblAuftraege[Einnahmen],tblAuftraege[Datum Einnahmen],">="&K$5,tblAuftraege[Datum Einnahmen],"<"&EDATE(K$5,1),tblAuftraege[Auftrag],$A12)) -> 0 | L12: =IF($A12="",0,SUMIFS(tblAuftraege[Einnahmen],tblAuftraege[Datum Einnahmen],">="&L$5,tblAuftraege[Datum Einnahmen],"<"&EDATE(L$5,1),tblAuftraege[Auftrag],$A12)) -> 0 | ... V12: =IF($A12="",0,SUMIFS(tblAuftraege[Einnahmen],tblAuftraege[Datum Einnahmen],">="&V$5,tblAuftraege[Datum Einnahmen],"<"&EDATE(V$5,1),tblAuftraege[Auftrag],$A12)) -> 0 | W12: =SUM(E12:J12) -> 0 | X12: =SUM(K12:V12) -> 0 | Y12: =SUM(E12:V12) -> 0
B13: =IF($A13="","",IFERROR(INDEX(tblAuftraege[Kostenstelle],MATCH($A13,tblAuftraege[Auftrag],0)),"")) | C13: =IF($A13="","",IFERROR(INDEX(tblAuftraege[Themenfeld],MATCH($A13,tblAuftraege[Auftrag],0)),"")) | D13: =IF($A13="","",IFERROR(INDEX(tblAuftraege[Kategorie],MATCH($A13,tblAuftraege[Auftrag],0)),"")) | E13: =IF($A13="",0,SUMIFS(tblAuftraege[Einnahmen],tblAuftraege[Datum Einnahmen],">="&E$5,tblAuftraege[Datum Einnahmen],"<"&EDATE(E$5,1),tblAuftraege[Auftrag],$A13)) -> 0 | F13: =IF($A13="",0,SUMIFS(tblAuftraege[Einnahmen],tblAuftraege[Datum Einnahmen],">="&F$5,tblAuftraege[Datum Einnahmen],"<"&EDATE(F$5,1),tblAuftraege[Auftrag],$A13)) -> 0 | G13: =IF($A13="",0,SUMIFS(tblAuftraege[Einnahmen],tblAuftraege[Datum Einnahmen],">="&G$5,tblAuftraege[Datum Einnahmen],"<"&EDATE(G$5,1),tblAuftraege[Auftrag],$A13)) -> 0 | H13: =IF($A13="",0,SUMIFS(tblAuftraege[Einnahmen],tblAuftraege[Datum Einnahmen],">="&H$5,tblAuftraege[Datum Einnahmen],"<"&EDATE(H$5,1),tblAuftraege[Auftrag],$A13)) -> 0 | I13: =IF($A13="",0,SUMIFS(tblAuftraege[Einnahmen],tblAuftraege[Datum Einnahmen],">="&I$5,tblAuftraege[Datum Einnahmen],"<"&EDATE(I$5,1),tblAuftraege[Auftrag],$A13)) -> 0 | J13: =IF($A13="",0,SUMIFS(tblAuftraege[Einnahmen],tblAuftraege[Datum Einnahmen],">="&J$5,tblAuftraege[Datum Einnahmen],"<"&EDATE(J$5,1),tblAuftraege[Auftrag],$A13)) -> 0 | K13: =IF($A13="",0,SUMIFS(tblAuftraege[Einnahmen],tblAuftraege[Datum Einnahmen],">="&K$5,tblAuftraege[Datum Einnahmen],"<"&EDATE(K$5,1),tblAuftraege[Auftrag],$A13)) -> 0 | L13: =IF($A13="",0,SUMIFS(tblAuftraege[Einnahmen],tblAuftraege[Datum Einnahmen],">="&L$5,tblAuftraege[Datum Einnahmen],"<"&EDATE(L$5,1),tblAuftraege[Auftrag],$A13)) -> 0 | ... V13: =IF($A13="",0,SUMIFS(tblAuftraege[Einnahmen],tblAuftraege[Datum Einnahmen],">="&V$5,tblAuftraege[Datum Einnahmen],"<"&EDATE(V$5,1),tblAuftraege[Auftrag],$A13)) -> 0 | W13: =SUM(E13:J13) -> 0 | X13: =SUM(K13:V13) -> 0 | Y13: =SUM(E13:V13) -> 0
B14: =IF($A14="","",IFERROR(INDEX(tblAuftraege[Kostenstelle],MATCH($A14,tblAuftraege[Auftrag],0)),"")) | C14: =IF($A14="","",IFERROR(INDEX(tblAuftraege[Themenfeld],MATCH($A14,tblAuftraege[Auftrag],0)),"")) | D14: =IF($A14="","",IFERROR(INDEX(tblAuftraege[Kategorie],MATCH($A14,tblAuftraege[Auftrag],0)),"")) | E14: =IF($A14="",0,SUMIFS(tblAuftraege[Einnahmen],tblAuftraege[Datum Einnahmen],">="&E$5,tblAuftraege[Datum Einnahmen],"<"&EDATE(E$5,1),tblAuftraege[Auftrag],$A14)) -> 0 | F14: =IF($A14="",0,SUMIFS(tblAuftraege[Einnahmen],tblAuftraege[Datum Einnahmen],">="&F$5,tblAuftraege[Datum Einnahmen],"<"&EDATE(F$5,1),tblAuftraege[Auftrag],$A14)) -> 0 | G14: =IF($A14="",0,SUMIFS(tblAuftraege[Einnahmen],tblAuftraege[Datum Einnahmen],">="&G$5,tblAuftraege[Datum Einnahmen],"<"&EDATE(G$5,1),tblAuftraege[Auftrag],$A14)) -> 0 | H14: =IF($A14="",0,SUMIFS(tblAuftraege[Einnahmen],tblAuftraege[Datum Einnahmen],">="&H$5,tblAuftraege[Datum Einnahmen],"<"&EDATE(H$5,1),tblAuftraege[Auftrag],$A14)) -> 0 | I14: =IF($A14="",0,SUMIFS(tblAuftraege[Einnahmen],tblAuftraege[Datum Einnahmen],">="&I$5,tblAuftraege[Datum Einnahmen],"<"&EDATE(I$5,1),tblAuftraege[Auftrag],$A14)) -> 0 | J14: =IF($A14="",0,SUMIFS(tblAuftraege[Einnahmen],tblAuftraege[Datum Einnahmen],">="&J$5,tblAuftraege[Datum Einnahmen],"<"&EDATE(J$5,1),tblAuftraege[Auftrag],$A14)) -> 0 | K14: =IF($A14="",0,SUMIFS(tblAuftraege[Einnahmen],tblAuftraege[Datum Einnahmen],">="&K$5,tblAuftraege[Datum Einnahmen],"<"&EDATE(K$5,1),tblAuftraege[Auftrag],$A14)) -> 0 | L14: =IF($A14="",0,SUMIFS(tblAuftraege[Einnahmen],tblAuftraege[Datum Einnahmen],">="&L$5,tblAuftraege[Datum Einnahmen],"<"&EDATE(L$5,1),tblAuftraege[Auftrag],$A14)) -> 0 | ... V14: =IF($A14="",0,SUMIFS(tblAuftraege[Einnahmen],tblAuftraege[Datum Einnahmen],">="&V$5,tblAuftraege[Datum Einnahmen],"<"&EDATE(V$5,1),tblAuftraege[Auftrag],$A14)) -> 0 | W14: =SUM(E14:J14) -> 0 | X14: =SUM(K14:V14) -> 0 | Y14: =SUM(E14:V14) -> 0
B15: =IF($A15="","",IFERROR(INDEX(tblAuftraege[Kostenstelle],MATCH($A15,tblAuftraege[Auftrag],0)),"")) | C15: =IF($A15="","",IFERROR(INDEX(tblAuftraege[Themenfeld],MATCH($A15,tblAuftraege[Auftrag],0)),"")) | D15: =IF($A15="","",IFERROR(INDEX(tblAuftraege[Kategorie],MATCH($A15,tblAuftraege[Auftrag],0)),"")) | E15: =IF($A15="",0,SUMIFS(tblAuftraege[Einnahmen],tblAuftraege[Datum Einnahmen],">="&E$5,tblAuftraege[Datum Einnahmen],"<"&EDATE(E$5,1),tblAuftraege[Auftrag],$A15)) -> 0 | F15: =IF($A15="",0,SUMIFS(tblAuftraege[Einnahmen],tblAuftraege[Datum Einnahmen],">="&F$5,tblAuftraege[Datum Einnahmen],"<"&EDATE(F$5,1),tblAuftraege[Auftrag],$A15)) -> 0 | G15: =IF($A15="",0,SUMIFS(tblAuftraege[Einnahmen],tblAuftraege[Datum Einnahmen],">="&G$5,tblAuftraege[Datum Einnahmen],"<"&EDATE(G$5,1),tblAuftraege[Auftrag],$A15)) -> 0 | H15: =IF($A15="",0,SUMIFS(tblAuftraege[Einnahmen],tblAuftraege[Datum Einnahmen],">="&H$5,tblAuftraege[Datum Einnahmen],"<"&EDATE(H$5,1),tblAuftraege[Auftrag],$A15)) -> 0 | I15: =IF($A15="",0,SUMIFS(tblAuftraege[Einnahmen],tblAuftraege[Datum Einnahmen],">="&I$5,tblAuftraege[Datum Einnahmen],"<"&EDATE(I$5,1),tblAuftraege[Auftrag],$A15)) -> 0 | J15: =IF($A15="",0,SUMIFS(tblAuftraege[Einnahmen],tblAuftraege[Datum Einnahmen],">="&J$5,tblAuftraege[Datum Einnahmen],"<"&EDATE(J$5,1),tblAuftraege[Auftrag],$A15)) -> 0 | K15: =IF($A15="",0,SUMIFS(tblAuftraege[Einnahmen],tblAuftraege[Datum Einnahmen],">="&K$5,tblAuftraege[Datum Einnahmen],"<"&EDATE(K$5,1),tblAuftraege[Auftrag],$A15)) -> 0 | L15: =IF($A15="",0,SUMIFS(tblAuftraege[Einnahmen],tblAuftraege[Datum Einnahmen],">="&L$5,tblAuftraege[Datum Einnahmen],"<"&EDATE(L$5,1),tblAuftraege[Auftrag],$A15)) -> 0 | ... V15: =IF($A15="",0,SUMIFS(tblAuftraege[Einnahmen],tblAuftraege[Datum Einnahmen],">="&V$5,tblAuftraege[Datum Einnahmen],"<"&EDATE(V$5,1),tblAuftraege[Auftrag],$A15)) -> 0 | W15: =SUM(E15:J15) -> 0 | X15: =SUM(K15:V15) -> 0 | Y15: =SUM(E15:V15) -> 0
B16: =IF($A16="","",IFERROR(INDEX(tblAuftraege[Kostenstelle],MATCH($A16,tblAuftraege[Auftrag],0)),"")) | C16: =IF($A16="","",IFERROR(INDEX(tblAuftraege[Themenfeld],MATCH($A16,tblAuftraege[Auftrag],0)),"")) | D16: =IF($A16="","",IFERROR(INDEX(tblAuftraege[Kategorie],MATCH($A16,tblAuftraege[Auftrag],0)),"")) | E16: =IF($A16="",0,SUMIFS(tblAuftraege[Einnahmen],tblAuftraege[Datum Einnahmen],">="&E$5,tblAuftraege[Datum Einnahmen],"<"&EDATE(E$5,1),tblAuftraege[Auftrag],$A16)) -> 0 | F16: =IF($A16="",0,SUMIFS(tblAuftraege[Einnahmen],tblAuftraege[Datum Einnahmen],">="&F$5,tblAuftraege[Datum Einnahmen],"<"&EDATE(F$5,1),tblAuftraege[Auftrag],$A16)) -> 0 | G16: =IF($A16="",0,SUMIFS(tblAuftraege[Einnahmen],tblAuftraege[Datum Einnahmen],">="&G$5,tblAuftraege[Datum Einnahmen],"<"&EDATE(G$5,1),tblAuftraege[Auftrag],$A16)) -> 0 | H16: =IF($A16="",0,SUMIFS(tblAuftraege[Einnahmen],tblAuftraege[Datum Einnahmen],">="&H$5,tblAuftraege[Datum Einnahmen],"<"&EDATE(H$5,1),tblAuftraege[Auftrag],$A16)) -> 0 | I16: =IF($A16="",0,SUMIFS(tblAuftraege[Einnahmen],tblAuftraege[Datum Einnahmen],">="&I$5,tblAuftraege[Datum Einnahmen],"<"&EDATE(I$5,1),tblAuftraege[Auftrag],$A16)) -> 0 | J16: =IF($A16="",0,SUMIFS(tblAuftraege[Einnahmen],tblAuftraege[Datum Einnahmen],">="&J$5,tblAuftraege[Datum Einnahmen],"<"&EDATE(J$5,1),tblAuftraege[Auftrag],$A16)) -> 0 | K16: =IF($A16="",0,SUMIFS(tblAuftraege[Einnahmen],tblAuftraege[Datum Einnahmen],">="&K$5,tblAuftraege[Datum Einnahmen],"<"&EDATE(K$5,1),tblAuftraege[Auftrag],$A16)) -> 0 | L16: =IF($A16="",0,SUMIFS(tblAuftraege[Einnahmen],tblAuftraege[Datum Einnahmen],">="&L$5,tblAuftraege[Datum Einnahmen],"<"&EDATE(L$5,1),tblAuftraege[Auftrag],$A16)) -> 0 | ... V16: =IF($A16="",0,SUMIFS(tblAuftraege[Einnahmen],tblAuftraege[Datum Einnahmen],">="&V$5,tblAuftraege[Datum Einnahmen],"<"&EDATE(V$5,1),tblAuftraege[Auftrag],$A16)) -> 0 | W16: =SUM(E16:J16) -> 0 | X16: =SUM(K16:V16) -> 0 | Y16: =SUM(E16:V16) -> 0
B17: =IF($A17="","",IFERROR(INDEX(tblAuftraege[Kostenstelle],MATCH($A17,tblAuftraege[Auftrag],0)),"")) | C17: =IF($A17="","",IFERROR(INDEX(tblAuftraege[Themenfeld],MATCH($A17,tblAuftraege[Auftrag],0)),"")) | D17: =IF($A17="","",IFERROR(INDEX(tblAuftraege[Kategorie],MATCH($A17,tblAuftraege[Auftrag],0)),"")) | E17: =IF($A17="",0,SUMIFS(tblAuftraege[Einnahmen],tblAuftraege[Datum Einnahmen],">="&E$5,tblAuftraege[Datum Einnahmen],"<"&EDATE(E$5,1),tblAuftraege[Auftrag],$A17)) -> 0 | F17: =IF($A17="",0,SUMIFS(tblAuftraege[Einnahmen],tblAuftraege[Datum Einnahmen],">="&F$5,tblAuftraege[Datum Einnahmen],"<"&EDATE(F$5,1),tblAuftraege[Auftrag],$A17)) -> 0 | G17: =IF($A17="",0,SUMIFS(tblAuftraege[Einnahmen],tblAuftraege[Datum Einnahmen],">="&G$5,tblAuftraege[Datum Einnahmen],"<"&EDATE(G$5,1),tblAuftraege[Auftrag],$A17)) -> 0 | H17: =IF($A17="",0,SUMIFS(tblAuftraege[Einnahmen],tblAuftraege[Datum Einnahmen],">="&H$5,tblAuftraege[Datum Einnahmen],"<"&EDATE(H$5,1),tblAuftraege[Auftrag],$A17)) -> 0 | I17: =IF($A17="",0,SUMIFS(tblAuftraege[Einnahmen],tblAuftraege[Datum Einnahmen],">="&I$5,tblAuftraege[Datum Einnahmen],"<"&EDATE(I$5,1),tblAuftraege[Auftrag],$A17)) -> 0 | J17: =IF($A17="",0,SUMIFS(tblAuftraege[Einnahmen],tblAuftraege[Datum Einnahmen],">="&J$5,tblAuftraege[Datum Einnahmen],"<"&EDATE(J$5,1),tblAuftraege[Auftrag],$A17)) -> 0 | K17: =IF($A17="",0,SUMIFS(tblAuftraege[Einnahmen],tblAuftraege[Datum Einnahmen],">="&K$5,tblAuftraege[Datum Einnahmen],"<"&EDATE(K$5,1),tblAuftraege[Auftrag],$A17)) -> 0 | L17: =IF($A17="",0,SUMIFS(tblAuftraege[Einnahmen],tblAuftraege[Datum Einnahmen],">="&L$5,tblAuftraege[Datum Einnahmen],"<"&EDATE(L$5,1),tblAuftraege[Auftrag],$A17)) -> 0 | ... V17: =IF($A17="",0,SUMIFS(tblAuftraege[Einnahmen],tblAuftraege[Datum Einnahmen],">="&V$5,tblAuftraege[Datum Einnahmen],"<"&EDATE(V$5,1),tblAuftraege[Auftrag],$A17)) -> 0 | W17: =SUM(E17:J17) -> 0 | X17: =SUM(K17:V17) -> 0 | Y17: =SUM(E17:V17) -> 0
B18: =IF($A18="","",IFERROR(INDEX(tblAuftraege[Kostenstelle],MATCH($A18,tblAuftraege[Auftrag],0)),"")) | C18: =IF($A18="","",IFERROR(INDEX(tblAuftraege[Themenfeld],MATCH($A18,tblAuftraege[Auftrag],0)),"")) | D18: =IF($A18="","",IFERROR(INDEX(tblAuftraege[Kategorie],MATCH($A18,tblAuftraege[Auftrag],0)),"")) | E18: =IF($A18="",0,SUMIFS(tblAuftraege[Einnahmen],tblAuftraege[Datum Einnahmen],">="&E$5,tblAuftraege[Datum Einnahmen],"<"&EDATE(E$5,1),tblAuftraege[Auftrag],$A18)) -> 0 | F18: =IF($A18="",0,SUMIFS(tblAuftraege[Einnahmen],tblAuftraege[Datum Einnahmen],">="&F$5,tblAuftraege[Datum Einnahmen],"<"&EDATE(F$5,1),tblAuftraege[Auftrag],$A18)) -> 0 | G18: =IF($A18="",0,SUMIFS(tblAuftraege[Einnahmen],tblAuftraege[Datum Einnahmen],">="&G$5,tblAuftraege[Datum Einnahmen],"<"&EDATE(G$5,1),tblAuftraege[Auftrag],$A18)) -> 0 | H18: =IF($A18="",0,SUMIFS(tblAuftraege[Einnahmen],tblAuftraege[Datum Einnahmen],">="&H$5,tblAuftraege[Datum Einnahmen],"<"&EDATE(H$5,1),tblAuftraege[Auftrag],$A18)) -> 0 | I18: =IF($A18="",0,SUMIFS(tblAuftraege[Einnahmen],tblAuftraege[Datum Einnahmen],">="&I$5,tblAuftraege[Datum Einnahmen],"<"&EDATE(I$5,1),tblAuftraege[Auftrag],$A18)) -> 0 | J18: =IF($A18="",0,SUMIFS(tblAuftraege[Einnahmen],tblAuftraege[Datum Einnahmen],">="&J$5,tblAuftraege[Datum Einnahmen],"<"&EDATE(J$5,1),tblAuftraege[Auftrag],$A18)) -> 0 | K18: =IF($A18="",0,SUMIFS(tblAuftraege[Einnahmen],tblAuftraege[Datum Einnahmen],">="&K$5,tblAuftraege[Datum Einnahmen],"<"&EDATE(K$5,1),tblAuftraege[Auftrag],$A18)) -> 0 | L18: =IF($A18="",0,SUMIFS(tblAuftraege[Einnahmen],tblAuftraege[Datum Einnahmen],">="&L$5,tblAuftraege[Datum Einnahmen],"<"&EDATE(L$5,1),tblAuftraege[Auftrag],$A18)) -> 0 | ... V18: =IF($A18="",0,SUMIFS(tblAuftraege[Einnahmen],tblAuftraege[Datum Einnahmen],">="&V$5,tblAuftraege[Datum Einnahmen],"<"&EDATE(V$5,1),tblAuftraege[Auftrag],$A18)) -> 0 | W18: =SUM(E18:J18) -> 0 | X18: =SUM(K18:V18) -> 0 | Y18: =SUM(E18:V18) -> 0
B19: =IF($A19="","",IFERROR(INDEX(tblAuftraege[Kostenstelle],MATCH($A19,tblAuftraege[Auftrag],0)),"")) | C19: =IF($A19="","",IFERROR(INDEX(tblAuftraege[Themenfeld],MATCH($A19,tblAuftraege[Auftrag],0)),"")) | D19: =IF($A19="","",IFERROR(INDEX(tblAuftraege[Kategorie],MATCH($A19,tblAuftraege[Auftrag],0)),"")) | E19: =IF($A19="",0,SUMIFS(tblAuftraege[Einnahmen],tblAuftraege[Datum Einnahmen],">="&E$5,tblAuftraege[Datum Einnahmen],"<"&EDATE(E$5,1),tblAuftraege[Auftrag],$A19)) -> 0 | F19: =IF($A19="",0,SUMIFS(tblAuftraege[Einnahmen],tblAuftraege[Datum Einnahmen],">="&F$5,tblAuftraege[Datum Einnahmen],"<"&EDATE(F$5,1),tblAuftraege[Auftrag],$A19)) -> 0 | G19: =IF($A19="",0,SUMIFS(tblAuftraege[Einnahmen],tblAuftraege[Datum Einnahmen],">="&G$5,tblAuftraege[Datum Einnahmen],"<"&EDATE(G$5,1),tblAuftraege[Auftrag],$A19)) -> 0 | H19: =IF($A19="",0,SUMIFS(tblAuftraege[Einnahmen],tblAuftraege[Datum Einnahmen],">="&H$5,tblAuftraege[Datum Einnahmen],"<"&EDATE(H$5,1),tblAuftraege[Auftrag],$A19)) -> 0 | I19: =IF($A19="",0,SUMIFS(tblAuftraege[Einnahmen],tblAuftraege[Datum Einnahmen],">="&I$5,tblAuftraege[Datum Einnahmen],"<"&EDATE(I$5,1),tblAuftraege[Auftrag],$A19)) -> 0 | J19: =IF($A19="",0,SUMIFS(tblAuftraege[Einnahmen],tblAuftraege[Datum Einnahmen],">="&J$5,tblAuftraege[Datum Einnahmen],"<"&EDATE(J$5,1),tblAuftraege[Auftrag],$A19)) -> 0 | K19: =IF($A19="",0,SUMIFS(tblAuftraege[Einnahmen],tblAuftraege[Datum Einnahmen],">="&K$5,tblAuftraege[Datum Einnahmen],"<"&EDATE(K$5,1),tblAuftraege[Auftrag],$A19)) -> 0 | L19: =IF($A19="",0,SUMIFS(tblAuftraege[Einnahmen],tblAuftraege[Datum Einnahmen],">="&L$5,tblAuftraege[Datum Einnahmen],"<"&EDATE(L$5,1),tblAuftraege[Auftrag],$A19)) -> 0 | ... V19: =IF($A19="",0,SUMIFS(tblAuftraege[Einnahmen],tblAuftraege[Datum Einnahmen],">="&V$5,tblAuftraege[Datum Einnahmen],"<"&EDATE(V$5,1),tblAuftraege[Auftrag],$A19)) -> 0 | W19: =SUM(E19:J19) -> 0 | X19: =SUM(K19:V19) -> 0 | Y19: =SUM(E19:V19) -> 0
... B57: =IF($A57="","",IFERROR(INDEX(tblAuftraege[Kostenstelle],MATCH($A57,tblAuftraege[Auftrag],0)),"")) | C57: =IF($A57="","",IFERROR(INDEX(tblAuftraege[Themenfeld],MATCH($A57,tblAuftraege[Auftrag],0)),"")) | D57: =IF($A57="","",IFERROR(INDEX(tblAuftraege[Kategorie],MATCH($A57,tblAuftraege[Auftrag],0)),"")) | E57: =IF($A57="",0,SUMIFS(tblAuftraege[Einnahmen],tblAuftraege[Datum Einnahmen],">="&E$5,tblAuftraege[Datum Einnahmen],"<"&EDATE(E$5,1),tblAuftraege[Auftrag],$A57)) -> 0 | F57: =IF($A57="",0,SUMIFS(tblAuftraege[Einnahmen],tblAuftraege[Datum Einnahmen],">="&F$5,tblAuftraege[Datum Einnahmen],"<"&EDATE(F$5,1),tblAuftraege[Auftrag],$A57)) -> 0 | G57: =IF($A57="",0,SUMIFS(tblAuftraege[Einnahmen],tblAuftraege[Datum Einnahmen],">="&G$5,tblAuftraege[Datum Einnahmen],"<"&EDATE(G$5,1),tblAuftraege[Auftrag],$A57)) -> 0 | H57: =IF($A57="",0,SUMIFS(tblAuftraege[Einnahmen],tblAuftraege[Datum Einnahmen],">="&H$5,tblAuftraege[Datum Einnahmen],"<"&EDATE(H$5,1),tblAuftraege[Auftrag],$A57)) -> 0 | I57: =IF($A57="",0,SUMIFS(tblAuftraege[Einnahmen],tblAuftraege[Datum Einnahmen],">="&I$5,tblAuftraege[Datum Einnahmen],"<"&EDATE(I$5,1),tblAuftraege[Auftrag],$A57)) -> 0 | J57: =IF($A57="",0,SUMIFS(tblAuftraege[Einnahmen],tblAuftraege[Datum Einnahmen],">="&J$5,tblAuftraege[Datum Einnahmen],"<"&EDATE(J$5,1),tblAuftraege[Auftrag],$A57)) -> 0 | K57: =IF($A57="",0,SUMIFS(tblAuftraege[Einnahmen],tblAuftraege[Datum Einnahmen],">="&K$5,tblAuftraege[Datum Einnahmen],"<"&EDATE(K$5,1),tblAuftraege[Auftrag],$A57)) -> 0 | L57: =IF($A57="",0,SUMIFS(tblAuftraege[Einnahmen],tblAuftraege[Datum Einnahmen],">="&L$5,tblAuftraege[Datum Einnahmen],"<"&EDATE(L$5,1),tblAuftraege[Auftrag],$A57)) -> 0 | ... V57: =IF($A57="",0,SUMIFS(tblAuftraege[Einnahmen],tblAuftraege[Datum Einnahmen],">="&V$5,tblAuftraege[Datum Einnahmen],"<"&EDATE(V$5,1),tblAuftraege[Auftrag],$A57)) -> 0 | W57: =SUM(E57:J57) -> 0 | X57: =SUM(K57:V57) -> 0 | Y57: =SUM(E57:V57) -> 0
A58: Noch nicht erfasste Aufträge | B58: Differenz | E58: =E59-SUM(E8:E57) -> 0 | F58: =F59-SUM(F8:F57) -> 0 | G58: =G59-SUM(G8:G57) -> 0 | H58: =H59-SUM(H8:H57) -> 0 | I58: =I59-SUM(I8:I57) -> 0 | J58: =J59-SUM(J8:J57) -> 0 | K58: =K59-SUM(K8:K57) -> 0 | L58: =L59-SUM(L8:L57) -> 0 | ... Y58: =Y59-SUM(Y8:Y57) -> 0
A59: Summe Einnahmen | E59: =SUMIFS(tblAuftraege[Einnahmen],tblAuftraege[Datum Einnahmen],">="&E$5,tblAuftraege[Datum Einnahmen],"<"&EDATE(E$5,1)) -> 0 | F59: =SUMIFS(tblAuftraege[Einnahmen],tblAuftraege[Datum Einnahmen],">="&F$5,tblAuftraege[Datum Einnahmen],"<"&EDATE(F$5,1)) -> 0 | G59: =SUMIFS(tblAuftraege[Einnahmen],tblAuftraege[Datum Einnahmen],">="&G$5,tblAuftraege[Datum Einnahmen],"<"&EDATE(G$5,1)) -> 0 | H59: =SUMIFS(tblAuftraege[Einnahmen],tblAuftraege[Datum Einnahmen],">="&H$5,tblAuftraege[Datum Einnahmen],"<"&EDATE(H$5,1)) -> 0 | I59: =SUMIFS(tblAuftraege[Einnahmen],tblAuftraege[Datum Einnahmen],">="&I$5,tblAuftraege[Datum Einnahmen],"<"&EDATE(I$5,1)) -> 0 | J59: =SUMIFS(tblAuftraege[Einnahmen],tblAuftraege[Datum Einnahmen],">="&J$5,tblAuftraege[Datum Einnahmen],"<"&EDATE(J$5,1)) -> 0 | K59: =SUMIFS(tblAuftraege[Einnahmen],tblAuftraege[Datum Einnahmen],">="&K$5,tblAuftraege[Datum Einnahmen],"<"&EDATE(K$5,1)) -> 0 | L59: =SUMIFS(tblAuftraege[Einnahmen],tblAuftraege[Datum Einnahmen],">="&L$5,tblAuftraege[Datum Einnahmen],"<"&EDATE(L$5,1)) -> 0 | ... V59: =SUMIFS(tblAuftraege[Einnahmen],tblAuftraege[Datum Einnahmen],">="&V$5,tblAuftraege[Datum Einnahmen],"<"&EDATE(V$5,1)) -> 0 | W59: =SUM(E59:J59) -> 0 | X59: =SUM(K59:V59) -> 0 | Y59: =SUM(E59:V59) -> 0
A61: 2 AUSGABEN JE AUFTRAG (Quelle: Reiter „Aufträge“)
B62: =IF($A62="","",IFERROR(INDEX(tblAuftraege[Kostenstelle],MATCH($A62,tblAuftraege[Auftrag],0)),"")) | C62: =IF($A62="","",IFERROR(INDEX(tblAuftraege[Themenfeld],MATCH($A62,tblAuftraege[Auftrag],0)),"")) | D62: =IF($A62="","",IFERROR(INDEX(tblAuftraege[Kategorie],MATCH($A62,tblAuftraege[Auftrag],0)),"")) | E62: =IF($A62="",0,SUMIFS(tblAuftraege[Ausgaben],tblAuftraege[Datum Ausgaben],">="&E$5,tblAuftraege[Datum Ausgaben],"<"&EDATE(E$5,1),tblAuftraege[Auftrag],$A62)) -> 0 | F62: =IF($A62="",0,SUMIFS(tblAuftraege[Ausgaben],tblAuftraege[Datum Ausgaben],">="&F$5,tblAuftraege[Datum Ausgaben],"<"&EDATE(F$5,1),tblAuftraege[Auftrag],$A62)) -> 0 | G62: =IF($A62="",0,SUMIFS(tblAuftraege[Ausgaben],tblAuftraege[Datum Ausgaben],">="&G$5,tblAuftraege[Datum Ausgaben],"<"&EDATE(G$5,1),tblAuftraege[Auftrag],$A62)) -> 0 | H62: =IF($A62="",0,SUMIFS(tblAuftraege[Ausgaben],tblAuftraege[Datum Ausgaben],">="&H$5,tblAuftraege[Datum Ausgaben],"<"&EDATE(H$5,1),tblAuftraege[Auftrag],$A62)) -> 0 | I62: =IF($A62="",0,SUMIFS(tblAuftraege[Ausgaben],tblAuftraege[Datum Ausgaben],">="&I$5,tblAuftraege[Datum Ausgaben],"<"&EDATE(I$5,1),tblAuftraege[Auftrag],$A62)) -> 0 | J62: =IF($A62="",0,SUMIFS(tblAuftraege[Ausgaben],tblAuftraege[Datum Ausgaben],">="&J$5,tblAuftraege[Datum Ausgaben],"<"&EDATE(J$5,1),tblAuftraege[Auftrag],$A62)) -> 0 | K62: =IF($A62="",0,SUMIFS(tblAuftraege[Ausgaben],tblAuftraege[Datum Ausgaben],">="&K$5,tblAuftraege[Datum Ausgaben],"<"&EDATE(K$5,1),tblAuftraege[Auftrag],$A62)) -> 0 | L62: =IF($A62="",0,SUMIFS(tblAuftraege[Ausgaben],tblAuftraege[Datum Ausgaben],">="&L$5,tblAuftraege[Datum Ausgaben],"<"&EDATE(L$5,1),tblAuftraege[Auftrag],$A62)) -> 0 | ... V62: =IF($A62="",0,SUMIFS(tblAuftraege[Ausgaben],tblAuftraege[Datum Ausgaben],">="&V$5,tblAuftraege[Datum Ausgaben],"<"&EDATE(V$5,1),tblAuftraege[Auftrag],$A62)) -> 0 | W62: =SUM(E62:J62) -> 0 | X62: =SUM(K62:V62) -> 0 | Y62: =SUM(E62:V62) -> 0
B63: =IF($A63="","",IFERROR(INDEX(tblAuftraege[Kostenstelle],MATCH($A63,tblAuftraege[Auftrag],0)),"")) | C63: =IF($A63="","",IFERROR(INDEX(tblAuftraege[Themenfeld],MATCH($A63,tblAuftraege[Auftrag],0)),"")) | D63: =IF($A63="","",IFERROR(INDEX(tblAuftraege[Kategorie],MATCH($A63,tblAuftraege[Auftrag],0)),"")) | E63: =IF($A63="",0,SUMIFS(tblAuftraege[Ausgaben],tblAuftraege[Datum Ausgaben],">="&E$5,tblAuftraege[Datum Ausgaben],"<"&EDATE(E$5,1),tblAuftraege[Auftrag],$A63)) -> 0 | F63: =IF($A63="",0,SUMIFS(tblAuftraege[Ausgaben],tblAuftraege[Datum Ausgaben],">="&F$5,tblAuftraege[Datum Ausgaben],"<"&EDATE(F$5,1),tblAuftraege[Auftrag],$A63)) -> 0 | G63: =IF($A63="",0,SUMIFS(tblAuftraege[Ausgaben],tblAuftraege[Datum Ausgaben],">="&G$5,tblAuftraege[Datum Ausgaben],"<"&EDATE(G$5,1),tblAuftraege[Auftrag],$A63)) -> 0 | H63: =IF($A63="",0,SUMIFS(tblAuftraege[Ausgaben],tblAuftraege[Datum Ausgaben],">="&H$5,tblAuftraege[Datum Ausgaben],"<"&EDATE(H$5,1),tblAuftraege[Auftrag],$A63)) -> 0 | I63: =IF($A63="",0,SUMIFS(tblAuftraege[Ausgaben],tblAuftraege[Datum Ausgaben],">="&I$5,tblAuftraege[Datum Ausgaben],"<"&EDATE(I$5,1),tblAuftraege[Auftrag],$A63)) -> 0 | J63: =IF($A63="",0,SUMIFS(tblAuftraege[Ausgaben],tblAuftraege[Datum Ausgaben],">="&J$5,tblAuftraege[Datum Ausgaben],"<"&EDATE(J$5,1),tblAuftraege[Auftrag],$A63)) -> 0 | K63: =IF($A63="",0,SUMIFS(tblAuftraege[Ausgaben],tblAuftraege[Datum Ausgaben],">="&K$5,tblAuftraege[Datum Ausgaben],"<"&EDATE(K$5,1),tblAuftraege[Auftrag],$A63)) -> 0 | L63: =IF($A63="",0,SUMIFS(tblAuftraege[Ausgaben],tblAuftraege[Datum Ausgaben],">="&L$5,tblAuftraege[Datum Ausgaben],"<"&EDATE(L$5,1),tblAuftraege[Auftrag],$A63)) -> 0 | ... V63: =IF($A63="",0,SUMIFS(tblAuftraege[Ausgaben],tblAuftraege[Datum Ausgaben],">="&V$5,tblAuftraege[Datum Ausgaben],"<"&EDATE(V$5,1),tblAuftraege[Auftrag],$A63)) -> 0 | W63: =SUM(E63:J63) -> 0 | X63: =SUM(K63:V63) -> 0 | Y63: =SUM(E63:V63) -> 0
B64: =IF($A64="","",IFERROR(INDEX(tblAuftraege[Kostenstelle],MATCH($A64,tblAuftraege[Auftrag],0)),"")) | C64: =IF($A64="","",IFERROR(INDEX(tblAuftraege[Themenfeld],MATCH($A64,tblAuftraege[Auftrag],0)),"")) | D64: =IF($A64="","",IFERROR(INDEX(tblAuftraege[Kategorie],MATCH($A64,tblAuftraege[Auftrag],0)),"")) | E64: =IF($A64="",0,SUMIFS(tblAuftraege[Ausgaben],tblAuftraege[Datum Ausgaben],">="&E$5,tblAuftraege[Datum Ausgaben],"<"&EDATE(E$5,1),tblAuftraege[Auftrag],$A64)) -> 0 | F64: =IF($A64="",0,SUMIFS(tblAuftraege[Ausgaben],tblAuftraege[Datum Ausgaben],">="&F$5,tblAuftraege[Datum Ausgaben],"<"&EDATE(F$5,1),tblAuftraege[Auftrag],$A64)) -> 0 | G64: =IF($A64="",0,SUMIFS(tblAuftraege[Ausgaben],tblAuftraege[Datum Ausgaben],">="&G$5,tblAuftraege[Datum Ausgaben],"<"&EDATE(G$5,1),tblAuftraege[Auftrag],$A64)) -> 0 | H64: =IF($A64="",0,SUMIFS(tblAuftraege[Ausgaben],tblAuftraege[Datum Ausgaben],">="&H$5,tblAuftraege[Datum Ausgaben],"<"&EDATE(H$5,1),tblAuftraege[Auftrag],$A64)) -> 0 | I64: =IF($A64="",0,SUMIFS(tblAuftraege[Ausgaben],tblAuftraege[Datum Ausgaben],">="&I$5,tblAuftraege[Datum Ausgaben],"<"&EDATE(I$5,1),tblAuftraege[Auftrag],$A64)) -> 0 | J64: =IF($A64="",0,SUMIFS(tblAuftraege[Ausgaben],tblAuftraege[Datum Ausgaben],">="&J$5,tblAuftraege[Datum Ausgaben],"<"&EDATE(J$5,1),tblAuftraege[Auftrag],$A64)) -> 0 | K64: =IF($A64="",0,SUMIFS(tblAuftraege[Ausgaben],tblAuftraege[Datum Ausgaben],">="&K$5,tblAuftraege[Datum Ausgaben],"<"&EDATE(K$5,1),tblAuftraege[Auftrag],$A64)) -> 0 | L64: =IF($A64="",0,SUMIFS(tblAuftraege[Ausgaben],tblAuftraege[Datum Ausgaben],">="&L$5,tblAuftraege[Datum Ausgaben],"<"&EDATE(L$5,1),tblAuftraege[Auftrag],$A64)) -> 0 | ... V64: =IF($A64="",0,SUMIFS(tblAuftraege[Ausgaben],tblAuftraege[Datum Ausgaben],">="&V$5,tblAuftraege[Datum Ausgaben],"<"&EDATE(V$5,1),tblAuftraege[Auftrag],$A64)) -> 0 | W64: =SUM(E64:J64) -> 0 | X64: =SUM(K64:V64) -> 0 | Y64: =SUM(E64:V64) -> 0
B65: =IF($A65="","",IFERROR(INDEX(tblAuftraege[Kostenstelle],MATCH($A65,tblAuftraege[Auftrag],0)),"")) | C65: =IF($A65="","",IFERROR(INDEX(tblAuftraege[Themenfeld],MATCH($A65,tblAuftraege[Auftrag],0)),"")) | D65: =IF($A65="","",IFERROR(INDEX(tblAuftraege[Kategorie],MATCH($A65,tblAuftraege[Auftrag],0)),"")) | E65: =IF($A65="",0,SUMIFS(tblAuftraege[Ausgaben],tblAuftraege[Datum Ausgaben],">="&E$5,tblAuftraege[Datum Ausgaben],"<"&EDATE(E$5,1),tblAuftraege[Auftrag],$A65)) -> 0 | F65: =IF($A65="",0,SUMIFS(tblAuftraege[Ausgaben],tblAuftraege[Datum Ausgaben],">="&F$5,tblAuftraege[Datum Ausgaben],"<"&EDATE(F$5,1),tblAuftraege[Auftrag],$A65)) -> 0 | G65: =IF($A65="",0,SUMIFS(tblAuftraege[Ausgaben],tblAuftraege[Datum Ausgaben],">="&G$5,tblAuftraege[Datum Ausgaben],"<"&EDATE(G$5,1),tblAuftraege[Auftrag],$A65)) -> 0 | H65: =IF($A65="",0,SUMIFS(tblAuftraege[Ausgaben],tblAuftraege[Datum Ausgaben],">="&H$5,tblAuftraege[Datum Ausgaben],"<"&EDATE(H$5,1),tblAuftraege[Auftrag],$A65)) -> 0 | I65: =IF($A65="",0,SUMIFS(tblAuftraege[Ausgaben],tblAuftraege[Datum Ausgaben],">="&I$5,tblAuftraege[Datum Ausgaben],"<"&EDATE(I$5,1),tblAuftraege[Auftrag],$A65)) -> 0 | J65: =IF($A65="",0,SUMIFS(tblAuftraege[Ausgaben],tblAuftraege[Datum Ausgaben],">="&J$5,tblAuftraege[Datum Ausgaben],"<"&EDATE(J$5,1),tblAuftraege[Auftrag],$A65)) -> 0 | K65: =IF($A65="",0,SUMIFS(tblAuftraege[Ausgaben],tblAuftraege[Datum Ausgaben],">="&K$5,tblAuftraege[Datum Ausgaben],"<"&EDATE(K$5,1),tblAuftraege[Auftrag],$A65)) -> 0 | L65: =IF($A65="",0,SUMIFS(tblAuftraege[Ausgaben],tblAuftraege[Datum Ausgaben],">="&L$5,tblAuftraege[Datum Ausgaben],"<"&EDATE(L$5,1),tblAuftraege[Auftrag],$A65)) -> 0 | ... V65: =IF($A65="",0,SUMIFS(tblAuftraege[Ausgaben],tblAuftraege[Datum Ausgaben],">="&V$5,tblAuftraege[Datum Ausgaben],"<"&EDATE(V$5,1),tblAuftraege[Auftrag],$A65)) -> 0 | W65: =SUM(E65:J65) -> 0 | X65: =SUM(K65:V65) -> 0 | Y65: =SUM(E65:V65) -> 0
B66: =IF($A66="","",IFERROR(INDEX(tblAuftraege[Kostenstelle],MATCH($A66,tblAuftraege[Auftrag],0)),"")) | C66: =IF($A66="","",IFERROR(INDEX(tblAuftraege[Themenfeld],MATCH($A66,tblAuftraege[Auftrag],0)),"")) | D66: =IF($A66="","",IFERROR(INDEX(tblAuftraege[Kategorie],MATCH($A66,tblAuftraege[Auftrag],0)),"")) | E66: =IF($A66="",0,SUMIFS(tblAuftraege[Ausgaben],tblAuftraege[Datum Ausgaben],">="&E$5,tblAuftraege[Datum Ausgaben],"<"&EDATE(E$5,1),tblAuftraege[Auftrag],$A66)) -> 0 | F66: =IF($A66="",0,SUMIFS(tblAuftraege[Ausgaben],tblAuftraege[Datum Ausgaben],">="&F$5,tblAuftraege[Datum Ausgaben],"<"&EDATE(F$5,1),tblAuftraege[Auftrag],$A66)) -> 0 | G66: =IF($A66="",0,SUMIFS(tblAuftraege[Ausgaben],tblAuftraege[Datum Ausgaben],">="&G$5,tblAuftraege[Datum Ausgaben],"<"&EDATE(G$5,1),tblAuftraege[Auftrag],$A66)) -> 0 | H66: =IF($A66="",0,SUMIFS(tblAuftraege[Ausgaben],tblAuftraege[Datum Ausgaben],">="&H$5,tblAuftraege[Datum Ausgaben],"<"&EDATE(H$5,1),tblAuftraege[Auftrag],$A66)) -> 0 | I66: =IF($A66="",0,SUMIFS(tblAuftraege[Ausgaben],tblAuftraege[Datum Ausgaben],">="&I$5,tblAuftraege[Datum Ausgaben],"<"&EDATE(I$5,1),tblAuftraege[Auftrag],$A66)) -> 0 | J66: =IF($A66="",0,SUMIFS(tblAuftraege[Ausgaben],tblAuftraege[Datum Ausgaben],">="&J$5,tblAuftraege[Datum Ausgaben],"<"&EDATE(J$5,1),tblAuftraege[Auftrag],$A66)) -> 0 | K66: =IF($A66="",0,SUMIFS(tblAuftraege[Ausgaben],tblAuftraege[Datum Ausgaben],">="&K$5,tblAuftraege[Datum Ausgaben],"<"&EDATE(K$5,1),tblAuftraege[Auftrag],$A66)) -> 0 | L66: =IF($A66="",0,SUMIFS(tblAuftraege[Ausgaben],tblAuftraege[Datum Ausgaben],">="&L$5,tblAuftraege[Datum Ausgaben],"<"&EDATE(L$5,1),tblAuftraege[Auftrag],$A66)) -> 0 | ... V66: =IF($A66="",0,SUMIFS(tblAuftraege[Ausgaben],tblAuftraege[Datum Ausgaben],">="&V$5,tblAuftraege[Datum Ausgaben],"<"&EDATE(V$5,1),tblAuftraege[Auftrag],$A66)) -> 0 | W66: =SUM(E66:J66) -> 0 | X66: =SUM(K66:V66) -> 0 | Y66: =SUM(E66:V66) -> 0
B67: =IF($A67="","",IFERROR(INDEX(tblAuftraege[Kostenstelle],MATCH($A67,tblAuftraege[Auftrag],0)),"")) | C67: =IF($A67="","",IFERROR(INDEX(tblAuftraege[Themenfeld],MATCH($A67,tblAuftraege[Auftrag],0)),"")) | D67: =IF($A67="","",IFERROR(INDEX(tblAuftraege[Kategorie],MATCH($A67,tblAuftraege[Auftrag],0)),"")) | E67: =IF($A67="",0,SUMIFS(tblAuftraege[Ausgaben],tblAuftraege[Datum Ausgaben],">="&E$5,tblAuftraege[Datum Ausgaben],"<"&EDATE(E$5,1),tblAuftraege[Auftrag],$A67)) -> 0 | F67: =IF($A67="",0,SUMIFS(tblAuftraege[Ausgaben],tblAuftraege[Datum Ausgaben],">="&F$5,tblAuftraege[Datum Ausgaben],"<"&EDATE(F$5,1),tblAuftraege[Auftrag],$A67)) -> 0 | G67: =IF($A67="",0,SUMIFS(tblAuftraege[Ausgaben],tblAuftraege[Datum Ausgaben],">="&G$5,tblAuftraege[Datum Ausgaben],"<"&EDATE(G$5,1),tblAuftraege[Auftrag],$A67)) -> 0 | H67: =IF($A67="",0,SUMIFS(tblAuftraege[Ausgaben],tblAuftraege[Datum Ausgaben],">="&H$5,tblAuftraege[Datum Ausgaben],"<"&EDATE(H$5,1),tblAuftraege[Auftrag],$A67)) -> 0 | I67: =IF($A67="",0,SUMIFS(tblAuftraege[Ausgaben],tblAuftraege[Datum Ausgaben],">="&I$5,tblAuftraege[Datum Ausgaben],"<"&EDATE(I$5,1),tblAuftraege[Auftrag],$A67)) -> 0 | J67: =IF($A67="",0,SUMIFS(tblAuftraege[Ausgaben],tblAuftraege[Datum Ausgaben],">="&J$5,tblAuftraege[Datum Ausgaben],"<"&EDATE(J$5,1),tblAuftraege[Auftrag],$A67)) -> 0 | K67: =IF($A67="",0,SUMIFS(tblAuftraege[Ausgaben],tblAuftraege[Datum Ausgaben],">="&K$5,tblAuftraege[Datum Ausgaben],"<"&EDATE(K$5,1),tblAuftraege[Auftrag],$A67)) -> 0 | L67: =IF($A67="",0,SUMIFS(tblAuftraege[Ausgaben],tblAuftraege[Datum Ausgaben],">="&L$5,tblAuftraege[Datum Ausgaben],"<"&EDATE(L$5,1),tblAuftraege[Auftrag],$A67)) -> 0 | ... V67: =IF($A67="",0,SUMIFS(tblAuftraege[Ausgaben],tblAuftraege[Datum Ausgaben],">="&V$5,tblAuftraege[Datum Ausgaben],"<"&EDATE(V$5,1),tblAuftraege[Auftrag],$A67)) -> 0 | W67: =SUM(E67:J67) -> 0 | X67: =SUM(K67:V67) -> 0 | Y67: =SUM(E67:V67) -> 0
B68: =IF($A68="","",IFERROR(INDEX(tblAuftraege[Kostenstelle],MATCH($A68,tblAuftraege[Auftrag],0)),"")) | C68: =IF($A68="","",IFERROR(INDEX(tblAuftraege[Themenfeld],MATCH($A68,tblAuftraege[Auftrag],0)),"")) | D68: =IF($A68="","",IFERROR(INDEX(tblAuftraege[Kategorie],MATCH($A68,tblAuftraege[Auftrag],0)),"")) | E68: =IF($A68="",0,SUMIFS(tblAuftraege[Ausgaben],tblAuftraege[Datum Ausgaben],">="&E$5,tblAuftraege[Datum Ausgaben],"<"&EDATE(E$5,1),tblAuftraege[Auftrag],$A68)) -> 0 | F68: =IF($A68="",0,SUMIFS(tblAuftraege[Ausgaben],tblAuftraege[Datum Ausgaben],">="&F$5,tblAuftraege[Datum Ausgaben],"<"&EDATE(F$5,1),tblAuftraege[Auftrag],$A68)) -> 0 | G68: =IF($A68="",0,SUMIFS(tblAuftraege[Ausgaben],tblAuftraege[Datum Ausgaben],">="&G$5,tblAuftraege[Datum Ausgaben],"<"&EDATE(G$5,1),tblAuftraege[Auftrag],$A68)) -> 0 | H68: =IF($A68="",0,SUMIFS(tblAuftraege[Ausgaben],tblAuftraege[Datum Ausgaben],">="&H$5,tblAuftraege[Datum Ausgaben],"<"&EDATE(H$5,1),tblAuftraege[Auftrag],$A68)) -> 0 | I68: =IF($A68="",0,SUMIFS(tblAuftraege[Ausgaben],tblAuftraege[Datum Ausgaben],">="&I$5,tblAuftraege[Datum Ausgaben],"<"&EDATE(I$5,1),tblAuftraege[Auftrag],$A68)) -> 0 | J68: =IF($A68="",0,SUMIFS(tblAuftraege[Ausgaben],tblAuftraege[Datum Ausgaben],">="&J$5,tblAuftraege[Datum Ausgaben],"<"&EDATE(J$5,1),tblAuftraege[Auftrag],$A68)) -> 0 | K68: =IF($A68="",0,SUMIFS(tblAuftraege[Ausgaben],tblAuftraege[Datum Ausgaben],">="&K$5,tblAuftraege[Datum Ausgaben],"<"&EDATE(K$5,1),tblAuftraege[Auftrag],$A68)) -> 0 | L68: =IF($A68="",0,SUMIFS(tblAuftraege[Ausgaben],tblAuftraege[Datum Ausgaben],">="&L$5,tblAuftraege[Datum Ausgaben],"<"&EDATE(L$5,1),tblAuftraege[Auftrag],$A68)) -> 0 | ... V68: =IF($A68="",0,SUMIFS(tblAuftraege[Ausgaben],tblAuftraege[Datum Ausgaben],">="&V$5,tblAuftraege[Datum Ausgaben],"<"&EDATE(V$5,1),tblAuftraege[Auftrag],$A68)) -> 0 | W68: =SUM(E68:J68) -> 0 | X68: =SUM(K68:V68) -> 0 | Y68: =SUM(E68:V68) -> 0
B69: =IF($A69="","",IFERROR(INDEX(tblAuftraege[Kostenstelle],MATCH($A69,tblAuftraege[Auftrag],0)),"")) | C69: =IF($A69="","",IFERROR(INDEX(tblAuftraege[Themenfeld],MATCH($A69,tblAuftraege[Auftrag],0)),"")) | D69: =IF($A69="","",IFERROR(INDEX(tblAuftraege[Kategorie],MATCH($A69,tblAuftraege[Auftrag],0)),"")) | E69: =IF($A69="",0,SUMIFS(tblAuftraege[Ausgaben],tblAuftraege[Datum Ausgaben],">="&E$5,tblAuftraege[Datum Ausgaben],"<"&EDATE(E$5,1),tblAuftraege[Auftrag],$A69)) -> 0 | F69: =IF($A69="",0,SUMIFS(tblAuftraege[Ausgaben],tblAuftraege[Datum Ausgaben],">="&F$5,tblAuftraege[Datum Ausgaben],"<"&EDATE(F$5,1),tblAuftraege[Auftrag],$A69)) -> 0 | G69: =IF($A69="",0,SUMIFS(tblAuftraege[Ausgaben],tblAuftraege[Datum Ausgaben],">="&G$5,tblAuftraege[Datum Ausgaben],"<"&EDATE(G$5,1),tblAuftraege[Auftrag],$A69)) -> 0 | H69: =IF($A69="",0,SUMIFS(tblAuftraege[Ausgaben],tblAuftraege[Datum Ausgaben],">="&H$5,tblAuftraege[Datum Ausgaben],"<"&EDATE(H$5,1),tblAuftraege[Auftrag],$A69)) -> 0 | I69: =IF($A69="",0,SUMIFS(tblAuftraege[Ausgaben],tblAuftraege[Datum Ausgaben],">="&I$5,tblAuftraege[Datum Ausgaben],"<"&EDATE(I$5,1),tblAuftraege[Auftrag],$A69)) -> 0 | J69: =IF($A69="",0,SUMIFS(tblAuftraege[Ausgaben],tblAuftraege[Datum Ausgaben],">="&J$5,tblAuftraege[Datum Ausgaben],"<"&EDATE(J$5,1),tblAuftraege[Auftrag],$A69)) -> 0 | K69: =IF($A69="",0,SUMIFS(tblAuftraege[Ausgaben],tblAuftraege[Datum Ausgaben],">="&K$5,tblAuftraege[Datum Ausgaben],"<"&EDATE(K$5,1),tblAuftraege[Auftrag],$A69)) -> 0 | L69: =IF($A69="",0,SUMIFS(tblAuftraege[Ausgaben],tblAuftraege[Datum Ausgaben],">="&L$5,tblAuftraege[Datum Ausgaben],"<"&EDATE(L$5,1),tblAuftraege[Auftrag],$A69)) -> 0 | ... V69: =IF($A69="",0,SUMIFS(tblAuftraege[Ausgaben],tblAuftraege[Datum Ausgaben],">="&V$5,tblAuftraege[Datum Ausgaben],"<"&EDATE(V$5,1),tblAuftraege[Auftrag],$A69)) -> 0 | W69: =SUM(E69:J69) -> 0 | X69: =SUM(K69:V69) -> 0 | Y69: =SUM(E69:V69) -> 0
B70: =IF($A70="","",IFERROR(INDEX(tblAuftraege[Kostenstelle],MATCH($A70,tblAuftraege[Auftrag],0)),"")) | C70: =IF($A70="","",IFERROR(INDEX(tblAuftraege[Themenfeld],MATCH($A70,tblAuftraege[Auftrag],0)),"")) | D70: =IF($A70="","",IFERROR(INDEX(tblAuftraege[Kategorie],MATCH($A70,tblAuftraege[Auftrag],0)),"")) | E70: =IF($A70="",0,SUMIFS(tblAuftraege[Ausgaben],tblAuftraege[Datum Ausgaben],">="&E$5,tblAuftraege[Datum Ausgaben],"<"&EDATE(E$5,1),tblAuftraege[Auftrag],$A70)) -> 0 | F70: =IF($A70="",0,SUMIFS(tblAuftraege[Ausgaben],tblAuftraege[Datum Ausgaben],">="&F$5,tblAuftraege[Datum Ausgaben],"<"&EDATE(F$5,1),tblAuftraege[Auftrag],$A70)) -> 0 | G70: =IF($A70="",0,SUMIFS(tblAuftraege[Ausgaben],tblAuftraege[Datum Ausgaben],">="&G$5,tblAuftraege[Datum Ausgaben],"<"&EDATE(G$5,1),tblAuftraege[Auftrag],$A70)) -> 0 | H70: =IF($A70="",0,SUMIFS(tblAuftraege[Ausgaben],tblAuftraege[Datum Ausgaben],">="&H$5,tblAuftraege[Datum Ausgaben],"<"&EDATE(H$5,1),tblAuftraege[Auftrag],$A70)) -> 0 | I70: =IF($A70="",0,SUMIFS(tblAuftraege[Ausgaben],tblAuftraege[Datum Ausgaben],">="&I$5,tblAuftraege[Datum Ausgaben],"<"&EDATE(I$5,1),tblAuftraege[Auftrag],$A70)) -> 0 | J70: =IF($A70="",0,SUMIFS(tblAuftraege[Ausgaben],tblAuftraege[Datum Ausgaben],">="&J$5,tblAuftraege[Datum Ausgaben],"<"&EDATE(J$5,1),tblAuftraege[Auftrag],$A70)) -> 0 | K70: =IF($A70="",0,SUMIFS(tblAuftraege[Ausgaben],tblAuftraege[Datum Ausgaben],">="&K$5,tblAuftraege[Datum Ausgaben],"<"&EDATE(K$5,1),tblAuftraege[Auftrag],$A70)) -> 0 | L70: =IF($A70="",0,SUMIFS(tblAuftraege[Ausgaben],tblAuftraege[Datum Ausgaben],">="&L$5,tblAuftraege[Datum Ausgaben],"<"&EDATE(L$5,1),tblAuftraege[Auftrag],$A70)) -> 0 | ... V70: =IF($A70="",0,SUMIFS(tblAuftraege[Ausgaben],tblAuftraege[Datum Ausgaben],">="&V$5,tblAuftraege[Datum Ausgaben],"<"&EDATE(V$5,1),tblAuftraege[Auftrag],$A70)) -> 0 | W70: =SUM(E70:J70) -> 0 | X70: =SUM(K70:V70) -> 0 | Y70: =SUM(E70:V70) -> 0
B71: =IF($A71="","",IFERROR(INDEX(tblAuftraege[Kostenstelle],MATCH($A71,tblAuftraege[Auftrag],0)),"")) | C71: =IF($A71="","",IFERROR(INDEX(tblAuftraege[Themenfeld],MATCH($A71,tblAuftraege[Auftrag],0)),"")) | D71: =IF($A71="","",IFERROR(INDEX(tblAuftraege[Kategorie],MATCH($A71,tblAuftraege[Auftrag],0)),"")) | E71: =IF($A71="",0,SUMIFS(tblAuftraege[Ausgaben],tblAuftraege[Datum Ausgaben],">="&E$5,tblAuftraege[Datum Ausgaben],"<"&EDATE(E$5,1),tblAuftraege[Auftrag],$A71)) -> 0 | F71: =IF($A71="",0,SUMIFS(tblAuftraege[Ausgaben],tblAuftraege[Datum Ausgaben],">="&F$5,tblAuftraege[Datum Ausgaben],"<"&EDATE(F$5,1),tblAuftraege[Auftrag],$A71)) -> 0 | G71: =IF($A71="",0,SUMIFS(tblAuftraege[Ausgaben],tblAuftraege[Datum Ausgaben],">="&G$5,tblAuftraege[Datum Ausgaben],"<"&EDATE(G$5,1),tblAuftraege[Auftrag],$A71)) -> 0 | H71: =IF($A71="",0,SUMIFS(tblAuftraege[Ausgaben],tblAuftraege[Datum Ausgaben],">="&H$5,tblAuftraege[Datum Ausgaben],"<"&EDATE(H$5,1),tblAuftraege[Auftrag],$A71)) -> 0 | I71: =IF($A71="",0,SUMIFS(tblAuftraege[Ausgaben],tblAuftraege[Datum Ausgaben],">="&I$5,tblAuftraege[Datum Ausgaben],"<"&EDATE(I$5,1),tblAuftraege[Auftrag],$A71)) -> 0 | J71: =IF($A71="",0,SUMIFS(tblAuftraege[Ausgaben],tblAuftraege[Datum Ausgaben],">="&J$5,tblAuftraege[Datum Ausgaben],"<"&EDATE(J$5,1),tblAuftraege[Auftrag],$A71)) -> 0 | K71: =IF($A71="",0,SUMIFS(tblAuftraege[Ausgaben],tblAuftraege[Datum Ausgaben],">="&K$5,tblAuftraege[Datum Ausgaben],"<"&EDATE(K$5,1),tblAuftraege[Auftrag],$A71)) -> 0 | L71: =IF($A71="",0,SUMIFS(tblAuftraege[Ausgaben],tblAuftraege[Datum Ausgaben],">="&L$5,tblAuftraege[Datum Ausgaben],"<"&EDATE(L$5,1),tblAuftraege[Auftrag],$A71)) -> 0 | ... V71: =IF($A71="",0,SUMIFS(tblAuftraege[Ausgaben],tblAuftraege[Datum Ausgaben],">="&V$5,tblAuftraege[Datum Ausgaben],"<"&EDATE(V$5,1),tblAuftraege[Auftrag],$A71)) -> 0 | W71: =SUM(E71:J71) -> 0 | X71: =SUM(K71:V71) -> 0 | Y71: =SUM(E71:V71) -> 0
B72: =IF($A72="","",IFERROR(INDEX(tblAuftraege[Kostenstelle],MATCH($A72,tblAuftraege[Auftrag],0)),"")) | C72: =IF($A72="","",IFERROR(INDEX(tblAuftraege[Themenfeld],MATCH($A72,tblAuftraege[Auftrag],0)),"")) | D72: =IF($A72="","",IFERROR(INDEX(tblAuftraege[Kategorie],MATCH($A72,tblAuftraege[Auftrag],0)),"")) | E72: =IF($A72="",0,SUMIFS(tblAuftraege[Ausgaben],tblAuftraege[Datum Ausgaben],">="&E$5,tblAuftraege[Datum Ausgaben],"<"&EDATE(E$5,1),tblAuftraege[Auftrag],$A72)) -> 0 | F72: =IF($A72="",0,SUMIFS(tblAuftraege[Ausgaben],tblAuftraege[Datum Ausgaben],">="&F$5,tblAuftraege[Datum Ausgaben],"<"&EDATE(F$5,1),tblAuftraege[Auftrag],$A72)) -> 0 | G72: =IF($A72="",0,SUMIFS(tblAuftraege[Ausgaben],tblAuftraege[Datum Ausgaben],">="&G$5,tblAuftraege[Datum Ausgaben],"<"&EDATE(G$5,1),tblAuftraege[Auftrag],$A72)) -> 0 | H72: =IF($A72="",0,SUMIFS(tblAuftraege[Ausgaben],tblAuftraege[Datum Ausgaben],">="&H$5,tblAuftraege[Datum Ausgaben],"<"&EDATE(H$5,1),tblAuftraege[Auftrag],$A72)) -> 0 | I72: =IF($A72="",0,SUMIFS(tblAuftraege[Ausgaben],tblAuftraege[Datum Ausgaben],">="&I$5,tblAuftraege[Datum Ausgaben],"<"&EDATE(I$5,1),tblAuftraege[Auftrag],$A72)) -> 0 | J72: =IF($A72="",0,SUMIFS(tblAuftraege[Ausgaben],tblAuftraege[Datum Ausgaben],">="&J$5,tblAuftraege[Datum Ausgaben],"<"&EDATE(J$5,1),tblAuftraege[Auftrag],$A72)) -> 0 | K72: =IF($A72="",0,SUMIFS(tblAuftraege[Ausgaben],tblAuftraege[Datum Ausgaben],">="&K$5,tblAuftraege[Datum Ausgaben],"<"&EDATE(K$5,1),tblAuftraege[Auftrag],$A72)) -> 0 | L72: =IF($A72="",0,SUMIFS(tblAuftraege[Ausgaben],tblAuftraege[Datum Ausgaben],">="&L$5,tblAuftraege[Datum Ausgaben],"<"&EDATE(L$5,1),tblAuftraege[Auftrag],$A72)) -> 0 | ... V72: =IF($A72="",0,SUMIFS(tblAuftraege[Ausgaben],tblAuftraege[Datum Ausgaben],">="&V$5,tblAuftraege[Datum Ausgaben],"<"&EDATE(V$5,1),tblAuftraege[Auftrag],$A72)) -> 0 | W72: =SUM(E72:J72) -> 0 | X72: =SUM(K72:V72) -> 0 | Y72: =SUM(E72:V72) -> 0
B73: =IF($A73="","",IFERROR(INDEX(tblAuftraege[Kostenstelle],MATCH($A73,tblAuftraege[Auftrag],0)),"")) | C73: =IF($A73="","",IFERROR(INDEX(tblAuftraege[Themenfeld],MATCH($A73,tblAuftraege[Auftrag],0)),"")) | D73: =IF($A73="","",IFERROR(INDEX(tblAuftraege[Kategorie],MATCH($A73,tblAuftraege[Auftrag],0)),"")) | E73: =IF($A73="",0,SUMIFS(tblAuftraege[Ausgaben],tblAuftraege[Datum Ausgaben],">="&E$5,tblAuftraege[Datum Ausgaben],"<"&EDATE(E$5,1),tblAuftraege[Auftrag],$A73)) -> 0 | F73: =IF($A73="",0,SUMIFS(tblAuftraege[Ausgaben],tblAuftraege[Datum Ausgaben],">="&F$5,tblAuftraege[Datum Ausgaben],"<"&EDATE(F$5,1),tblAuftraege[Auftrag],$A73)) -> 0 | G73: =IF($A73="",0,SUMIFS(tblAuftraege[Ausgaben],tblAuftraege[Datum Ausgaben],">="&G$5,tblAuftraege[Datum Ausgaben],"<"&EDATE(G$5,1),tblAuftraege[Auftrag],$A73)) -> 0 | H73: =IF($A73="",0,SUMIFS(tblAuftraege[Ausgaben],tblAuftraege[Datum Ausgaben],">="&H$5,tblAuftraege[Datum Ausgaben],"<"&EDATE(H$5,1),tblAuftraege[Auftrag],$A73)) -> 0 | I73: =IF($A73="",0,SUMIFS(tblAuftraege[Ausgaben],tblAuftraege[Datum Ausgaben],">="&I$5,tblAuftraege[Datum Ausgaben],"<"&EDATE(I$5,1),tblAuftraege[Auftrag],$A73)) -> 0 | J73: =IF($A73="",0,SUMIFS(tblAuftraege[Ausgaben],tblAuftraege[Datum Ausgaben],">="&J$5,tblAuftraege[Datum Ausgaben],"<"&EDATE(J$5,1),tblAuftraege[Auftrag],$A73)) -> 0 | K73: =IF($A73="",0,SUMIFS(tblAuftraege[Ausgaben],tblAuftraege[Datum Ausgaben],">="&K$5,tblAuftraege[Datum Ausgaben],"<"&EDATE(K$5,1),tblAuftraege[Auftrag],$A73)) -> 0 | L73: =IF($A73="",0,SUMIFS(tblAuftraege[Ausgaben],tblAuftraege[Datum Ausgaben],">="&L$5,tblAuftraege[Datum Ausgaben],"<"&EDATE(L$5,1),tblAuftraege[Auftrag],$A73)) -> 0 | ... V73: =IF($A73="",0,SUMIFS(tblAuftraege[Ausgaben],tblAuftraege[Datum Ausgaben],">="&V$5,tblAuftraege[Datum Ausgaben],"<"&EDATE(V$5,1),tblAuftraege[Auftrag],$A73)) -> 0 | W73: =SUM(E73:J73) -> 0 | X73: =SUM(K73:V73) -> 0 | Y73: =SUM(E73:V73) -> 0
... B111: =IF($A111="","",IFERROR(INDEX(tblAuftraege[Kostenstelle],MATCH($A111,tblAuftraege[Auftrag],0)),"")) | C111: =IF($A111="","",IFERROR(INDEX(tblAuftraege[Themenfeld],MATCH($A111,tblAuftraege[Auftrag],0)),"")) | D111: =IF($A111="","",IFERROR(INDEX(tblAuftraege[Kategorie],MATCH($A111,tblAuftraege[Auftrag],0)),"")) | E111: =IF($A111="",0,SUMIFS(tblAuftraege[Ausgaben],tblAuftraege[Datum Ausgaben],">="&E$5,tblAuftraege[Datum Ausgaben],"<"&EDATE(E$5,1),tblAuftraege[Auftrag],$A111)) -> 0 | F111: =IF($A111="",0,SUMIFS(tblAuftraege[Ausgaben],tblAuftraege[Datum Ausgaben],">="&F$5,tblAuftraege[Datum Ausgaben],"<"&EDATE(F$5,1),tblAuftraege[Auftrag],$A111)) -> 0 | G111: =IF($A111="",0,SUMIFS(tblAuftraege[Ausgaben],tblAuftraege[Datum Ausgaben],">="&G$5,tblAuftraege[Datum Ausgaben],"<"&EDATE(G$5,1),tblAuftraege[Auftrag],$A111)) -> 0 | H111: =IF($A111="",0,SUMIFS(tblAuftraege[Ausgaben],tblAuftraege[Datum Ausgaben],">="&H$5,tblAuftraege[Datum Ausgaben],"<"&EDATE(H$5,1),tblAuftraege[Auftrag],$A111)) -> 0 | I111: =IF($A111="",0,SUMIFS(tblAuftraege[Ausgaben],tblAuftraege[Datum Ausgaben],">="&I$5,tblAuftraege[Datum Ausgaben],"<"&EDATE(I$5,1),tblAuftraege[Auftrag],$A111)) -> 0 | J111: =IF($A111="",0,SUMIFS(tblAuftraege[Ausgaben],tblAuftraege[Datum Ausgaben],">="&J$5,tblAuftraege[Datum Ausgaben],"<"&EDATE(J$5,1),tblAuftraege[Auftrag],$A111)) -> 0 | K111: =IF($A111="",0,SUMIFS(tblAuftraege[Ausgaben],tblAuftraege[Datum Ausgaben],">="&K$5,tblAuftraege[Datum Ausgaben],"<"&EDATE(K$5,1),tblAuftraege[Auftrag],$A111)) -> 0 | L111: =IF($A111="",0,SUMIFS(tblAuftraege[Ausgaben],tblAuftraege[Datum Ausgaben],">="&L$5,tblAuftraege[Datum Ausgaben],"<"&EDATE(L$5,1),tblAuftraege[Auftrag],$A111)) -> 0 | ... V111: =IF($A111="",0,SUMIFS(tblAuftraege[Ausgaben],tblAuftraege[Datum Ausgaben],">="&V$5,tblAuftraege[Datum Ausgaben],"<"&EDATE(V$5,1),tblAuftraege[Auftrag],$A111)) -> 0 | W111: =SUM(E111:J111) -> 0 | X111: =SUM(K111:V111) -> 0 | Y111: =SUM(E111:V111) -> 0
A112: Noch nicht erfasste Aufträge | B112: Differenz | E112: =E113-SUM(E62:E111) -> 0 | F112: =F113-SUM(F62:F111) -> 0 | G112: =G113-SUM(G62:G111) -> 0 | H112: =H113-SUM(H62:H111) -> 0 | I112: =I113-SUM(I62:I111) -> 0 | J112: =J113-SUM(J62:J111) -> 0 | K112: =K113-SUM(K62:K111) -> 0 | L112: =L113-SUM(L62:L111) -> 0 | ... Y112: =Y113-SUM(Y62:Y111) -> 0
A113: Summe Ausgaben | E113: =SUMIFS(tblAuftraege[Ausgaben],tblAuftraege[Datum Ausgaben],">="&E$5,tblAuftraege[Datum Ausgaben],"<"&EDATE(E$5,1)) -> 0 | F113: =SUMIFS(tblAuftraege[Ausgaben],tblAuftraege[Datum Ausgaben],">="&F$5,tblAuftraege[Datum Ausgaben],"<"&EDATE(F$5,1)) -> 0 | G113: =SUMIFS(tblAuftraege[Ausgaben],tblAuftraege[Datum Ausgaben],">="&G$5,tblAuftraege[Datum Ausgaben],"<"&EDATE(G$5,1)) -> 0 | H113: =SUMIFS(tblAuftraege[Ausgaben],tblAuftraege[Datum Ausgaben],">="&H$5,tblAuftraege[Datum Ausgaben],"<"&EDATE(H$5,1)) -> 0 | I113: =SUMIFS(tblAuftraege[Ausgaben],tblAuftraege[Datum Ausgaben],">="&I$5,tblAuftraege[Datum Ausgaben],"<"&EDATE(I$5,1)) -> 0 | J113: =SUMIFS(tblAuftraege[Ausgaben],tblAuftraege[Datum Ausgaben],">="&J$5,tblAuftraege[Datum Ausgaben],"<"&EDATE(J$5,1)) -> 0 | K113: =SUMIFS(tblAuftraege[Ausgaben],tblAuftraege[Datum Ausgaben],">="&K$5,tblAuftraege[Datum Ausgaben],"<"&EDATE(K$5,1)) -> 0 | L113: =SUMIFS(tblAuftraege[Ausgaben],tblAuftraege[Datum Ausgaben],">="&L$5,tblAuftraege[Datum Ausgaben],"<"&EDATE(L$5,1)) -> 0 | ... V113: =SUMIFS(tblAuftraege[Ausgaben],tblAuftraege[Datum Ausgaben],">="&V$5,tblAuftraege[Datum Ausgaben],"<"&EDATE(V$5,1)) -> 0 | W113: =SUM(E113:J113) -> 0 | X113: =SUM(K113:V113) -> 0 | Y113: =SUM(E113:V113) -> 0
A115: 3 KENNZAHLEN (automatisch berechnet)
A116: Summe Einnahmen | E116: =E59 -> 0 | F116: =F59 -> 0 | G116: =G59 -> 0 | H116: =H59 -> 0 | I116: =I59 -> 0 | J116: =J59 -> 0 | K116: =K59 -> 0 | L116: =L59 -> 0 | ... Y116: =Y59 -> 0
A117: Summe Ausgaben | E117: =E113 -> 0 | F117: =F113 -> 0 | G117: =G113 -> 0 | H117: =H113 -> 0 | I117: =I113 -> 0 | J117: =J113 -> 0 | K117: =K113 -> 0 | L117: =L113 -> 0 | ... Y117: =Y113 -> 0
A118: Netto-Cashflow (Monat) | E118: =E116-E117 -> 0 | F118: =F116-F117 -> 0 | G118: =G116-G117 -> 0 | H118: =H116-H117 -> 0 | I118: =I116-I117 -> 0 | J118: =J116-J117 -> 0 | K118: =K116-K117 -> 0 | L118: =L116-L117 -> 0 | ... Y118: =Y116-Y117 -> 0
A119: Kumulierter Cashflow | E119: =E118 -> 0 | F119: =E119+F118 -> 0 | G119: =F119+G118 -> 0 | H119: =G119+H118 -> 0 | I119: =H119+I118 -> 0 | J119: =I119+J118 -> 0 | K119: =J119+K118 -> 0 | L119: =K119+L118 -> 0 | M119: =L119+M118 -> 0 | ... V119: =U119+V118 -> 0 | W119: =J119 -> 0 | X119: =V119 -> 0 | Y119: =V119 -> 0
A121: 4 AUSWERTUNG NACH THEMENFELD (nachrichtlich, nicht in der Cashflow-Summe enthalten)
A122: IoT – Einnahmen | E122: =SUMIFS(tblAuftraege[Einnahmen],tblAuftraege[Datum Einnahmen],">="&E$5,tblAuftraege[Datum Einnahmen],"<"&EDATE(E$5,1),tblAuftraege[Themenfeld],"IoT") -> 0 | F122: =SUMIFS(tblAuftraege[Einnahmen],tblAuftraege[Datum Einnahmen],">="&F$5,tblAuftraege[Datum Einnahmen],"<"&EDATE(F$5,1),tblAuftraege[Themenfeld],"IoT") -> 0 | G122: =SUMIFS(tblAuftraege[Einnahmen],tblAuftraege[Datum Einnahmen],">="&G$5,tblAuftraege[Datum Einnahmen],"<"&EDATE(G$5,1),tblAuftraege[Themenfeld],"IoT") -> 0 | H122: =SUMIFS(tblAuftraege[Einnahmen],tblAuftraege[Datum Einnahmen],">="&H$5,tblAuftraege[Datum Einnahmen],"<"&EDATE(H$5,1),tblAuftraege[Themenfeld],"IoT") -> 0 | I122: =SUMIFS(tblAuftraege[Einnahmen],tblAuftraege[Datum Einnahmen],">="&I$5,tblAuftraege[Datum Einnahmen],"<"&EDATE(I$5,1),tblAuftraege[Themenfeld],"IoT") -> 0 | J122: =SUMIFS(tblAuftraege[Einnahmen],tblAuftraege[Datum Einnahmen],">="&J$5,tblAuftraege[Datum Einnahmen],"<"&EDATE(J$5,1),tblAuftraege[Themenfeld],"IoT") -> 0 | K122: =SUMIFS(tblAuftraege[Einnahmen],tblAuftraege[Datum Einnahmen],">="&K$5,tblAuftraege[Datum Einnahmen],"<"&EDATE(K$5,1),tblAuftraege[Themenfeld],"IoT") -> 0 | L122: =SUMIFS(tblAuftraege[Einnahmen],tblAuftraege[Datum Einnahmen],">="&L$5,tblAuftraege[Datum Einnahmen],"<"&EDATE(L$5,1),tblAuftraege[Themenfeld],"IoT") -> 0 | ... V122: =SUMIFS(tblAuftraege[Einnahmen],tblAuftraege[Datum Einnahmen],">="&V$5,tblAuftraege[Datum Einnahmen],"<"&EDATE(V$5,1),tblAuftraege[Themenfeld],"IoT") -> 0 | W122: =SUM(E122:J122) -> 0 | X122: =SUM(K122:V122) -> 0 | Y122: =SUM(E122:V122) -> 0
A123: IoT – Ausgaben | E123: =SUMIFS(tblAuftraege[Ausgaben],tblAuftraege[Datum Ausgaben],">="&E$5,tblAuftraege[Datum Ausgaben],"<"&EDATE(E$5,1),tblAuftraege[Themenfeld],"IoT") -> 0 | F123: =SUMIFS(tblAuftraege[Ausgaben],tblAuftraege[Datum Ausgaben],">="&F$5,tblAuftraege[Datum Ausgaben],"<"&EDATE(F$5,1),tblAuftraege[Themenfeld],"IoT") -> 0 | G123: =SUMIFS(tblAuftraege[Ausgaben],tblAuftraege[Datum Ausgaben],">="&G$5,tblAuftraege[Datum Ausgaben],"<"&EDATE(G$5,1),tblAuftraege[Themenfeld],"IoT") -> 0 | H123: =SUMIFS(tblAuftraege[Ausgaben],tblAuftraege[Datum Ausgaben],">="&H$5,tblAuftraege[Datum Ausgaben],"<"&EDATE(H$5,1),tblAuftraege[Themenfeld],"IoT") -> 0 | I123: =SUMIFS(tblAuftraege[Ausgaben],tblAuftraege[Datum Ausgaben],">="&I$5,tblAuftraege[Datum Ausgaben],"<"&EDATE(I$5,1),tblAuftraege[Themenfeld],"IoT") -> 0 | J123: =SUMIFS(tblAuftraege[Ausgaben],tblAuftraege[Datum Ausgaben],">="&J$5,tblAuftraege[Datum Ausgaben],"<"&EDATE(J$5,1),tblAuftraege[Themenfeld],"IoT") -> 0 | K123: =SUMIFS(tblAuftraege[Ausgaben],tblAuftraege[Datum Ausgaben],">="&K$5,tblAuftraege[Datum Ausgaben],"<"&EDATE(K$5,1),tblAuftraege[Themenfeld],"IoT") -> 0 | L123: =SUMIFS(tblAuftraege[Ausgaben],tblAuftraege[Datum Ausgaben],">="&L$5,tblAuftraege[Datum Ausgaben],"<"&EDATE(L$5,1),tblAuftraege[Themenfeld],"IoT") -> 0 | ... V123: =SUMIFS(tblAuftraege[Ausgaben],tblAuftraege[Datum Ausgaben],">="&V$5,tblAuftraege[Datum Ausgaben],"<"&EDATE(V$5,1),tblAuftraege[Themenfeld],"IoT") -> 0 | W123: =SUM(E123:J123) -> 0 | X123: =SUM(K123:V123) -> 0 | Y123: =SUM(E123:V123) -> 0
A124: EDM – Einnahmen | E124: =SUMIFS(tblAuftraege[Einnahmen],tblAuftraege[Datum Einnahmen],">="&E$5,tblAuftraege[Datum Einnahmen],"<"&EDATE(E$5,1),tblAuftraege[Themenfeld],"EDM") -> 0 | F124: =SUMIFS(tblAuftraege[Einnahmen],tblAuftraege[Datum Einnahmen],">="&F$5,tblAuftraege[Datum Einnahmen],"<"&EDATE(F$5,1),tblAuftraege[Themenfeld],"EDM") -> 0 | G124: =SUMIFS(tblAuftraege[Einnahmen],tblAuftraege[Datum Einnahmen],">="&G$5,tblAuftraege[Datum Einnahmen],"<"&EDATE(G$5,1),tblAuftraege[Themenfeld],"EDM") -> 0 | H124: =SUMIFS(tblAuftraege[Einnahmen],tblAuftraege[Datum Einnahmen],">="&H$5,tblAuftraege[Datum Einnahmen],"<"&EDATE(H$5,1),tblAuftraege[Themenfeld],"EDM") -> 0 | I124: =SUMIFS(tblAuftraege[Einnahmen],tblAuftraege[Datum Einnahmen],">="&I$5,tblAuftraege[Datum Einnahmen],"<"&EDATE(I$5,1),tblAuftraege[Themenfeld],"EDM") -> 0 | J124: =SUMIFS(tblAuftraege[Einnahmen],tblAuftraege[Datum Einnahmen],">="&J$5,tblAuftraege[Datum Einnahmen],"<"&EDATE(J$5,1),tblAuftraege[Themenfeld],"EDM") -> 0 | K124: =SUMIFS(tblAuftraege[Einnahmen],tblAuftraege[Datum Einnahmen],">="&K$5,tblAuftraege[Datum Einnahmen],"<"&EDATE(K$5,1),tblAuftraege[Themenfeld],"EDM") -> 0 | L124: =SUMIFS(tblAuftraege[Einnahmen],tblAuftraege[Datum Einnahmen],">="&L$5,tblAuftraege[Datum Einnahmen],"<"&EDATE(L$5,1),tblAuftraege[Themenfeld],"EDM") -> 0 | ... V124: =SUMIFS(tblAuftraege[Einnahmen],tblAuftraege[Datum Einnahmen],">="&V$5,tblAuftraege[Datum Einnahmen],"<"&EDATE(V$5,1),tblAuftraege[Themenfeld],"EDM") -> 0 | W124: =SUM(E124:J124) -> 0 | X124: =SUM(K124:V124) -> 0 | Y124: =SUM(E124:V124) -> 0
A125: EDM – Ausgaben | E125: =SUMIFS(tblAuftraege[Ausgaben],tblAuftraege[Datum Ausgaben],">="&E$5,tblAuftraege[Datum Ausgaben],"<"&EDATE(E$5,1),tblAuftraege[Themenfeld],"EDM") -> 0 | F125: =SUMIFS(tblAuftraege[Ausgaben],tblAuftraege[Datum Ausgaben],">="&F$5,tblAuftraege[Datum Ausgaben],"<"&EDATE(F$5,1),tblAuftraege[Themenfeld],"EDM") -> 0 | G125: =SUMIFS(tblAuftraege[Ausgaben],tblAuftraege[Datum Ausgaben],">="&G$5,tblAuftraege[Datum Ausgaben],"<"&EDATE(G$5,1),tblAuftraege[Themenfeld],"EDM") -> 0 | H125: =SUMIFS(tblAuftraege[Ausgaben],tblAuftraege[Datum Ausgaben],">="&H$5,tblAuftraege[Datum Ausgaben],"<"&EDATE(H$5,1),tblAuftraege[Themenfeld],"EDM") -> 0 | I125: =SUMIFS(tblAuftraege[Ausgaben],tblAuftraege[Datum Ausgaben],">="&I$5,tblAuftraege[Datum Ausgaben],"<"&EDATE(I$5,1),tblAuftraege[Themenfeld],"EDM") -> 0 | J125: =SUMIFS(tblAuftraege[Ausgaben],tblAuftraege[Datum Ausgaben],">="&J$5,tblAuftraege[Datum Ausgaben],"<"&EDATE(J$5,1),tblAuftraege[Themenfeld],"EDM") -> 0 | K125: =SUMIFS(tblAuftraege[Ausgaben],tblAuftraege[Datum Ausgaben],">="&K$5,tblAuftraege[Datum Ausgaben],"<"&EDATE(K$5,1),tblAuftraege[Themenfeld],"EDM") -> 0 | L125: =SUMIFS(tblAuftraege[Ausgaben],tblAuftraege[Datum Ausgaben],">="&L$5,tblAuftraege[Datum Ausgaben],"<"&EDATE(L$5,1),tblAuftraege[Themenfeld],"EDM") -> 0 | ... V125: =SUMIFS(tblAuftraege[Ausgaben],tblAuftraege[Datum Ausgaben],">="&V$5,tblAuftraege[Datum Ausgaben],"<"&EDATE(V$5,1),tblAuftraege[Themenfeld],"EDM") -> 0 | W125: =SUM(E125:J125) -> 0 | X125: =SUM(K125:V125) -> 0 | Y125: =SUM(E125:V125) -> 0
A126: Parking – Einnahmen | E126: =SUMIFS(tblAuftraege[Einnahmen],tblAuftraege[Datum Einnahmen],">="&E$5,tblAuftraege[Datum Einnahmen],"<"&EDATE(E$5,1),tblAuftraege[Themenfeld],"Parking") -> 0 | F126: =SUMIFS(tblAuftraege[Einnahmen],tblAuftraege[Datum Einnahmen],">="&F$5,tblAuftraege[Datum Einnahmen],"<"&EDATE(F$5,1),tblAuftraege[Themenfeld],"Parking") -> 0 | G126: =SUMIFS(tblAuftraege[Einnahmen],tblAuftraege[Datum Einnahmen],">="&G$5,tblAuftraege[Datum Einnahmen],"<"&EDATE(G$5,1),tblAuftraege[Themenfeld],"Parking") -> 0 | H126: =SUMIFS(tblAuftraege[Einnahmen],tblAuftraege[Datum Einnahmen],">="&H$5,tblAuftraege[Datum Einnahmen],"<"&EDATE(H$5,1),tblAuftraege[Themenfeld],"Parking") -> 0 | I126: =SUMIFS(tblAuftraege[Einnahmen],tblAuftraege[Datum Einnahmen],">="&I$5,tblAuftraege[Datum Einnahmen],"<"&EDATE(I$5,1),tblAuftraege[Themenfeld],"Parking") -> 0 | J126: =SUMIFS(tblAuftraege[Einnahmen],tblAuftraege[Datum Einnahmen],">="&J$5,tblAuftraege[Datum Einnahmen],"<"&EDATE(J$5,1),tblAuftraege[Themenfeld],"Parking") -> 0 | K126: =SUMIFS(tblAuftraege[Einnahmen],tblAuftraege[Datum Einnahmen],">="&K$5,tblAuftraege[Datum Einnahmen],"<"&EDATE(K$5,1),tblAuftraege[Themenfeld],"Parking") -> 0 | L126: =SUMIFS(tblAuftraege[Einnahmen],tblAuftraege[Datum Einnahmen],">="&L$5,tblAuftraege[Datum Einnahmen],"<"&EDATE(L$5,1),tblAuftraege[Themenfeld],"Parking") -> 0 | ... V126: =SUMIFS(tblAuftraege[Einnahmen],tblAuftraege[Datum Einnahmen],">="&V$5,tblAuftraege[Datum Einnahmen],"<"&EDATE(V$5,1),tblAuftraege[Themenfeld],"Parking") -> 0 | W126: =SUM(E126:J126) -> 0 | X126: =SUM(K126:V126) -> 0 | Y126: =SUM(E126:V126) -> 0
A127: Parking – Ausgaben | E127: =SUMIFS(tblAuftraege[Ausgaben],tblAuftraege[Datum Ausgaben],">="&E$5,tblAuftraege[Datum Ausgaben],"<"&EDATE(E$5,1),tblAuftraege[Themenfeld],"Parking") -> 0 | F127: =SUMIFS(tblAuftraege[Ausgaben],tblAuftraege[Datum Ausgaben],">="&F$5,tblAuftraege[Datum Ausgaben],"<"&EDATE(F$5,1),tblAuftraege[Themenfeld],"Parking") -> 0 | G127: =SUMIFS(tblAuftraege[Ausgaben],tblAuftraege[Datum Ausgaben],">="&G$5,tblAuftraege[Datum Ausgaben],"<"&EDATE(G$5,1),tblAuftraege[Themenfeld],"Parking") -> 0 | H127: =SUMIFS(tblAuftraege[Ausgaben],tblAuftraege[Datum Ausgaben],">="&H$5,tblAuftraege[Datum Ausgaben],"<"&EDATE(H$5,1),tblAuftraege[Themenfeld],"Parking") -> 0 | I127: =SUMIFS(tblAuftraege[Ausgaben],tblAuftraege[Datum Ausgaben],">="&I$5,tblAuftraege[Datum Ausgaben],"<"&EDATE(I$5,1),tblAuftraege[Themenfeld],"Parking") -> 0 | J127: =SUMIFS(tblAuftraege[Ausgaben],tblAuftraege[Datum Ausgaben],">="&J$5,tblAuftraege[Datum Ausgaben],"<"&EDATE(J$5,1),tblAuftraege[Themenfeld],"Parking") -> 0 | K127: =SUMIFS(tblAuftraege[Ausgaben],tblAuftraege[Datum Ausgaben],">="&K$5,tblAuftraege[Datum Ausgaben],"<"&EDATE(K$5,1),tblAuftraege[Themenfeld],"Parking") -> 0 | L127: =SUMIFS(tblAuftraege[Ausgaben],tblAuftraege[Datum Ausgaben],">="&L$5,tblAuftraege[Datum Ausgaben],"<"&EDATE(L$5,1),tblAuftraege[Themenfeld],"Parking") -> 0 | ... V127: =SUMIFS(tblAuftraege[Ausgaben],tblAuftraege[Datum Ausgaben],">="&V$5,tblAuftraege[Datum Ausgaben],"<"&EDATE(V$5,1),tblAuftraege[Themenfeld],"Parking") -> 0 | W127: =SUM(E127:J127) -> 0 | X127: =SUM(K127:V127) -> 0 | Y127: =SUM(E127:V127) -> 0
A128: LLM – Einnahmen | E128: =SUMIFS(tblAuftraege[Einnahmen],tblAuftraege[Datum Einnahmen],">="&E$5,tblAuftraege[Datum Einnahmen],"<"&EDATE(E$5,1),tblAuftraege[Themenfeld],"LLM") -> 0 | F128: =SUMIFS(tblAuftraege[Einnahmen],tblAuftraege[Datum Einnahmen],">="&F$5,tblAuftraege[Datum Einnahmen],"<"&EDATE(F$5,1),tblAuftraege[Themenfeld],"LLM") -> 0 | G128: =SUMIFS(tblAuftraege[Einnahmen],tblAuftraege[Datum Einnahmen],">="&G$5,tblAuftraege[Datum Einnahmen],"<"&EDATE(G$5,1),tblAuftraege[Themenfeld],"LLM") -> 0 | H128: =SUMIFS(tblAuftraege[Einnahmen],tblAuftraege[Datum Einnahmen],">="&H$5,tblAuftraege[Datum Einnahmen],"<"&EDATE(H$5,1),tblAuftraege[Themenfeld],"LLM") -> 0 | I128: =SUMIFS(tblAuftraege[Einnahmen],tblAuftraege[Datum Einnahmen],">="&I$5,tblAuftraege[Datum Einnahmen],"<"&EDATE(I$5,1),tblAuftraege[Themenfeld],"LLM") -> 0 | J128: =SUMIFS(tblAuftraege[Einnahmen],tblAuftraege[Datum Einnahmen],">="&J$5,tblAuftraege[Datum Einnahmen],"<"&EDATE(J$5,1),tblAuftraege[Themenfeld],"LLM") -> 0 | K128: =SUMIFS(tblAuftraege[Einnahmen],tblAuftraege[Datum Einnahmen],">="&K$5,tblAuftraege[Datum Einnahmen],"<"&EDATE(K$5,1),tblAuftraege[Themenfeld],"LLM") -> 0 | L128: =SUMIFS(tblAuftraege[Einnahmen],tblAuftraege[Datum Einnahmen],">="&L$5,tblAuftraege[Datum Einnahmen],"<"&EDATE(L$5,1),tblAuftraege[Themenfeld],"LLM") -> 0 | ... V128: =SUMIFS(tblAuftraege[Einnahmen],tblAuftraege[Datum Einnahmen],">="&V$5,tblAuftraege[Datum Einnahmen],"<"&EDATE(V$5,1),tblAuftraege[Themenfeld],"LLM") -> 0 | W128: =SUM(E128:J128) -> 0 | X128: =SUM(K128:V128) -> 0 | Y128: =SUM(E128:V128) -> 0
A129: LLM – Ausgaben | E129: =SUMIFS(tblAuftraege[Ausgaben],tblAuftraege[Datum Ausgaben],">="&E$5,tblAuftraege[Datum Ausgaben],"<"&EDATE(E$5,1),tblAuftraege[Themenfeld],"LLM") -> 0 | F129: =SUMIFS(tblAuftraege[Ausgaben],tblAuftraege[Datum Ausgaben],">="&F$5,tblAuftraege[Datum Ausgaben],"<"&EDATE(F$5,1),tblAuftraege[Themenfeld],"LLM") -> 0 | G129: =SUMIFS(tblAuftraege[Ausgaben],tblAuftraege[Datum Ausgaben],">="&G$5,tblAuftraege[Datum Ausgaben],"<"&EDATE(G$5,1),tblAuftraege[Themenfeld],"LLM") -> 0 | H129: =SUMIFS(tblAuftraege[Ausgaben],tblAuftraege[Datum Ausgaben],">="&H$5,tblAuftraege[Datum Ausgaben],"<"&EDATE(H$5,1),tblAuftraege[Themenfeld],"LLM") -> 0 | I129: =SUMIFS(tblAuftraege[Ausgaben],tblAuftraege[Datum Ausgaben],">="&I$5,tblAuftraege[Datum Ausgaben],"<"&EDATE(I$5,1),tblAuftraege[Themenfeld],"LLM") -> 0 | J129: =SUMIFS(tblAuftraege[Ausgaben],tblAuftraege[Datum Ausgaben],">="&J$5,tblAuftraege[Datum Ausgaben],"<"&EDATE(J$5,1),tblAuftraege[Themenfeld],"LLM") -> 0 | K129: =SUMIFS(tblAuftraege[Ausgaben],tblAuftraege[Datum Ausgaben],">="&K$5,tblAuftraege[Datum Ausgaben],"<"&EDATE(K$5,1),tblAuftraege[Themenfeld],"LLM") -> 0 | L129: =SUMIFS(tblAuftraege[Ausgaben],tblAuftraege[Datum Ausgaben],">="&L$5,tblAuftraege[Datum Ausgaben],"<"&EDATE(L$5,1),tblAuftraege[Themenfeld],"LLM") -> 0 | ... V129: =SUMIFS(tblAuftraege[Ausgaben],tblAuftraege[Datum Ausgaben],">="&V$5,tblAuftraege[Datum Ausgaben],"<"&EDATE(V$5,1),tblAuftraege[Themenfeld],"LLM") -> 0 | W129: =SUM(E129:J129) -> 0 | X129: =SUM(K129:V129) -> 0 | Y129: =SUM(E129:V129) -> 0
A131: 5 AUSWERTUNG NACH KATEGORIE (nachrichtlich, nicht in der Cashflow-Summe enthalten)
A132: Hardware – Einnahmen | E132: =SUMIFS(tblAuftraege[Einnahmen],tblAuftraege[Datum Einnahmen],">="&E$5,tblAuftraege[Datum Einnahmen],"<"&EDATE(E$5,1),tblAuftraege[Kategorie],"Hardware") -> 0 | F132: =SUMIFS(tblAuftraege[Einnahmen],tblAuftraege[Datum Einnahmen],">="&F$5,tblAuftraege[Datum Einnahmen],"<"&EDATE(F$5,1),tblAuftraege[Kategorie],"Hardware") -> 0 | G132: =SUMIFS(tblAuftraege[Einnahmen],tblAuftraege[Datum Einnahmen],">="&G$5,tblAuftraege[Datum Einnahmen],"<"&EDATE(G$5,1),tblAuftraege[Kategorie],"Hardware") -> 0 | H132: =SUMIFS(tblAuftraege[Einnahmen],tblAuftraege[Datum Einnahmen],">="&H$5,tblAuftraege[Datum Einnahmen],"<"&EDATE(H$5,1),tblAuftraege[Kategorie],"Hardware") -> 0 | I132: =SUMIFS(tblAuftraege[Einnahmen],tblAuftraege[Datum Einnahmen],">="&I$5,tblAuftraege[Datum Einnahmen],"<"&EDATE(I$5,1),tblAuftraege[Kategorie],"Hardware") -> 0 | J132: =SUMIFS(tblAuftraege[Einnahmen],tblAuftraege[Datum Einnahmen],">="&J$5,tblAuftraege[Datum Einnahmen],"<"&EDATE(J$5,1),tblAuftraege[Kategorie],"Hardware") -> 0 | K132: =SUMIFS(tblAuftraege[Einnahmen],tblAuftraege[Datum Einnahmen],">="&K$5,tblAuftraege[Datum Einnahmen],"<"&EDATE(K$5,1),tblAuftraege[Kategorie],"Hardware") -> 0 | L132: =SUMIFS(tblAuftraege[Einnahmen],tblAuftraege[Datum Einnahmen],">="&L$5,tblAuftraege[Datum Einnahmen],"<"&EDATE(L$5,1),tblAuftraege[Kategorie],"Hardware") -> 0 | ... V132: =SUMIFS(tblAuftraege[Einnahmen],tblAuftraege[Datum Einnahmen],">="&V$5,tblAuftraege[Datum Einnahmen],"<"&EDATE(V$5,1),tblAuftraege[Kategorie],"Hardware") -> 0 | W132: =SUM(E132:J132) -> 0 | X132: =SUM(K132:V132) -> 0 | Y132: =SUM(E132:V132) -> 0
A133: Hardware – Ausgaben | E133: =SUMIFS(tblAuftraege[Ausgaben],tblAuftraege[Datum Ausgaben],">="&E$5,tblAuftraege[Datum Ausgaben],"<"&EDATE(E$5,1),tblAuftraege[Kategorie],"Hardware") -> 0 | F133: =SUMIFS(tblAuftraege[Ausgaben],tblAuftraege[Datum Ausgaben],">="&F$5,tblAuftraege[Datum Ausgaben],"<"&EDATE(F$5,1),tblAuftraege[Kategorie],"Hardware") -> 0 | G133: =SUMIFS(tblAuftraege[Ausgaben],tblAuftraege[Datum Ausgaben],">="&G$5,tblAuftraege[Datum Ausgaben],"<"&EDATE(G$5,1),tblAuftraege[Kategorie],"Hardware") -> 0 | H133: =SUMIFS(tblAuftraege[Ausgaben],tblAuftraege[Datum Ausgaben],">="&H$5,tblAuftraege[Datum Ausgaben],"<"&EDATE(H$5,1),tblAuftraege[Kategorie],"Hardware") -> 0 | I133: =SUMIFS(tblAuftraege[Ausgaben],tblAuftraege[Datum Ausgaben],">="&I$5,tblAuftraege[Datum Ausgaben],"<"&EDATE(I$5,1),tblAuftraege[Kategorie],"Hardware") -> 0 | J133: =SUMIFS(tblAuftraege[Ausgaben],tblAuftraege[Datum Ausgaben],">="&J$5,tblAuftraege[Datum Ausgaben],"<"&EDATE(J$5,1),tblAuftraege[Kategorie],"Hardware") -> 0 | K133: =SUMIFS(tblAuftraege[Ausgaben],tblAuftraege[Datum Ausgaben],">="&K$5,tblAuftraege[Datum Ausgaben],"<"&EDATE(K$5,1),tblAuftraege[Kategorie],"Hardware") -> 0 | L133: =SUMIFS(tblAuftraege[Ausgaben],tblAuftraege[Datum Ausgaben],">="&L$5,tblAuftraege[Datum Ausgaben],"<"&EDATE(L$5,1),tblAuftraege[Kategorie],"Hardware") -> 0 | ... V133: =SUMIFS(tblAuftraege[Ausgaben],tblAuftraege[Datum Ausgaben],">="&V$5,tblAuftraege[Datum Ausgaben],"<"&EDATE(V$5,1),tblAuftraege[Kategorie],"Hardware") -> 0 | W133: =SUM(E133:J133) -> 0 | X133: =SUM(K133:V133) -> 0 | Y133: =SUM(E133:V133) -> 0
A134: Hardware + Dienstleistung – Einnahmen | E134: =SUMIFS(tblAuftraege[Einnahmen],tblAuftraege[Datum Einnahmen],">="&E$5,tblAuftraege[Datum Einnahmen],"<"&EDATE(E$5,1),tblAuftraege[Kategorie],"Hardware + Dienstleistung") -> 0 | F134: =SUMIFS(tblAuftraege[Einnahmen],tblAuftraege[Datum Einnahmen],">="&F$5,tblAuftraege[Datum Einnahmen],"<"&EDATE(F$5,1),tblAuftraege[Kategorie],"Hardware + Dienstleistung") -> 0 | G134: =SUMIFS(tblAuftraege[Einnahmen],tblAuftraege[Datum Einnahmen],">="&G$5,tblAuftraege[Datum Einnahmen],"<"&EDATE(G$5,1),tblAuftraege[Kategorie],"Hardware + Dienstleistung") -> 0 | H134: =SUMIFS(tblAuftraege[Einnahmen],tblAuftraege[Datum Einnahmen],">="&H$5,tblAuftraege[Datum Einnahmen],"<"&EDATE(H$5,1),tblAuftraege[Kategorie],"Hardware + Dienstleistung") -> 0 | I134: =SUMIFS(tblAuftraege[Einnahmen],tblAuftraege[Datum Einnahmen],">="&I$5,tblAuftraege[Datum Einnahmen],"<"&EDATE(I$5,1),tblAuftraege[Kategorie],"Hardware + Dienstleistung") -> 0 | J134: =SUMIFS(tblAuftraege[Einnahmen],tblAuftraege[Datum Einnahmen],">="&J$5,tblAuftraege[Datum Einnahmen],"<"&EDATE(J$5,1),tblAuftraege[Kategorie],"Hardware + Dienstleistung") -> 0 | K134: =SUMIFS(tblAuftraege[Einnahmen],tblAuftraege[Datum Einnahmen],">="&K$5,tblAuftraege[Datum Einnahmen],"<"&EDATE(K$5,1),tblAuftraege[Kategorie],"Hardware + Dienstleistung") -> 0 | L134: =SUMIFS(tblAuftraege[Einnahmen],tblAuftraege[Datum Einnahmen],">="&L$5,tblAuftraege[Datum Einnahmen],"<"&EDATE(L$5,1),tblAuftraege[Kategorie],"Hardware + Dienstleistung") -> 0 | ... V134: =SUMIFS(tblAuftraege[Einnahmen],tblAuftraege[Datum Einnahmen],">="&V$5,tblAuftraege[Datum Einnahmen],"<"&EDATE(V$5,1),tblAuftraege[Kategorie],"Hardware + Dienstleistung") -> 0 | W134: =SUM(E134:J134) -> 0 | X134: =SUM(K134:V134) -> 0 | Y134: =SUM(E134:V134) -> 0
A135: Hardware + Dienstleistung – Ausgaben | E135: =SUMIFS(tblAuftraege[Ausgaben],tblAuftraege[Datum Ausgaben],">="&E$5,tblAuftraege[Datum Ausgaben],"<"&EDATE(E$5,1),tblAuftraege[Kategorie],"Hardware + Dienstleistung") -> 0 | F135: =SUMIFS(tblAuftraege[Ausgaben],tblAuftraege[Datum Ausgaben],">="&F$5,tblAuftraege[Datum Ausgaben],"<"&EDATE(F$5,1),tblAuftraege[Kategorie],"Hardware + Dienstleistung") -> 0 | G135: =SUMIFS(tblAuftraege[Ausgaben],tblAuftraege[Datum Ausgaben],">="&G$5,tblAuftraege[Datum Ausgaben],"<"&EDATE(G$5,1),tblAuftraege[Kategorie],"Hardware + Dienstleistung") -> 0 | H135: =SUMIFS(tblAuftraege[Ausgaben],tblAuftraege[Datum Ausgaben],">="&H$5,tblAuftraege[Datum Ausgaben],"<"&EDATE(H$5,1),tblAuftraege[Kategorie],"Hardware + Dienstleistung") -> 0 | I135: =SUMIFS(tblAuftraege[Ausgaben],tblAuftraege[Datum Ausgaben],">="&I$5,tblAuftraege[Datum Ausgaben],"<"&EDATE(I$5,1),tblAuftraege[Kategorie],"Hardware + Dienstleistung") -> 0 | J135: =SUMIFS(tblAuftraege[Ausgaben],tblAuftraege[Datum Ausgaben],">="&J$5,tblAuftraege[Datum Ausgaben],"<"&EDATE(J$5,1),tblAuftraege[Kategorie],"Hardware + Dienstleistung") -> 0 | K135: =SUMIFS(tblAuftraege[Ausgaben],tblAuftraege[Datum Ausgaben],">="&K$5,tblAuftraege[Datum Ausgaben],"<"&EDATE(K$5,1),tblAuftraege[Kategorie],"Hardware + Dienstleistung") -> 0 | L135: =SUMIFS(tblAuftraege[Ausgaben],tblAuftraege[Datum Ausgaben],">="&L$5,tblAuftraege[Datum Ausgaben],"<"&EDATE(L$5,1),tblAuftraege[Kategorie],"Hardware + Dienstleistung") -> 0 | ... V135: =SUMIFS(tblAuftraege[Ausgaben],tblAuftraege[Datum Ausgaben],">="&V$5,tblAuftraege[Datum Ausgaben],"<"&EDATE(V$5,1),tblAuftraege[Kategorie],"Hardware + Dienstleistung") -> 0 | W135: =SUM(E135:J135) -> 0 | X135: =SUM(K135:V135) -> 0 | Y135: =SUM(E135:V135) -> 0
A136: Lizenzen – Einnahmen | E136: =SUMIFS(tblAuftraege[Einnahmen],tblAuftraege[Datum Einnahmen],">="&E$5,tblAuftraege[Datum Einnahmen],"<"&EDATE(E$5,1),tblAuftraege[Kategorie],"Lizenzen") -> 0 | F136: =SUMIFS(tblAuftraege[Einnahmen],tblAuftraege[Datum Einnahmen],">="&F$5,tblAuftraege[Datum Einnahmen],"<"&EDATE(F$5,1),tblAuftraege[Kategorie],"Lizenzen") -> 0 | G136: =SUMIFS(tblAuftraege[Einnahmen],tblAuftraege[Datum Einnahmen],">="&G$5,tblAuftraege[Datum Einnahmen],"<"&EDATE(G$5,1),tblAuftraege[Kategorie],"Lizenzen") -> 0 | H136: =SUMIFS(tblAuftraege[Einnahmen],tblAuftraege[Datum Einnahmen],">="&H$5,tblAuftraege[Datum Einnahmen],"<"&EDATE(H$5,1),tblAuftraege[Kategorie],"Lizenzen") -> 0 | I136: =SUMIFS(tblAuftraege[Einnahmen],tblAuftraege[Datum Einnahmen],">="&I$5,tblAuftraege[Datum Einnahmen],"<"&EDATE(I$5,1),tblAuftraege[Kategorie],"Lizenzen") -> 0 | J136: =SUMIFS(tblAuftraege[Einnahmen],tblAuftraege[Datum Einnahmen],">="&J$5,tblAuftraege[Datum Einnahmen],"<"&EDATE(J$5,1),tblAuftraege[Kategorie],"Lizenzen") -> 0 | K136: =SUMIFS(tblAuftraege[Einnahmen],tblAuftraege[Datum Einnahmen],">="&K$5,tblAuftraege[Datum Einnahmen],"<"&EDATE(K$5,1),tblAuftraege[Kategorie],"Lizenzen") -> 0 | L136: =SUMIFS(tblAuftraege[Einnahmen],tblAuftraege[Datum Einnahmen],">="&L$5,tblAuftraege[Datum Einnahmen],"<"&EDATE(L$5,1),tblAuftraege[Kategorie],"Lizenzen") -> 0 | ... V136: =SUMIFS(tblAuftraege[Einnahmen],tblAuftraege[Datum Einnahmen],">="&V$5,tblAuftraege[Datum Einnahmen],"<"&EDATE(V$5,1),tblAuftraege[Kategorie],"Lizenzen") -> 0 | W136: =SUM(E136:J136) -> 0 | X136: =SUM(K136:V136) -> 0 | Y136: =SUM(E136:V136) -> 0
A137: Lizenzen – Ausgaben | E137: =SUMIFS(tblAuftraege[Ausgaben],tblAuftraege[Datum Ausgaben],">="&E$5,tblAuftraege[Datum Ausgaben],"<"&EDATE(E$5,1),tblAuftraege[Kategorie],"Lizenzen") -> 0 | F137: =SUMIFS(tblAuftraege[Ausgaben],tblAuftraege[Datum Ausgaben],">="&F$5,tblAuftraege[Datum Ausgaben],"<"&EDATE(F$5,1),tblAuftraege[Kategorie],"Lizenzen") -> 0 | G137: =SUMIFS(tblAuftraege[Ausgaben],tblAuftraege[Datum Ausgaben],">="&G$5,tblAuftraege[Datum Ausgaben],"<"&EDATE(G$5,1),tblAuftraege[Kategorie],"Lizenzen") -> 0 | H137: =SUMIFS(tblAuftraege[Ausgaben],tblAuftraege[Datum Ausgaben],">="&H$5,tblAuftraege[Datum Ausgaben],"<"&EDATE(H$5,1),tblAuftraege[Kategorie],"Lizenzen") -> 0 | I137: =SUMIFS(tblAuftraege[Ausgaben],tblAuftraege[Datum Ausgaben],">="&I$5,tblAuftraege[Datum Ausgaben],"<"&EDATE(I$5,1),tblAuftraege[Kategorie],"Lizenzen") -> 0 | J137: =SUMIFS(tblAuftraege[Ausgaben],tblAuftraege[Datum Ausgaben],">="&J$5,tblAuftraege[Datum Ausgaben],"<"&EDATE(J$5,1),tblAuftraege[Kategorie],"Lizenzen") -> 0 | K137: =SUMIFS(tblAuftraege[Ausgaben],tblAuftraege[Datum Ausgaben],">="&K$5,tblAuftraege[Datum Ausgaben],"<"&EDATE(K$5,1),tblAuftraege[Kategorie],"Lizenzen") -> 0 | L137: =SUMIFS(tblAuftraege[Ausgaben],tblAuftraege[Datum Ausgaben],">="&L$5,tblAuftraege[Datum Ausgaben],"<"&EDATE(L$5,1),tblAuftraege[Kategorie],"Lizenzen") -> 0 | ... V137: =SUMIFS(tblAuftraege[Ausgaben],tblAuftraege[Datum Ausgaben],">="&V$5,tblAuftraege[Datum Ausgaben],"<"&EDATE(V$5,1),tblAuftraege[Kategorie],"Lizenzen") -> 0 | W137: =SUM(E137:J137) -> 0 | X137: =SUM(K137:V137) -> 0 | Y137: =SUM(E137:V137) -> 0
A138: Dienstleistung – Einnahmen | E138: =SUMIFS(tblAuftraege[Einnahmen],tblAuftraege[Datum Einnahmen],">="&E$5,tblAuftraege[Datum Einnahmen],"<"&EDATE(E$5,1),tblAuftraege[Kategorie],"Dienstleistung") -> 0 | F138: =SUMIFS(tblAuftraege[Einnahmen],tblAuftraege[Datum Einnahmen],">="&F$5,tblAuftraege[Datum Einnahmen],"<"&EDATE(F$5,1),tblAuftraege[Kategorie],"Dienstleistung") -> 0 | G138: =SUMIFS(tblAuftraege[Einnahmen],tblAuftraege[Datum Einnahmen],">="&G$5,tblAuftraege[Datum Einnahmen],"<"&EDATE(G$5,1),tblAuftraege[Kategorie],"Dienstleistung") -> 0 | H138: =SUMIFS(tblAuftraege[Einnahmen],tblAuftraege[Datum Einnahmen],">="&H$5,tblAuftraege[Datum Einnahmen],"<"&EDATE(H$5,1),tblAuftraege[Kategorie],"Dienstleistung") -> 0 | I138: =SUMIFS(tblAuftraege[Einnahmen],tblAuftraege[Datum Einnahmen],">="&I$5,tblAuftraege[Datum Einnahmen],"<"&EDATE(I$5,1),tblAuftraege[Kategorie],"Dienstleistung") -> 0 | J138: =SUMIFS(tblAuftraege[Einnahmen],tblAuftraege[Datum Einnahmen],">="&J$5,tblAuftraege[Datum Einnahmen],"<"&EDATE(J$5,1),tblAuftraege[Kategorie],"Dienstleistung") -> 0 | K138: =SUMIFS(tblAuftraege[Einnahmen],tblAuftraege[Datum Einnahmen],">="&K$5,tblAuftraege[Datum Einnahmen],"<"&EDATE(K$5,1),tblAuftraege[Kategorie],"Dienstleistung") -> 0 | L138: =SUMIFS(tblAuftraege[Einnahmen],tblAuftraege[Datum Einnahmen],">="&L$5,tblAuftraege[Datum Einnahmen],"<"&EDATE(L$5,1),tblAuftraege[Kategorie],"Dienstleistung") -> 0 | ... V138: =SUMIFS(tblAuftraege[Einnahmen],tblAuftraege[Datum Einnahmen],">="&V$5,tblAuftraege[Datum Einnahmen],"<"&EDATE(V$5,1),tblAuftraege[Kategorie],"Dienstleistung") -> 0 | W138: =SUM(E138:J138) -> 0 | X138: =SUM(K138:V138) -> 0 | Y138: =SUM(E138:V138) -> 0
A139: Dienstleistung – Ausgaben | E139: =SUMIFS(tblAuftraege[Ausgaben],tblAuftraege[Datum Ausgaben],">="&E$5,tblAuftraege[Datum Ausgaben],"<"&EDATE(E$5,1),tblAuftraege[Kategorie],"Dienstleistung") -> 0 | F139: =SUMIFS(tblAuftraege[Ausgaben],tblAuftraege[Datum Ausgaben],">="&F$5,tblAuftraege[Datum Ausgaben],"<"&EDATE(F$5,1),tblAuftraege[Kategorie],"Dienstleistung") -> 0 | G139: =SUMIFS(tblAuftraege[Ausgaben],tblAuftraege[Datum Ausgaben],">="&G$5,tblAuftraege[Datum Ausgaben],"<"&EDATE(G$5,1),tblAuftraege[Kategorie],"Dienstleistung") -> 0 | H139: =SUMIFS(tblAuftraege[Ausgaben],tblAuftraege[Datum Ausgaben],">="&H$5,tblAuftraege[Datum Ausgaben],"<"&EDATE(H$5,1),tblAuftraege[Kategorie],"Dienstleistung") -> 0 | I139: =SUMIFS(tblAuftraege[Ausgaben],tblAuftraege[Datum Ausgaben],">="&I$5,tblAuftraege[Datum Ausgaben],"<"&EDATE(I$5,1),tblAuftraege[Kategorie],"Dienstleistung") -> 0 | J139: =SUMIFS(tblAuftraege[Ausgaben],tblAuftraege[Datum Ausgaben],">="&J$5,tblAuftraege[Datum Ausgaben],"<"&EDATE(J$5,1),tblAuftraege[Kategorie],"Dienstleistung") -> 0 | K139: =SUMIFS(tblAuftraege[Ausgaben],tblAuftraege[Datum Ausgaben],">="&K$5,tblAuftraege[Datum Ausgaben],"<"&EDATE(K$5,1),tblAuftraege[Kategorie],"Dienstleistung") -> 0 | L139: =SUMIFS(tblAuftraege[Ausgaben],tblAuftraege[Datum Ausgaben],">="&L$5,tblAuftraege[Datum Ausgaben],"<"&EDATE(L$5,1),tblAuftraege[Kategorie],"Dienstleistung") -> 0 | ... V139: =SUMIFS(tblAuftraege[Ausgaben],tblAuftraege[Datum Ausgaben],">="&V$5,tblAuftraege[Datum Ausgaben],"<"&EDATE(V$5,1),tblAuftraege[Kategorie],"Dienstleistung") -> 0 | W139: =SUM(E139:J139) -> 0 | X139: =SUM(K139:V139) -> 0 | Y139: =SUM(E139:V139) -> 0
A141: 6 EINNAHMEN NACH KOSTENSTELLE (nachrichtlich, nicht in der Cashflow-Summe enthalten)
A142: 87004006 | B142: LKW / Autostrom+ / PKW / Autostrom+ | E142: =IF($A142="",0,SUMIFS(tblAuftraege[Einnahmen],tblAuftraege[Datum Einnahmen],">="&E$5,tblAuftraege[Datum Einnahmen],"<"&EDATE(E$5,1),tblAuftraege[Kostenstelle],$A142)) -> 0 | F142: =IF($A142="",0,SUMIFS(tblAuftraege[Einnahmen],tblAuftraege[Datum Einnahmen],">="&F$5,tblAuftraege[Datum Einnahmen],"<"&EDATE(F$5,1),tblAuftraege[Kostenstelle],$A142)) -> 0 | G142: =IF($A142="",0,SUMIFS(tblAuftraege[Einnahmen],tblAuftraege[Datum Einnahmen],">="&G$5,tblAuftraege[Datum Einnahmen],"<"&EDATE(G$5,1),tblAuftraege[Kostenstelle],$A142)) -> 0 | H142: =IF($A142="",0,SUMIFS(tblAuftraege[Einnahmen],tblAuftraege[Datum Einnahmen],">="&H$5,tblAuftraege[Datum Einnahmen],"<"&EDATE(H$5,1),tblAuftraege[Kostenstelle],$A142)) -> 0 | I142: =IF($A142="",0,SUMIFS(tblAuftraege[Einnahmen],tblAuftraege[Datum Einnahmen],">="&I$5,tblAuftraege[Datum Einnahmen],"<"&EDATE(I$5,1),tblAuftraege[Kostenstelle],$A142)) -> 0 | J142: =IF($A142="",0,SUMIFS(tblAuftraege[Einnahmen],tblAuftraege[Datum Einnahmen],">="&J$5,tblAuftraege[Datum Einnahmen],"<"&EDATE(J$5,1),tblAuftraege[Kostenstelle],$A142)) -> 0 | K142: =IF($A142="",0,SUMIFS(tblAuftraege[Einnahmen],tblAuftraege[Datum Einnahmen],">="&K$5,tblAuftraege[Datum Einnahmen],"<"&EDATE(K$5,1),tblAuftraege[Kostenstelle],$A142)) -> 0 | L142: =IF($A142="",0,SUMIFS(tblAuftraege[Einnahmen],tblAuftraege[Datum Einnahmen],">="&L$5,tblAuftraege[Datum Einnahmen],"<"&EDATE(L$5,1),tblAuftraege[Kostenstelle],$A142)) -> 0 | ... V142: =IF($A142="",0,SUMIFS(tblAuftraege[Einnahmen],tblAuftraege[Datum Einnahmen],">="&V$5,tblAuftraege[Datum Einnahmen],"<"&EDATE(V$5,1),tblAuftraege[Kostenstelle],$A142)) -> 0 | W142: =SUM(E142:J142) -> 0 | X142: =SUM(K142:V142) -> 0 | Y142: =SUM(E142:V142) -> 0
A143: 87105004 | B143: HanseWerk Natur | E143: =IF($A143="",0,SUMIFS(tblAuftraege[Einnahmen],tblAuftraege[Datum Einnahmen],">="&E$5,tblAuftraege[Datum Einnahmen],"<"&EDATE(E$5,1),tblAuftraege[Kostenstelle],$A143)) -> 0 | F143: =IF($A143="",0,SUMIFS(tblAuftraege[Einnahmen],tblAuftraege[Datum Einnahmen],">="&F$5,tblAuftraege[Datum Einnahmen],"<"&EDATE(F$5,1),tblAuftraege[Kostenstelle],$A143)) -> 0 | G143: =IF($A143="",0,SUMIFS(tblAuftraege[Einnahmen],tblAuftraege[Datum Einnahmen],">="&G$5,tblAuftraege[Datum Einnahmen],"<"&EDATE(G$5,1),tblAuftraege[Kostenstelle],$A143)) -> 0 | H143: =IF($A143="",0,SUMIFS(tblAuftraege[Einnahmen],tblAuftraege[Datum Einnahmen],">="&H$5,tblAuftraege[Datum Einnahmen],"<"&EDATE(H$5,1),tblAuftraege[Kostenstelle],$A143)) -> 0 | I143: =IF($A143="",0,SUMIFS(tblAuftraege[Einnahmen],tblAuftraege[Datum Einnahmen],">="&I$5,tblAuftraege[Datum Einnahmen],"<"&EDATE(I$5,1),tblAuftraege[Kostenstelle],$A143)) -> 0 | J143: =IF($A143="",0,SUMIFS(tblAuftraege[Einnahmen],tblAuftraege[Datum Einnahmen],">="&J$5,tblAuftraege[Datum Einnahmen],"<"&EDATE(J$5,1),tblAuftraege[Kostenstelle],$A143)) -> 0 | K143: =IF($A143="",0,SUMIFS(tblAuftraege[Einnahmen],tblAuftraege[Datum Einnahmen],">="&K$5,tblAuftraege[Datum Einnahmen],"<"&EDATE(K$5,1),tblAuftraege[Kostenstelle],$A143)) -> 0 | L143: =IF($A143="",0,SUMIFS(tblAuftraege[Einnahmen],tblAuftraege[Datum Einnahmen],">="&L$5,tblAuftraege[Datum Einnahmen],"<"&EDATE(L$5,1),tblAuftraege[Kostenstelle],$A143)) -> 0 | ... V143: =IF($A143="",0,SUMIFS(tblAuftraege[Einnahmen],tblAuftraege[Datum Einnahmen],">="&V$5,tblAuftraege[Datum Einnahmen],"<"&EDATE(V$5,1),tblAuftraege[Kostenstelle],$A143)) -> 0 | W143: =SUM(E143:J143) -> 0 | X143: =SUM(K143:V143) -> 0 | Y143: =SUM(E143:V143) -> 0
A144: 87001009 | B144: Stadtwerke Husum | E144: =IF($A144="",0,SUMIFS(tblAuftraege[Einnahmen],tblAuftraege[Datum Einnahmen],">="&E$5,tblAuftraege[Datum Einnahmen],"<"&EDATE(E$5,1),tblAuftraege[Kostenstelle],$A144)) -> 0 | F144: =IF($A144="",0,SUMIFS(tblAuftraege[Einnahmen],tblAuftraege[Datum Einnahmen],">="&F$5,tblAuftraege[Datum Einnahmen],"<"&EDATE(F$5,1),tblAuftraege[Kostenstelle],$A144)) -> 0 | G144: =IF($A144="",0,SUMIFS(tblAuftraege[Einnahmen],tblAuftraege[Datum Einnahmen],">="&G$5,tblAuftraege[Datum Einnahmen],"<"&EDATE(G$5,1),tblAuftraege[Kostenstelle],$A144)) -> 0 | H144: =IF($A144="",0,SUMIFS(tblAuftraege[Einnahmen],tblAuftraege[Datum Einnahmen],">="&H$5,tblAuftraege[Datum Einnahmen],"<"&EDATE(H$5,1),tblAuftraege[Kostenstelle],$A144)) -> 0 | I144: =IF($A144="",0,SUMIFS(tblAuftraege[Einnahmen],tblAuftraege[Datum Einnahmen],">="&I$5,tblAuftraege[Datum Einnahmen],"<"&EDATE(I$5,1),tblAuftraege[Kostenstelle],$A144)) -> 0 | J144: =IF($A144="",0,SUMIFS(tblAuftraege[Einnahmen],tblAuftraege[Datum Einnahmen],">="&J$5,tblAuftraege[Datum Einnahmen],"<"&EDATE(J$5,1),tblAuftraege[Kostenstelle],$A144)) -> 0 | K144: =IF($A144="",0,SUMIFS(tblAuftraege[Einnahmen],tblAuftraege[Datum Einnahmen],">="&K$5,tblAuftraege[Datum Einnahmen],"<"&EDATE(K$5,1),tblAuftraege[Kostenstelle],$A144)) -> 0 | L144: =IF($A144="",0,SUMIFS(tblAuftraege[Einnahmen],tblAuftraege[Datum Einnahmen],">="&L$5,tblAuftraege[Datum Einnahmen],"<"&EDATE(L$5,1),tblAuftraege[Kostenstelle],$A144)) -> 0 | ... V144: =IF($A144="",0,SUMIFS(tblAuftraege[Einnahmen],tblAuftraege[Datum Einnahmen],">="&V$5,tblAuftraege[Datum Einnahmen],"<"&EDATE(V$5,1),tblAuftraege[Kostenstelle],$A144)) -> 0 | W144: =SUM(E144:J144) -> 0 | X144: =SUM(K144:V144) -> 0 | Y144: =SUM(E144:V144) -> 0
A145: 85309000 | B145: Bereichskostenstelle EDM | E145: =IF($A145="",0,SUMIFS(tblAuftraege[Einnahmen],tblAuftraege[Datum Einnahmen],">="&E$5,tblAuftraege[Datum Einnahmen],"<"&EDATE(E$5,1),tblAuftraege[Kostenstelle],$A145)) -> 0 | F145: =IF($A145="",0,SUMIFS(tblAuftraege[Einnahmen],tblAuftraege[Datum Einnahmen],">="&F$5,tblAuftraege[Datum Einnahmen],"<"&EDATE(F$5,1),tblAuftraege[Kostenstelle],$A145)) -> 0 | G145: =IF($A145="",0,SUMIFS(tblAuftraege[Einnahmen],tblAuftraege[Datum Einnahmen],">="&G$5,tblAuftraege[Datum Einnahmen],"<"&EDATE(G$5,1),tblAuftraege[Kostenstelle],$A145)) -> 0 | H145: =IF($A145="",0,SUMIFS(tblAuftraege[Einnahmen],tblAuftraege[Datum Einnahmen],">="&H$5,tblAuftraege[Datum Einnahmen],"<"&EDATE(H$5,1),tblAuftraege[Kostenstelle],$A145)) -> 0 | I145: =IF($A145="",0,SUMIFS(tblAuftraege[Einnahmen],tblAuftraege[Datum Einnahmen],">="&I$5,tblAuftraege[Datum Einnahmen],"<"&EDATE(I$5,1),tblAuftraege[Kostenstelle],$A145)) -> 0 | J145: =IF($A145="",0,SUMIFS(tblAuftraege[Einnahmen],tblAuftraege[Datum Einnahmen],">="&J$5,tblAuftraege[Datum Einnahmen],"<"&EDATE(J$5,1),tblAuftraege[Kostenstelle],$A145)) -> 0 | K145: =IF($A145="",0,SUMIFS(tblAuftraege[Einnahmen],tblAuftraege[Datum Einnahmen],">="&K$5,tblAuftraege[Datum Einnahmen],"<"&EDATE(K$5,1),tblAuftraege[Kostenstelle],$A145)) -> 0 | L145: =IF($A145="",0,SUMIFS(tblAuftraege[Einnahmen],tblAuftraege[Datum Einnahmen],">="&L$5,tblAuftraege[Datum Einnahmen],"<"&EDATE(L$5,1),tblAuftraege[Kostenstelle],$A145)) -> 0 | ... V145: =IF($A145="",0,SUMIFS(tblAuftraege[Einnahmen],tblAuftraege[Datum Einnahmen],">="&V$5,tblAuftraege[Datum Einnahmen],"<"&EDATE(V$5,1),tblAuftraege[Kostenstelle],$A145)) -> 0 | W145: =SUM(E145:J145) -> 0 | X145: =SUM(K145:V145) -> 0 | Y145: =SUM(E145:V145) -> 0
A146: 87001004 | B146: Airbus | E146: =IF($A146="",0,SUMIFS(tblAuftraege[Einnahmen],tblAuftraege[Datum Einnahmen],">="&E$5,tblAuftraege[Datum Einnahmen],"<"&EDATE(E$5,1),tblAuftraege[Kostenstelle],$A146)) -> 0 | F146: =IF($A146="",0,SUMIFS(tblAuftraege[Einnahmen],tblAuftraege[Datum Einnahmen],">="&F$5,tblAuftraege[Datum Einnahmen],"<"&EDATE(F$5,1),tblAuftraege[Kostenstelle],$A146)) -> 0 | G146: =IF($A146="",0,SUMIFS(tblAuftraege[Einnahmen],tblAuftraege[Datum Einnahmen],">="&G$5,tblAuftraege[Datum Einnahmen],"<"&EDATE(G$5,1),tblAuftraege[Kostenstelle],$A146)) -> 0 | H146: =IF($A146="",0,SUMIFS(tblAuftraege[Einnahmen],tblAuftraege[Datum Einnahmen],">="&H$5,tblAuftraege[Datum Einnahmen],"<"&EDATE(H$5,1),tblAuftraege[Kostenstelle],$A146)) -> 0 | I146: =IF($A146="",0,SUMIFS(tblAuftraege[Einnahmen],tblAuftraege[Datum Einnahmen],">="&I$5,tblAuftraege[Datum Einnahmen],"<"&EDATE(I$5,1),tblAuftraege[Kostenstelle],$A146)) -> 0 | J146: =IF($A146="",0,SUMIFS(tblAuftraege[Einnahmen],tblAuftraege[Datum Einnahmen],">="&J$5,tblAuftraege[Datum Einnahmen],"<"&EDATE(J$5,1),tblAuftraege[Kostenstelle],$A146)) -> 0 | K146: =IF($A146="",0,SUMIFS(tblAuftraege[Einnahmen],tblAuftraege[Datum Einnahmen],">="&K$5,tblAuftraege[Datum Einnahmen],"<"&EDATE(K$5,1),tblAuftraege[Kostenstelle],$A146)) -> 0 | L146: =IF($A146="",0,SUMIFS(tblAuftraege[Einnahmen],tblAuftraege[Datum Einnahmen],">="&L$5,tblAuftraege[Datum Einnahmen],"<"&EDATE(L$5,1),tblAuftraege[Kostenstelle],$A146)) -> 0 | ... V146: =IF($A146="",0,SUMIFS(tblAuftraege[Einnahmen],tblAuftraege[Datum Einnahmen],">="&V$5,tblAuftraege[Datum Einnahmen],"<"&EDATE(V$5,1),tblAuftraege[Kostenstelle],$A146)) -> 0 | W146: =SUM(E146:J146) -> 0 | X146: =SUM(K146:V146) -> 0 | Y146: =SUM(E146:V146) -> 0
A147: 87002011 | B147: Bayernwerk GmbH | E147: =IF($A147="",0,SUMIFS(tblAuftraege[Einnahmen],tblAuftraege[Datum Einnahmen],">="&E$5,tblAuftraege[Datum Einnahmen],"<"&EDATE(E$5,1),tblAuftraege[Kostenstelle],$A147)) -> 0 | F147: =IF($A147="",0,SUMIFS(tblAuftraege[Einnahmen],tblAuftraege[Datum Einnahmen],">="&F$5,tblAuftraege[Datum Einnahmen],"<"&EDATE(F$5,1),tblAuftraege[Kostenstelle],$A147)) -> 0 | G147: =IF($A147="",0,SUMIFS(tblAuftraege[Einnahmen],tblAuftraege[Datum Einnahmen],">="&G$5,tblAuftraege[Datum Einnahmen],"<"&EDATE(G$5,1),tblAuftraege[Kostenstelle],$A147)) -> 0 | H147: =IF($A147="",0,SUMIFS(tblAuftraege[Einnahmen],tblAuftraege[Datum Einnahmen],">="&H$5,tblAuftraege[Datum Einnahmen],"<"&EDATE(H$5,1),tblAuftraege[Kostenstelle],$A147)) -> 0 | I147: =IF($A147="",0,SUMIFS(tblAuftraege[Einnahmen],tblAuftraege[Datum Einnahmen],">="&I$5,tblAuftraege[Datum Einnahmen],"<"&EDATE(I$5,1),tblAuftraege[Kostenstelle],$A147)) -> 0 | J147: =IF($A147="",0,SUMIFS(tblAuftraege[Einnahmen],tblAuftraege[Datum Einnahmen],">="&J$5,tblAuftraege[Datum Einnahmen],"<"&EDATE(J$5,1),tblAuftraege[Kostenstelle],$A147)) -> 0 | K147: =IF($A147="",0,SUMIFS(tblAuftraege[Einnahmen],tblAuftraege[Datum Einnahmen],">="&K$5,tblAuftraege[Datum Einnahmen],"<"&EDATE(K$5,1),tblAuftraege[Kostenstelle],$A147)) -> 0 | L147: =IF($A147="",0,SUMIFS(tblAuftraege[Einnahmen],tblAuftraege[Datum Einnahmen],">="&L$5,tblAuftraege[Datum Einnahmen],"<"&EDATE(L$5,1),tblAuftraege[Kostenstelle],$A147)) -> 0 | ... V147: =IF($A147="",0,SUMIFS(tblAuftraege[Einnahmen],tblAuftraege[Datum Einnahmen],">="&V$5,tblAuftraege[Datum Einnahmen],"<"&EDATE(V$5,1),tblAuftraege[Kostenstelle],$A147)) -> 0 | W147: =SUM(E147:J147) -> 0 | X147: =SUM(K147:V147) -> 0 | Y147: =SUM(E147:V147) -> 0
A148: 87001001 | B148: Stadt Rendsburg | E148: =IF($A148="",0,SUMIFS(tblAuftraege[Einnahmen],tblAuftraege[Datum Einnahmen],">="&E$5,tblAuftraege[Datum Einnahmen],"<"&EDATE(E$5,1),tblAuftraege[Kostenstelle],$A148)) -> 0 | F148: =IF($A148="",0,SUMIFS(tblAuftraege[Einnahmen],tblAuftraege[Datum Einnahmen],">="&F$5,tblAuftraege[Datum Einnahmen],"<"&EDATE(F$5,1),tblAuftraege[Kostenstelle],$A148)) -> 0 | G148: =IF($A148="",0,SUMIFS(tblAuftraege[Einnahmen],tblAuftraege[Datum Einnahmen],">="&G$5,tblAuftraege[Datum Einnahmen],"<"&EDATE(G$5,1),tblAuftraege[Kostenstelle],$A148)) -> 0 | H148: =IF($A148="",0,SUMIFS(tblAuftraege[Einnahmen],tblAuftraege[Datum Einnahmen],">="&H$5,tblAuftraege[Datum Einnahmen],"<"&EDATE(H$5,1),tblAuftraege[Kostenstelle],$A148)) -> 0 | I148: =IF($A148="",0,SUMIFS(tblAuftraege[Einnahmen],tblAuftraege[Datum Einnahmen],">="&I$5,tblAuftraege[Datum Einnahmen],"<"&EDATE(I$5,1),tblAuftraege[Kostenstelle],$A148)) -> 0 | J148: =IF($A148="",0,SUMIFS(tblAuftraege[Einnahmen],tblAuftraege[Datum Einnahmen],">="&J$5,tblAuftraege[Datum Einnahmen],"<"&EDATE(J$5,1),tblAuftraege[Kostenstelle],$A148)) -> 0 | K148: =IF($A148="",0,SUMIFS(tblAuftraege[Einnahmen],tblAuftraege[Datum Einnahmen],">="&K$5,tblAuftraege[Datum Einnahmen],"<"&EDATE(K$5,1),tblAuftraege[Kostenstelle],$A148)) -> 0 | L148: =IF($A148="",0,SUMIFS(tblAuftraege[Einnahmen],tblAuftraege[Datum Einnahmen],">="&L$5,tblAuftraege[Datum Einnahmen],"<"&EDATE(L$5,1),tblAuftraege[Kostenstelle],$A148)) -> 0 | ... V148: =IF($A148="",0,SUMIFS(tblAuftraege[Einnahmen],tblAuftraege[Datum Einnahmen],">="&V$5,tblAuftraege[Datum Einnahmen],"<"&EDATE(V$5,1),tblAuftraege[Kostenstelle],$A148)) -> 0 | W148: =SUM(E148:J148) -> 0 | X148: =SUM(K148:V148) -> 0 | Y148: =SUM(E148:V148) -> 0
A149: 87001011 | B149: Neumünster | E149: =IF($A149="",0,SUMIFS(tblAuftraege[Einnahmen],tblAuftraege[Datum Einnahmen],">="&E$5,tblAuftraege[Datum Einnahmen],"<"&EDATE(E$5,1),tblAuftraege[Kostenstelle],$A149)) -> 0 | F149: =IF($A149="",0,SUMIFS(tblAuftraege[Einnahmen],tblAuftraege[Datum Einnahmen],">="&F$5,tblAuftraege[Datum Einnahmen],"<"&EDATE(F$5,1),tblAuftraege[Kostenstelle],$A149)) -> 0 | G149: =IF($A149="",0,SUMIFS(tblAuftraege[Einnahmen],tblAuftraege[Datum Einnahmen],">="&G$5,tblAuftraege[Datum Einnahmen],"<"&EDATE(G$5,1),tblAuftraege[Kostenstelle],$A149)) -> 0 | H149: =IF($A149="",0,SUMIFS(tblAuftraege[Einnahmen],tblAuftraege[Datum Einnahmen],">="&H$5,tblAuftraege[Datum Einnahmen],"<"&EDATE(H$5,1),tblAuftraege[Kostenstelle],$A149)) -> 0 | I149: =IF($A149="",0,SUMIFS(tblAuftraege[Einnahmen],tblAuftraege[Datum Einnahmen],">="&I$5,tblAuftraege[Datum Einnahmen],"<"&EDATE(I$5,1),tblAuftraege[Kostenstelle],$A149)) -> 0 | J149: =IF($A149="",0,SUMIFS(tblAuftraege[Einnahmen],tblAuftraege[Datum Einnahmen],">="&J$5,tblAuftraege[Datum Einnahmen],"<"&EDATE(J$5,1),tblAuftraege[Kostenstelle],$A149)) -> 0 | K149: =IF($A149="",0,SUMIFS(tblAuftraege[Einnahmen],tblAuftraege[Datum Einnahmen],">="&K$5,tblAuftraege[Datum Einnahmen],"<"&EDATE(K$5,1),tblAuftraege[Kostenstelle],$A149)) -> 0 | L149: =IF($A149="",0,SUMIFS(tblAuftraege[Einnahmen],tblAuftraege[Datum Einnahmen],">="&L$5,tblAuftraege[Datum Einnahmen],"<"&EDATE(L$5,1),tblAuftraege[Kostenstelle],$A149)) -> 0 | ... V149: =IF($A149="",0,SUMIFS(tblAuftraege[Einnahmen],tblAuftraege[Datum Einnahmen],">="&V$5,tblAuftraege[Datum Einnahmen],"<"&EDATE(V$5,1),tblAuftraege[Kostenstelle],$A149)) -> 0 | W149: =SUM(E149:J149) -> 0 | X149: =SUM(K149:V149) -> 0 | Y149: =SUM(E149:V149) -> 0
E150: =IF($A150="",0,SUMIFS(tblAuftraege[Einnahmen],tblAuftraege[Datum Einnahmen],">="&E$5,tblAuftraege[Datum Einnahmen],"<"&EDATE(E$5,1),tblAuftraege[Kostenstelle],$A150)) -> 0 | F150: =IF($A150="",0,SUMIFS(tblAuftraege[Einnahmen],tblAuftraege[Datum Einnahmen],">="&F$5,tblAuftraege[Datum Einnahmen],"<"&EDATE(F$5,1),tblAuftraege[Kostenstelle],$A150)) -> 0 | G150: =IF($A150="",0,SUMIFS(tblAuftraege[Einnahmen],tblAuftraege[Datum Einnahmen],">="&G$5,tblAuftraege[Datum Einnahmen],"<"&EDATE(G$5,1),tblAuftraege[Kostenstelle],$A150)) -> 0 | H150: =IF($A150="",0,SUMIFS(tblAuftraege[Einnahmen],tblAuftraege[Datum Einnahmen],">="&H$5,tblAuftraege[Datum Einnahmen],"<"&EDATE(H$5,1),tblAuftraege[Kostenstelle],$A150)) -> 0 | I150: =IF($A150="",0,SUMIFS(tblAuftraege[Einnahmen],tblAuftraege[Datum Einnahmen],">="&I$5,tblAuftraege[Datum Einnahmen],"<"&EDATE(I$5,1),tblAuftraege[Kostenstelle],$A150)) -> 0 | J150: =IF($A150="",0,SUMIFS(tblAuftraege[Einnahmen],tblAuftraege[Datum Einnahmen],">="&J$5,tblAuftraege[Datum Einnahmen],"<"&EDATE(J$5,1),tblAuftraege[Kostenstelle],$A150)) -> 0 | K150: =IF($A150="",0,SUMIFS(tblAuftraege[Einnahmen],tblAuftraege[Datum Einnahmen],">="&K$5,tblAuftraege[Datum Einnahmen],"<"&EDATE(K$5,1),tblAuftraege[Kostenstelle],$A150)) -> 0 | L150: =IF($A150="",0,SUMIFS(tblAuftraege[Einnahmen],tblAuftraege[Datum Einnahmen],">="&L$5,tblAuftraege[Datum Einnahmen],"<"&EDATE(L$5,1),tblAuftraege[Kostenstelle],$A150)) -> 0 | ... V150: =IF($A150="",0,SUMIFS(tblAuftraege[Einnahmen],tblAuftraege[Datum Einnahmen],">="&V$5,tblAuftraege[Datum Einnahmen],"<"&EDATE(V$5,1),tblAuftraege[Kostenstelle],$A150)) -> 0 | W150: =SUM(E150:J150) -> 0 | X150: =SUM(K150:V150) -> 0 | Y150: =SUM(E150:V150) -> 0
E151: =IF($A151="",0,SUMIFS(tblAuftraege[Einnahmen],tblAuftraege[Datum Einnahmen],">="&E$5,tblAuftraege[Datum Einnahmen],"<"&EDATE(E$5,1),tblAuftraege[Kostenstelle],$A151)) -> 0 | F151: =IF($A151="",0,SUMIFS(tblAuftraege[Einnahmen],tblAuftraege[Datum Einnahmen],">="&F$5,tblAuftraege[Datum Einnahmen],"<"&EDATE(F$5,1),tblAuftraege[Kostenstelle],$A151)) -> 0 | G151: =IF($A151="",0,SUMIFS(tblAuftraege[Einnahmen],tblAuftraege[Datum Einnahmen],">="&G$5,tblAuftraege[Datum Einnahmen],"<"&EDATE(G$5,1),tblAuftraege[Kostenstelle],$A151)) -> 0 | H151: =IF($A151="",0,SUMIFS(tblAuftraege[Einnahmen],tblAuftraege[Datum Einnahmen],">="&H$5,tblAuftraege[Datum Einnahmen],"<"&EDATE(H$5,1),tblAuftraege[Kostenstelle],$A151)) -> 0 | I151: =IF($A151="",0,SUMIFS(tblAuftraege[Einnahmen],tblAuftraege[Datum Einnahmen],">="&I$5,tblAuftraege[Datum Einnahmen],"<"&EDATE(I$5,1),tblAuftraege[Kostenstelle],$A151)) -> 0 | J151: =IF($A151="",0,SUMIFS(tblAuftraege[Einnahmen],tblAuftraege[Datum Einnahmen],">="&J$5,tblAuftraege[Datum Einnahmen],"<"&EDATE(J$5,1),tblAuftraege[Kostenstelle],$A151)) -> 0 | K151: =IF($A151="",0,SUMIFS(tblAuftraege[Einnahmen],tblAuftraege[Datum Einnahmen],">="&K$5,tblAuftraege[Datum Einnahmen],"<"&EDATE(K$5,1),tblAuftraege[Kostenstelle],$A151)) -> 0 | L151: =IF($A151="",0,SUMIFS(tblAuftraege[Einnahmen],tblAuftraege[Datum Einnahmen],">="&L$5,tblAuftraege[Datum Einnahmen],"<"&EDATE(L$5,1),tblAuftraege[Kostenstelle],$A151)) -> 0 | ... V151: =IF($A151="",0,SUMIFS(tblAuftraege[Einnahmen],tblAuftraege[Datum Einnahmen],">="&V$5,tblAuftraege[Datum Einnahmen],"<"&EDATE(V$5,1),tblAuftraege[Kostenstelle],$A151)) -> 0 | W151: =SUM(E151:J151) -> 0 | X151: =SUM(K151:V151) -> 0 | Y151: =SUM(E151:V151) -> 0
E152: =IF($A152="",0,SUMIFS(tblAuftraege[Einnahmen],tblAuftraege[Datum Einnahmen],">="&E$5,tblAuftraege[Datum Einnahmen],"<"&EDATE(E$5,1),tblAuftraege[Kostenstelle],$A152)) -> 0 | F152: =IF($A152="",0,SUMIFS(tblAuftraege[Einnahmen],tblAuftraege[Datum Einnahmen],">="&F$5,tblAuftraege[Datum Einnahmen],"<"&EDATE(F$5,1),tblAuftraege[Kostenstelle],$A152)) -> 0 | G152: =IF($A152="",0,SUMIFS(tblAuftraege[Einnahmen],tblAuftraege[Datum Einnahmen],">="&G$5,tblAuftraege[Datum Einnahmen],"<"&EDATE(G$5,1),tblAuftraege[Kostenstelle],$A152)) -> 0 | H152: =IF($A152="",0,SUMIFS(tblAuftraege[Einnahmen],tblAuftraege[Datum Einnahmen],">="&H$5,tblAuftraege[Datum Einnahmen],"<"&EDATE(H$5,1),tblAuftraege[Kostenstelle],$A152)) -> 0 | I152: =IF($A152="",0,SUMIFS(tblAuftraege[Einnahmen],tblAuftraege[Datum Einnahmen],">="&I$5,tblAuftraege[Datum Einnahmen],"<"&EDATE(I$5,1),tblAuftraege[Kostenstelle],$A152)) -> 0 | J152: =IF($A152="",0,SUMIFS(tblAuftraege[Einnahmen],tblAuftraege[Datum Einnahmen],">="&J$5,tblAuftraege[Datum Einnahmen],"<"&EDATE(J$5,1),tblAuftraege[Kostenstelle],$A152)) -> 0 | K152: =IF($A152="",0,SUMIFS(tblAuftraege[Einnahmen],tblAuftraege[Datum Einnahmen],">="&K$5,tblAuftraege[Datum Einnahmen],"<"&EDATE(K$5,1),tblAuftraege[Kostenstelle],$A152)) -> 0 | L152: =IF($A152="",0,SUMIFS(tblAuftraege[Einnahmen],tblAuftraege[Datum Einnahmen],">="&L$5,tblAuftraege[Datum Einnahmen],"<"&EDATE(L$5,1),tblAuftraege[Kostenstelle],$A152)) -> 0 | ... V152: =IF($A152="",0,SUMIFS(tblAuftraege[Einnahmen],tblAuftraege[Datum Einnahmen],">="&V$5,tblAuftraege[Datum Einnahmen],"<"&EDATE(V$5,1),tblAuftraege[Kostenstelle],$A152)) -> 0 | W152: =SUM(E152:J152) -> 0 | X152: =SUM(K152:V152) -> 0 | Y152: =SUM(E152:V152) -> 0
E153: =IF($A153="",0,SUMIFS(tblAuftraege[Einnahmen],tblAuftraege[Datum Einnahmen],">="&E$5,tblAuftraege[Datum Einnahmen],"<"&EDATE(E$5,1),tblAuftraege[Kostenstelle],$A153)) -> 0 | F153: =IF($A153="",0,SUMIFS(tblAuftraege[Einnahmen],tblAuftraege[Datum Einnahmen],">="&F$5,tblAuftraege[Datum Einnahmen],"<"&EDATE(F$5,1),tblAuftraege[Kostenstelle],$A153)) -> 0 | G153: =IF($A153="",0,SUMIFS(tblAuftraege[Einnahmen],tblAuftraege[Datum Einnahmen],">="&G$5,tblAuftraege[Datum Einnahmen],"<"&EDATE(G$5,1),tblAuftraege[Kostenstelle],$A153)) -> 0 | H153: =IF($A153="",0,SUMIFS(tblAuftraege[Einnahmen],tblAuftraege[Datum Einnahmen],">="&H$5,tblAuftraege[Datum Einnahmen],"<"&EDATE(H$5,1),tblAuftraege[Kostenstelle],$A153)) -> 0 | I153: =IF($A153="",0,SUMIFS(tblAuftraege[Einnahmen],tblAuftraege[Datum Einnahmen],">="&I$5,tblAuftraege[Datum Einnahmen],"<"&EDATE(I$5,1),tblAuftraege[Kostenstelle],$A153)) -> 0 | J153: =IF($A153="",0,SUMIFS(tblAuftraege[Einnahmen],tblAuftraege[Datum Einnahmen],">="&J$5,tblAuftraege[Datum Einnahmen],"<"&EDATE(J$5,1),tblAuftraege[Kostenstelle],$A153)) -> 0 | K153: =IF($A153="",0,SUMIFS(tblAuftraege[Einnahmen],tblAuftraege[Datum Einnahmen],">="&K$5,tblAuftraege[Datum Einnahmen],"<"&EDATE(K$5,1),tblAuftraege[Kostenstelle],$A153)) -> 0 | L153: =IF($A153="",0,SUMIFS(tblAuftraege[Einnahmen],tblAuftraege[Datum Einnahmen],">="&L$5,tblAuftraege[Datum Einnahmen],"<"&EDATE(L$5,1),tblAuftraege[Kostenstelle],$A153)) -> 0 | ... V153: =IF($A153="",0,SUMIFS(tblAuftraege[Einnahmen],tblAuftraege[Datum Einnahmen],">="&V$5,tblAuftraege[Datum Einnahmen],"<"&EDATE(V$5,1),tblAuftraege[Kostenstelle],$A153)) -> 0 | W153: =SUM(E153:J153) -> 0 | X153: =SUM(K153:V153) -> 0 | Y153: =SUM(E153:V153) -> 0
E154: =IF($A154="",0,SUMIFS(tblAuftraege[Einnahmen],tblAuftraege[Datum Einnahmen],">="&E$5,tblAuftraege[Datum Einnahmen],"<"&EDATE(E$5,1),tblAuftraege[Kostenstelle],$A154)) -> 0 | F154: =IF($A154="",0,SUMIFS(tblAuftraege[Einnahmen],tblAuftraege[Datum Einnahmen],">="&F$5,tblAuftraege[Datum Einnahmen],"<"&EDATE(F$5,1),tblAuftraege[Kostenstelle],$A154)) -> 0 | G154: =IF($A154="",0,SUMIFS(tblAuftraege[Einnahmen],tblAuftraege[Datum Einnahmen],">="&G$5,tblAuftraege[Datum Einnahmen],"<"&EDATE(G$5,1),tblAuftraege[Kostenstelle],$A154)) -> 0 | H154: =IF($A154="",0,SUMIFS(tblAuftraege[Einnahmen],tblAuftraege[Datum Einnahmen],">="&H$5,tblAuftraege[Datum Einnahmen],"<"&EDATE(H$5,1),tblAuftraege[Kostenstelle],$A154)) -> 0 | I154: =IF($A154="",0,SUMIFS(tblAuftraege[Einnahmen],tblAuftraege[Datum Einnahmen],">="&I$5,tblAuftraege[Datum Einnahmen],"<"&EDATE(I$5,1),tblAuftraege[Kostenstelle],$A154)) -> 0 | J154: =IF($A154="",0,SUMIFS(tblAuftraege[Einnahmen],tblAuftraege[Datum Einnahmen],">="&J$5,tblAuftraege[Datum Einnahmen],"<"&EDATE(J$5,1),tblAuftraege[Kostenstelle],$A154)) -> 0 | K154: =IF($A154="",0,SUMIFS(tblAuftraege[Einnahmen],tblAuftraege[Datum Einnahmen],">="&K$5,tblAuftraege[Datum Einnahmen],"<"&EDATE(K$5,1),tblAuftraege[Kostenstelle],$A154)) -> 0 | L154: =IF($A154="",0,SUMIFS(tblAuftraege[Einnahmen],tblAuftraege[Datum Einnahmen],">="&L$5,tblAuftraege[Datum Einnahmen],"<"&EDATE(L$5,1),tblAuftraege[Kostenstelle],$A154)) -> 0 | ... V154: =IF($A154="",0,SUMIFS(tblAuftraege[Einnahmen],tblAuftraege[Datum Einnahmen],">="&V$5,tblAuftraege[Datum Einnahmen],"<"&EDATE(V$5,1),tblAuftraege[Kostenstelle],$A154)) -> 0 | W154: =SUM(E154:J154) -> 0 | X154: =SUM(K154:V154) -> 0 | Y154: =SUM(E154:V154) -> 0
E155: =IF($A155="",0,SUMIFS(tblAuftraege[Einnahmen],tblAuftraege[Datum Einnahmen],">="&E$5,tblAuftraege[Datum Einnahmen],"<"&EDATE(E$5,1),tblAuftraege[Kostenstelle],$A155)) -> 0 | F155: =IF($A155="",0,SUMIFS(tblAuftraege[Einnahmen],tblAuftraege[Datum Einnahmen],">="&F$5,tblAuftraege[Datum Einnahmen],"<"&EDATE(F$5,1),tblAuftraege[Kostenstelle],$A155)) -> 0 | G155: =IF($A155="",0,SUMIFS(tblAuftraege[Einnahmen],tblAuftraege[Datum Einnahmen],">="&G$5,tblAuftraege[Datum Einnahmen],"<"&EDATE(G$5,1),tblAuftraege[Kostenstelle],$A155)) -> 0 | H155: =IF($A155="",0,SUMIFS(tblAuftraege[Einnahmen],tblAuftraege[Datum Einnahmen],">="&H$5,tblAuftraege[Datum Einnahmen],"<"&EDATE(H$5,1),tblAuftraege[Kostenstelle],$A155)) -> 0 | I155: =IF($A155="",0,SUMIFS(tblAuftraege[Einnahmen],tblAuftraege[Datum Einnahmen],">="&I$5,tblAuftraege[Datum Einnahmen],"<"&EDATE(I$5,1),tblAuftraege[Kostenstelle],$A155)) -> 0 | J155: =IF($A155="",0,SUMIFS(tblAuftraege[Einnahmen],tblAuftraege[Datum Einnahmen],">="&J$5,tblAuftraege[Datum Einnahmen],"<"&EDATE(J$5,1),tblAuftraege[Kostenstelle],$A155)) -> 0 | K155: =IF($A155="",0,SUMIFS(tblAuftraege[Einnahmen],tblAuftraege[Datum Einnahmen],">="&K$5,tblAuftraege[Datum Einnahmen],"<"&EDATE(K$5,1),tblAuftraege[Kostenstelle],$A155)) -> 0 | L155: =IF($A155="",0,SUMIFS(tblAuftraege[Einnahmen],tblAuftraege[Datum Einnahmen],">="&L$5,tblAuftraege[Datum Einnahmen],"<"&EDATE(L$5,1),tblAuftraege[Kostenstelle],$A155)) -> 0 | ... V155: =IF($A155="",0,SUMIFS(tblAuftraege[Einnahmen],tblAuftraege[Datum Einnahmen],">="&V$5,tblAuftraege[Datum Einnahmen],"<"&EDATE(V$5,1),tblAuftraege[Kostenstelle],$A155)) -> 0 | W155: =SUM(E155:J155) -> 0 | X155: =SUM(K155:V155) -> 0 | Y155: =SUM(E155:V155) -> 0
E156: =IF($A156="",0,SUMIFS(tblAuftraege[Einnahmen],tblAuftraege[Datum Einnahmen],">="&E$5,tblAuftraege[Datum Einnahmen],"<"&EDATE(E$5,1),tblAuftraege[Kostenstelle],$A156)) -> 0 | F156: =IF($A156="",0,SUMIFS(tblAuftraege[Einnahmen],tblAuftraege[Datum Einnahmen],">="&F$5,tblAuftraege[Datum Einnahmen],"<"&EDATE(F$5,1),tblAuftraege[Kostenstelle],$A156)) -> 0 | G156: =IF($A156="",0,SUMIFS(tblAuftraege[Einnahmen],tblAuftraege[Datum Einnahmen],">="&G$5,tblAuftraege[Datum Einnahmen],"<"&EDATE(G$5,1),tblAuftraege[Kostenstelle],$A156)) -> 0 | H156: =IF($A156="",0,SUMIFS(tblAuftraege[Einnahmen],tblAuftraege[Datum Einnahmen],">="&H$5,tblAuftraege[Datum Einnahmen],"<"&EDATE(H$5,1),tblAuftraege[Kostenstelle],$A156)) -> 0 | I156: =IF($A156="",0,SUMIFS(tblAuftraege[Einnahmen],tblAuftraege[Datum Einnahmen],">="&I$5,tblAuftraege[Datum Einnahmen],"<"&EDATE(I$5,1),tblAuftraege[Kostenstelle],$A156)) -> 0 | J156: =IF($A156="",0,SUMIFS(tblAuftraege[Einnahmen],tblAuftraege[Datum Einnahmen],">="&J$5,tblAuftraege[Datum Einnahmen],"<"&EDATE(J$5,1),tblAuftraege[Kostenstelle],$A156)) -> 0 | K156: =IF($A156="",0,SUMIFS(tblAuftraege[Einnahmen],tblAuftraege[Datum Einnahmen],">="&K$5,tblAuftraege[Datum Einnahmen],"<"&EDATE(K$5,1),tblAuftraege[Kostenstelle],$A156)) -> 0 | L156: =IF($A156="",0,SUMIFS(tblAuftraege[Einnahmen],tblAuftraege[Datum Einnahmen],">="&L$5,tblAuftraege[Datum Einnahmen],"<"&EDATE(L$5,1),tblAuftraege[Kostenstelle],$A156)) -> 0 | ... V156: =IF($A156="",0,SUMIFS(tblAuftraege[Einnahmen],tblAuftraege[Datum Einnahmen],">="&V$5,tblAuftraege[Datum Einnahmen],"<"&EDATE(V$5,1),tblAuftraege[Kostenstelle],$A156)) -> 0 | W156: =SUM(E156:J156) -> 0 | X156: =SUM(K156:V156) -> 0 | Y156: =SUM(E156:V156) -> 0
A158: 7 AUSGABEN NACH KOSTENSTELLE (nachrichtlich, nicht in der Cashflow-Summe enthalten)
A159: 87004006 | B159: LKW / Autostrom+ / PKW / Autostrom+ | E159: =IF($A159="",0,SUMIFS(tblAuftraege[Ausgaben],tblAuftraege[Datum Ausgaben],">="&E$5,tblAuftraege[Datum Ausgaben],"<"&EDATE(E$5,1),tblAuftraege[Kostenstelle],$A159)) -> 0 | F159: =IF($A159="",0,SUMIFS(tblAuftraege[Ausgaben],tblAuftraege[Datum Ausgaben],">="&F$5,tblAuftraege[Datum Ausgaben],"<"&EDATE(F$5,1),tblAuftraege[Kostenstelle],$A159)) -> 0 | G159: =IF($A159="",0,SUMIFS(tblAuftraege[Ausgaben],tblAuftraege[Datum Ausgaben],">="&G$5,tblAuftraege[Datum Ausgaben],"<"&EDATE(G$5,1),tblAuftraege[Kostenstelle],$A159)) -> 0 | H159: =IF($A159="",0,SUMIFS(tblAuftraege[Ausgaben],tblAuftraege[Datum Ausgaben],">="&H$5,tblAuftraege[Datum Ausgaben],"<"&EDATE(H$5,1),tblAuftraege[Kostenstelle],$A159)) -> 0 | I159: =IF($A159="",0,SUMIFS(tblAuftraege[Ausgaben],tblAuftraege[Datum Ausgaben],">="&I$5,tblAuftraege[Datum Ausgaben],"<"&EDATE(I$5,1),tblAuftraege[Kostenstelle],$A159)) -> 0 | J159: =IF($A159="",0,SUMIFS(tblAuftraege[Ausgaben],tblAuftraege[Datum Ausgaben],">="&J$5,tblAuftraege[Datum Ausgaben],"<"&EDATE(J$5,1),tblAuftraege[Kostenstelle],$A159)) -> 0 | K159: =IF($A159="",0,SUMIFS(tblAuftraege[Ausgaben],tblAuftraege[Datum Ausgaben],">="&K$5,tblAuftraege[Datum Ausgaben],"<"&EDATE(K$5,1),tblAuftraege[Kostenstelle],$A159)) -> 0 | L159: =IF($A159="",0,SUMIFS(tblAuftraege[Ausgaben],tblAuftraege[Datum Ausgaben],">="&L$5,tblAuftraege[Datum Ausgaben],"<"&EDATE(L$5,1),tblAuftraege[Kostenstelle],$A159)) -> 0 | ... V159: =IF($A159="",0,SUMIFS(tblAuftraege[Ausgaben],tblAuftraege[Datum Ausgaben],">="&V$5,tblAuftraege[Datum Ausgaben],"<"&EDATE(V$5,1),tblAuftraege[Kostenstelle],$A159)) -> 0 | W159: =SUM(E159:J159) -> 0 | X159: =SUM(K159:V159) -> 0 | Y159: =SUM(E159:V159) -> 0
A160: 87105004 | B160: HanseWerk Natur | E160: =IF($A160="",0,SUMIFS(tblAuftraege[Ausgaben],tblAuftraege[Datum Ausgaben],">="&E$5,tblAuftraege[Datum Ausgaben],"<"&EDATE(E$5,1),tblAuftraege[Kostenstelle],$A160)) -> 0 | F160: =IF($A160="",0,SUMIFS(tblAuftraege[Ausgaben],tblAuftraege[Datum Ausgaben],">="&F$5,tblAuftraege[Datum Ausgaben],"<"&EDATE(F$5,1),tblAuftraege[Kostenstelle],$A160)) -> 0 | G160: =IF($A160="",0,SUMIFS(tblAuftraege[Ausgaben],tblAuftraege[Datum Ausgaben],">="&G$5,tblAuftraege[Datum Ausgaben],"<"&EDATE(G$5,1),tblAuftraege[Kostenstelle],$A160)) -> 0 | H160: =IF($A160="",0,SUMIFS(tblAuftraege[Ausgaben],tblAuftraege[Datum Ausgaben],">="&H$5,tblAuftraege[Datum Ausgaben],"<"&EDATE(H$5,1),tblAuftraege[Kostenstelle],$A160)) -> 0 | I160: =IF($A160="",0,SUMIFS(tblAuftraege[Ausgaben],tblAuftraege[Datum Ausgaben],">="&I$5,tblAuftraege[Datum Ausgaben],"<"&EDATE(I$5,1),tblAuftraege[Kostenstelle],$A160)) -> 0 | J160: =IF($A160="",0,SUMIFS(tblAuftraege[Ausgaben],tblAuftraege[Datum Ausgaben],">="&J$5,tblAuftraege[Datum Ausgaben],"<"&EDATE(J$5,1),tblAuftraege[Kostenstelle],$A160)) -> 0 | K160: =IF($A160="",0,SUMIFS(tblAuftraege[Ausgaben],tblAuftraege[Datum Ausgaben],">="&K$5,tblAuftraege[Datum Ausgaben],"<"&EDATE(K$5,1),tblAuftraege[Kostenstelle],$A160)) -> 0 | L160: =IF($A160="",0,SUMIFS(tblAuftraege[Ausgaben],tblAuftraege[Datum Ausgaben],">="&L$5,tblAuftraege[Datum Ausgaben],"<"&EDATE(L$5,1),tblAuftraege[Kostenstelle],$A160)) -> 0 | ... V160: =IF($A160="",0,SUMIFS(tblAuftraege[Ausgaben],tblAuftraege[Datum Ausgaben],">="&V$5,tblAuftraege[Datum Ausgaben],"<"&EDATE(V$5,1),tblAuftraege[Kostenstelle],$A160)) -> 0 | W160: =SUM(E160:J160) -> 0 | X160: =SUM(K160:V160) -> 0 | Y160: =SUM(E160:V160) -> 0
A161: 87001009 | B161: Stadtwerke Husum | E161: =IF($A161="",0,SUMIFS(tblAuftraege[Ausgaben],tblAuftraege[Datum Ausgaben],">="&E$5,tblAuftraege[Datum Ausgaben],"<"&EDATE(E$5,1),tblAuftraege[Kostenstelle],$A161)) -> 0 | F161: =IF($A161="",0,SUMIFS(tblAuftraege[Ausgaben],tblAuftraege[Datum Ausgaben],">="&F$5,tblAuftraege[Datum Ausgaben],"<"&EDATE(F$5,1),tblAuftraege[Kostenstelle],$A161)) -> 0 | G161: =IF($A161="",0,SUMIFS(tblAuftraege[Ausgaben],tblAuftraege[Datum Ausgaben],">="&G$5,tblAuftraege[Datum Ausgaben],"<"&EDATE(G$5,1),tblAuftraege[Kostenstelle],$A161)) -> 0 | H161: =IF($A161="",0,SUMIFS(tblAuftraege[Ausgaben],tblAuftraege[Datum Ausgaben],">="&H$5,tblAuftraege[Datum Ausgaben],"<"&EDATE(H$5,1),tblAuftraege[Kostenstelle],$A161)) -> 0 | I161: =IF($A161="",0,SUMIFS(tblAuftraege[Ausgaben],tblAuftraege[Datum Ausgaben],">="&I$5,tblAuftraege[Datum Ausgaben],"<"&EDATE(I$5,1),tblAuftraege[Kostenstelle],$A161)) -> 0 | J161: =IF($A161="",0,SUMIFS(tblAuftraege[Ausgaben],tblAuftraege[Datum Ausgaben],">="&J$5,tblAuftraege[Datum Ausgaben],"<"&EDATE(J$5,1),tblAuftraege[Kostenstelle],$A161)) -> 0 | K161: =IF($A161="",0,SUMIFS(tblAuftraege[Ausgaben],tblAuftraege[Datum Ausgaben],">="&K$5,tblAuftraege[Datum Ausgaben],"<"&EDATE(K$5,1),tblAuftraege[Kostenstelle],$A161)) -> 0 | L161: =IF($A161="",0,SUMIFS(tblAuftraege[Ausgaben],tblAuftraege[Datum Ausgaben],">="&L$5,tblAuftraege[Datum Ausgaben],"<"&EDATE(L$5,1),tblAuftraege[Kostenstelle],$A161)) -> 0 | ... V161: =IF($A161="",0,SUMIFS(tblAuftraege[Ausgaben],tblAuftraege[Datum Ausgaben],">="&V$5,tblAuftraege[Datum Ausgaben],"<"&EDATE(V$5,1),tblAuftraege[Kostenstelle],$A161)) -> 0 | W161: =SUM(E161:J161) -> 0 | X161: =SUM(K161:V161) -> 0 | Y161: =SUM(E161:V161) -> 0
A162: 85309000 | B162: Bereichskostenstelle EDM | E162: =IF($A162="",0,SUMIFS(tblAuftraege[Ausgaben],tblAuftraege[Datum Ausgaben],">="&E$5,tblAuftraege[Datum Ausgaben],"<"&EDATE(E$5,1),tblAuftraege[Kostenstelle],$A162)) -> 0 | F162: =IF($A162="",0,SUMIFS(tblAuftraege[Ausgaben],tblAuftraege[Datum Ausgaben],">="&F$5,tblAuftraege[Datum Ausgaben],"<"&EDATE(F$5,1),tblAuftraege[Kostenstelle],$A162)) -> 0 | G162: =IF($A162="",0,SUMIFS(tblAuftraege[Ausgaben],tblAuftraege[Datum Ausgaben],">="&G$5,tblAuftraege[Datum Ausgaben],"<"&EDATE(G$5,1),tblAuftraege[Kostenstelle],$A162)) -> 0 | H162: =IF($A162="",0,SUMIFS(tblAuftraege[Ausgaben],tblAuftraege[Datum Ausgaben],">="&H$5,tblAuftraege[Datum Ausgaben],"<"&EDATE(H$5,1),tblAuftraege[Kostenstelle],$A162)) -> 0 | I162: =IF($A162="",0,SUMIFS(tblAuftraege[Ausgaben],tblAuftraege[Datum Ausgaben],">="&I$5,tblAuftraege[Datum Ausgaben],"<"&EDATE(I$5,1),tblAuftraege[Kostenstelle],$A162)) -> 0 | J162: =IF($A162="",0,SUMIFS(tblAuftraege[Ausgaben],tblAuftraege[Datum Ausgaben],">="&J$5,tblAuftraege[Datum Ausgaben],"<"&EDATE(J$5,1),tblAuftraege[Kostenstelle],$A162)) -> 0 | K162: =IF($A162="",0,SUMIFS(tblAuftraege[Ausgaben],tblAuftraege[Datum Ausgaben],">="&K$5,tblAuftraege[Datum Ausgaben],"<"&EDATE(K$5,1),tblAuftraege[Kostenstelle],$A162)) -> 0 | L162: =IF($A162="",0,SUMIFS(tblAuftraege[Ausgaben],tblAuftraege[Datum Ausgaben],">="&L$5,tblAuftraege[Datum Ausgaben],"<"&EDATE(L$5,1),tblAuftraege[Kostenstelle],$A162)) -> 0 | ... V162: =IF($A162="",0,SUMIFS(tblAuftraege[Ausgaben],tblAuftraege[Datum Ausgaben],">="&V$5,tblAuftraege[Datum Ausgaben],"<"&EDATE(V$5,1),tblAuftraege[Kostenstelle],$A162)) -> 0 | W162: =SUM(E162:J162) -> 0 | X162: =SUM(K162:V162) -> 0 | Y162: =SUM(E162:V162) -> 0
A163: 87001004 | B163: Airbus | E163: =IF($A163="",0,SUMIFS(tblAuftraege[Ausgaben],tblAuftraege[Datum Ausgaben],">="&E$5,tblAuftraege[Datum Ausgaben],"<"&EDATE(E$5,1),tblAuftraege[Kostenstelle],$A163)) -> 0 | F163: =IF($A163="",0,SUMIFS(tblAuftraege[Ausgaben],tblAuftraege[Datum Ausgaben],">="&F$5,tblAuftraege[Datum Ausgaben],"<"&EDATE(F$5,1),tblAuftraege[Kostenstelle],$A163)) -> 0 | G163: =IF($A163="",0,SUMIFS(tblAuftraege[Ausgaben],tblAuftraege[Datum Ausgaben],">="&G$5,tblAuftraege[Datum Ausgaben],"<"&EDATE(G$5,1),tblAuftraege[Kostenstelle],$A163)) -> 0 | H163: =IF($A163="",0,SUMIFS(tblAuftraege[Ausgaben],tblAuftraege[Datum Ausgaben],">="&H$5,tblAuftraege[Datum Ausgaben],"<"&EDATE(H$5,1),tblAuftraege[Kostenstelle],$A163)) -> 0 | I163: =IF($A163="",0,SUMIFS(tblAuftraege[Ausgaben],tblAuftraege[Datum Ausgaben],">="&I$5,tblAuftraege[Datum Ausgaben],"<"&EDATE(I$5,1),tblAuftraege[Kostenstelle],$A163)) -> 0 | J163: =IF($A163="",0,SUMIFS(tblAuftraege[Ausgaben],tblAuftraege[Datum Ausgaben],">="&J$5,tblAuftraege[Datum Ausgaben],"<"&EDATE(J$5,1),tblAuftraege[Kostenstelle],$A163)) -> 0 | K163: =IF($A163="",0,SUMIFS(tblAuftraege[Ausgaben],tblAuftraege[Datum Ausgaben],">="&K$5,tblAuftraege[Datum Ausgaben],"<"&EDATE(K$5,1),tblAuftraege[Kostenstelle],$A163)) -> 0 | L163: =IF($A163="",0,SUMIFS(tblAuftraege[Ausgaben],tblAuftraege[Datum Ausgaben],">="&L$5,tblAuftraege[Datum Ausgaben],"<"&EDATE(L$5,1),tblAuftraege[Kostenstelle],$A163)) -> 0 | ... V163: =IF($A163="",0,SUMIFS(tblAuftraege[Ausgaben],tblAuftraege[Datum Ausgaben],">="&V$5,tblAuftraege[Datum Ausgaben],"<"&EDATE(V$5,1),tblAuftraege[Kostenstelle],$A163)) -> 0 | W163: =SUM(E163:J163) -> 0 | X163: =SUM(K163:V163) -> 0 | Y163: =SUM(E163:V163) -> 0
A164: 87002011 | B164: Bayernwerk GmbH | E164: =IF($A164="",0,SUMIFS(tblAuftraege[Ausgaben],tblAuftraege[Datum Ausgaben],">="&E$5,tblAuftraege[Datum Ausgaben],"<"&EDATE(E$5,1),tblAuftraege[Kostenstelle],$A164)) -> 0 | F164: =IF($A164="",0,SUMIFS(tblAuftraege[Ausgaben],tblAuftraege[Datum Ausgaben],">="&F$5,tblAuftraege[Datum Ausgaben],"<"&EDATE(F$5,1),tblAuftraege[Kostenstelle],$A164)) -> 0 | G164: =IF($A164="",0,SUMIFS(tblAuftraege[Ausgaben],tblAuftraege[Datum Ausgaben],">="&G$5,tblAuftraege[Datum Ausgaben],"<"&EDATE(G$5,1),tblAuftraege[Kostenstelle],$A164)) -> 0 | H164: =IF($A164="",0,SUMIFS(tblAuftraege[Ausgaben],tblAuftraege[Datum Ausgaben],">="&H$5,tblAuftraege[Datum Ausgaben],"<"&EDATE(H$5,1),tblAuftraege[Kostenstelle],$A164)) -> 0 | I164: =IF($A164="",0,SUMIFS(tblAuftraege[Ausgaben],tblAuftraege[Datum Ausgaben],">="&I$5,tblAuftraege[Datum Ausgaben],"<"&EDATE(I$5,1),tblAuftraege[Kostenstelle],$A164)) -> 0 | J164: =IF($A164="",0,SUMIFS(tblAuftraege[Ausgaben],tblAuftraege[Datum Ausgaben],">="&J$5,tblAuftraege[Datum Ausgaben],"<"&EDATE(J$5,1),tblAuftraege[Kostenstelle],$A164)) -> 0 | K164: =IF($A164="",0,SUMIFS(tblAuftraege[Ausgaben],tblAuftraege[Datum Ausgaben],">="&K$5,tblAuftraege[Datum Ausgaben],"<"&EDATE(K$5,1),tblAuftraege[Kostenstelle],$A164)) -> 0 | L164: =IF($A164="",0,SUMIFS(tblAuftraege[Ausgaben],tblAuftraege[Datum Ausgaben],">="&L$5,tblAuftraege[Datum Ausgaben],"<"&EDATE(L$5,1),tblAuftraege[Kostenstelle],$A164)) -> 0 | ... V164: =IF($A164="",0,SUMIFS(tblAuftraege[Ausgaben],tblAuftraege[Datum Ausgaben],">="&V$5,tblAuftraege[Datum Ausgaben],"<"&EDATE(V$5,1),tblAuftraege[Kostenstelle],$A164)) -> 0 | W164: =SUM(E164:J164) -> 0 | X164: =SUM(K164:V164) -> 0 | Y164: =SUM(E164:V164) -> 0
A165: 87001001 | B165: Stadt Rendsburg | E165: =IF($A165="",0,SUMIFS(tblAuftraege[Ausgaben],tblAuftraege[Datum Ausgaben],">="&E$5,tblAuftraege[Datum Ausgaben],"<"&EDATE(E$5,1),tblAuftraege[Kostenstelle],$A165)) -> 0 | F165: =IF($A165="",0,SUMIFS(tblAuftraege[Ausgaben],tblAuftraege[Datum Ausgaben],">="&F$5,tblAuftraege[Datum Ausgaben],"<"&EDATE(F$5,1),tblAuftraege[Kostenstelle],$A165)) -> 0 | G165: =IF($A165="",0,SUMIFS(tblAuftraege[Ausgaben],tblAuftraege[Datum Ausgaben],">="&G$5,tblAuftraege[Datum Ausgaben],"<"&EDATE(G$5,1),tblAuftraege[Kostenstelle],$A165)) -> 0 | H165: =IF($A165="",0,SUMIFS(tblAuftraege[Ausgaben],tblAuftraege[Datum Ausgaben],">="&H$5,tblAuftraege[Datum Ausgaben],"<"&EDATE(H$5,1),tblAuftraege[Kostenstelle],$A165)) -> 0 | I165: =IF($A165="",0,SUMIFS(tblAuftraege[Ausgaben],tblAuftraege[Datum Ausgaben],">="&I$5,tblAuftraege[Datum Ausgaben],"<"&EDATE(I$5,1),tblAuftraege[Kostenstelle],$A165)) -> 0 | J165: =IF($A165="",0,SUMIFS(tblAuftraege[Ausgaben],tblAuftraege[Datum Ausgaben],">="&J$5,tblAuftraege[Datum Ausgaben],"<"&EDATE(J$5,1),tblAuftraege[Kostenstelle],$A165)) -> 0 | K165: =IF($A165="",0,SUMIFS(tblAuftraege[Ausgaben],tblAuftraege[Datum Ausgaben],">="&K$5,tblAuftraege[Datum Ausgaben],"<"&EDATE(K$5,1),tblAuftraege[Kostenstelle],$A165)) -> 0 | L165: =IF($A165="",0,SUMIFS(tblAuftraege[Ausgaben],tblAuftraege[Datum Ausgaben],">="&L$5,tblAuftraege[Datum Ausgaben],"<"&EDATE(L$5,1),tblAuftraege[Kostenstelle],$A165)) -> 0 | ... V165: =IF($A165="",0,SUMIFS(tblAuftraege[Ausgaben],tblAuftraege[Datum Ausgaben],">="&V$5,tblAuftraege[Datum Ausgaben],"<"&EDATE(V$5,1),tblAuftraege[Kostenstelle],$A165)) -> 0 | W165: =SUM(E165:J165) -> 0 | X165: =SUM(K165:V165) -> 0 | Y165: =SUM(E165:V165) -> 0
A166: 87001011 | B166: Neumünster | E166: =IF($A166="",0,SUMIFS(tblAuftraege[Ausgaben],tblAuftraege[Datum Ausgaben],">="&E$5,tblAuftraege[Datum Ausgaben],"<"&EDATE(E$5,1),tblAuftraege[Kostenstelle],$A166)) -> 0 | F166: =IF($A166="",0,SUMIFS(tblAuftraege[Ausgaben],tblAuftraege[Datum Ausgaben],">="&F$5,tblAuftraege[Datum Ausgaben],"<"&EDATE(F$5,1),tblAuftraege[Kostenstelle],$A166)) -> 0 | G166: =IF($A166="",0,SUMIFS(tblAuftraege[Ausgaben],tblAuftraege[Datum Ausgaben],">="&G$5,tblAuftraege[Datum Ausgaben],"<"&EDATE(G$5,1),tblAuftraege[Kostenstelle],$A166)) -> 0 | H166: =IF($A166="",0,SUMIFS(tblAuftraege[Ausgaben],tblAuftraege[Datum Ausgaben],">="&H$5,tblAuftraege[Datum Ausgaben],"<"&EDATE(H$5,1),tblAuftraege[Kostenstelle],$A166)) -> 0 | I166: =IF($A166="",0,SUMIFS(tblAuftraege[Ausgaben],tblAuftraege[Datum Ausgaben],">="&I$5,tblAuftraege[Datum Ausgaben],"<"&EDATE(I$5,1),tblAuftraege[Kostenstelle],$A166)) -> 0 | J166: =IF($A166="",0,SUMIFS(tblAuftraege[Ausgaben],tblAuftraege[Datum Ausgaben],">="&J$5,tblAuftraege[Datum Ausgaben],"<"&EDATE(J$5,1),tblAuftraege[Kostenstelle],$A166)) -> 0 | K166: =IF($A166="",0,SUMIFS(tblAuftraege[Ausgaben],tblAuftraege[Datum Ausgaben],">="&K$5,tblAuftraege[Datum Ausgaben],"<"&EDATE(K$5,1),tblAuftraege[Kostenstelle],$A166)) -> 0 | L166: =IF($A166="",0,SUMIFS(tblAuftraege[Ausgaben],tblAuftraege[Datum Ausgaben],">="&L$5,tblAuftraege[Datum Ausgaben],"<"&EDATE(L$5,1),tblAuftraege[Kostenstelle],$A166)) -> 0 | ... V166: =IF($A166="",0,SUMIFS(tblAuftraege[Ausgaben],tblAuftraege[Datum Ausgaben],">="&V$5,tblAuftraege[Datum Ausgaben],"<"&EDATE(V$5,1),tblAuftraege[Kostenstelle],$A166)) -> 0 | W166: =SUM(E166:J166) -> 0 | X166: =SUM(K166:V166) -> 0 | Y166: =SUM(E166:V166) -> 0
E167: =IF($A167="",0,SUMIFS(tblAuftraege[Ausgaben],tblAuftraege[Datum Ausgaben],">="&E$5,tblAuftraege[Datum Ausgaben],"<"&EDATE(E$5,1),tblAuftraege[Kostenstelle],$A167)) -> 0 | F167: =IF($A167="",0,SUMIFS(tblAuftraege[Ausgaben],tblAuftraege[Datum Ausgaben],">="&F$5,tblAuftraege[Datum Ausgaben],"<"&EDATE(F$5,1),tblAuftraege[Kostenstelle],$A167)) -> 0 | G167: =IF($A167="",0,SUMIFS(tblAuftraege[Ausgaben],tblAuftraege[Datum Ausgaben],">="&G$5,tblAuftraege[Datum Ausgaben],"<"&EDATE(G$5,1),tblAuftraege[Kostenstelle],$A167)) -> 0 | H167: =IF($A167="",0,SUMIFS(tblAuftraege[Ausgaben],tblAuftraege[Datum Ausgaben],">="&H$5,tblAuftraege[Datum Ausgaben],"<"&EDATE(H$5,1),tblAuftraege[Kostenstelle],$A167)) -> 0 | I167: =IF($A167="",0,SUMIFS(tblAuftraege[Ausgaben],tblAuftraege[Datum Ausgaben],">="&I$5,tblAuftraege[Datum Ausgaben],"<"&EDATE(I$5,1),tblAuftraege[Kostenstelle],$A167)) -> 0 | J167: =IF($A167="",0,SUMIFS(tblAuftraege[Ausgaben],tblAuftraege[Datum Ausgaben],">="&J$5,tblAuftraege[Datum Ausgaben],"<"&EDATE(J$5,1),tblAuftraege[Kostenstelle],$A167)) -> 0 | K167: =IF($A167="",0,SUMIFS(tblAuftraege[Ausgaben],tblAuftraege[Datum Ausgaben],">="&K$5,tblAuftraege[Datum Ausgaben],"<"&EDATE(K$5,1),tblAuftraege[Kostenstelle],$A167)) -> 0 | L167: =IF($A167="",0,SUMIFS(tblAuftraege[Ausgaben],tblAuftraege[Datum Ausgaben],">="&L$5,tblAuftraege[Datum Ausgaben],"<"&EDATE(L$5,1),tblAuftraege[Kostenstelle],$A167)) -> 0 | ... V167: =IF($A167="",0,SUMIFS(tblAuftraege[Ausgaben],tblAuftraege[Datum Ausgaben],">="&V$5,tblAuftraege[Datum Ausgaben],"<"&EDATE(V$5,1),tblAuftraege[Kostenstelle],$A167)) -> 0 | W167: =SUM(E167:J167) -> 0 | X167: =SUM(K167:V167) -> 0 | Y167: =SUM(E167:V167) -> 0
E168: =IF($A168="",0,SUMIFS(tblAuftraege[Ausgaben],tblAuftraege[Datum Ausgaben],">="&E$5,tblAuftraege[Datum Ausgaben],"<"&EDATE(E$5,1),tblAuftraege[Kostenstelle],$A168)) -> 0 | F168: =IF($A168="",0,SUMIFS(tblAuftraege[Ausgaben],tblAuftraege[Datum Ausgaben],">="&F$5,tblAuftraege[Datum Ausgaben],"<"&EDATE(F$5,1),tblAuftraege[Kostenstelle],$A168)) -> 0 | G168: =IF($A168="",0,SUMIFS(tblAuftraege[Ausgaben],tblAuftraege[Datum Ausgaben],">="&G$5,tblAuftraege[Datum Ausgaben],"<"&EDATE(G$5,1),tblAuftraege[Kostenstelle],$A168)) -> 0 | H168: =IF($A168="",0,SUMIFS(tblAuftraege[Ausgaben],tblAuftraege[Datum Ausgaben],">="&H$5,tblAuftraege[Datum Ausgaben],"<"&EDATE(H$5,1),tblAuftraege[Kostenstelle],$A168)) -> 0 | I168: =IF($A168="",0,SUMIFS(tblAuftraege[Ausgaben],tblAuftraege[Datum Ausgaben],">="&I$5,tblAuftraege[Datum Ausgaben],"<"&EDATE(I$5,1),tblAuftraege[Kostenstelle],$A168)) -> 0 | J168: =IF($A168="",0,SUMIFS(tblAuftraege[Ausgaben],tblAuftraege[Datum Ausgaben],">="&J$5,tblAuftraege[Datum Ausgaben],"<"&EDATE(J$5,1),tblAuftraege[Kostenstelle],$A168)) -> 0 | K168: =IF($A168="",0,SUMIFS(tblAuftraege[Ausgaben],tblAuftraege[Datum Ausgaben],">="&K$5,tblAuftraege[Datum Ausgaben],"<"&EDATE(K$5,1),tblAuftraege[Kostenstelle],$A168)) -> 0 | L168: =IF($A168="",0,SUMIFS(tblAuftraege[Ausgaben],tblAuftraege[Datum Ausgaben],">="&L$5,tblAuftraege[Datum Ausgaben],"<"&EDATE(L$5,1),tblAuftraege[Kostenstelle],$A168)) -> 0 | ... V168: =IF($A168="",0,SUMIFS(tblAuftraege[Ausgaben],tblAuftraege[Datum Ausgaben],">="&V$5,tblAuftraege[Datum Ausgaben],"<"&EDATE(V$5,1),tblAuftraege[Kostenstelle],$A168)) -> 0 | W168: =SUM(E168:J168) -> 0 | X168: =SUM(K168:V168) -> 0 | Y168: =SUM(E168:V168) -> 0
E169: =IF($A169="",0,SUMIFS(tblAuftraege[Ausgaben],tblAuftraege[Datum Ausgaben],">="&E$5,tblAuftraege[Datum Ausgaben],"<"&EDATE(E$5,1),tblAuftraege[Kostenstelle],$A169)) -> 0 | F169: =IF($A169="",0,SUMIFS(tblAuftraege[Ausgaben],tblAuftraege[Datum Ausgaben],">="&F$5,tblAuftraege[Datum Ausgaben],"<"&EDATE(F$5,1),tblAuftraege[Kostenstelle],$A169)) -> 0 | G169: =IF($A169="",0,SUMIFS(tblAuftraege[Ausgaben],tblAuftraege[Datum Ausgaben],">="&G$5,tblAuftraege[Datum Ausgaben],"<"&EDATE(G$5,1),tblAuftraege[Kostenstelle],$A169)) -> 0 | H169: =IF($A169="",0,SUMIFS(tblAuftraege[Ausgaben],tblAuftraege[Datum Ausgaben],">="&H$5,tblAuftraege[Datum Ausgaben],"<"&EDATE(H$5,1),tblAuftraege[Kostenstelle],$A169)) -> 0 | I169: =IF($A169="",0,SUMIFS(tblAuftraege[Ausgaben],tblAuftraege[Datum Ausgaben],">="&I$5,tblAuftraege[Datum Ausgaben],"<"&EDATE(I$5,1),tblAuftraege[Kostenstelle],$A169)) -> 0 | J169: =IF($A169="",0,SUMIFS(tblAuftraege[Ausgaben],tblAuftraege[Datum Ausgaben],">="&J$5,tblAuftraege[Datum Ausgaben],"<"&EDATE(J$5,1),tblAuftraege[Kostenstelle],$A169)) -> 0 | K169: =IF($A169="",0,SUMIFS(tblAuftraege[Ausgaben],tblAuftraege[Datum Ausgaben],">="&K$5,tblAuftraege[Datum Ausgaben],"<"&EDATE(K$5,1),tblAuftraege[Kostenstelle],$A169)) -> 0 | L169: =IF($A169="",0,SUMIFS(tblAuftraege[Ausgaben],tblAuftraege[Datum Ausgaben],">="&L$5,tblAuftraege[Datum Ausgaben],"<"&EDATE(L$5,1),tblAuftraege[Kostenstelle],$A169)) -> 0 | ... V169: =IF($A169="",0,SUMIFS(tblAuftraege[Ausgaben],tblAuftraege[Datum Ausgaben],">="&V$5,tblAuftraege[Datum Ausgaben],"<"&EDATE(V$5,1),tblAuftraege[Kostenstelle],$A169)) -> 0 | W169: =SUM(E169:J169) -> 0 | X169: =SUM(K169:V169) -> 0 | Y169: =SUM(E169:V169) -> 0
E170: =IF($A170="",0,SUMIFS(tblAuftraege[Ausgaben],tblAuftraege[Datum Ausgaben],">="&E$5,tblAuftraege[Datum Ausgaben],"<"&EDATE(E$5,1),tblAuftraege[Kostenstelle],$A170)) -> 0 | F170: =IF($A170="",0,SUMIFS(tblAuftraege[Ausgaben],tblAuftraege[Datum Ausgaben],">="&F$5,tblAuftraege[Datum Ausgaben],"<"&EDATE(F$5,1),tblAuftraege[Kostenstelle],$A170)) -> 0 | G170: =IF($A170="",0,SUMIFS(tblAuftraege[Ausgaben],tblAuftraege[Datum Ausgaben],">="&G$5,tblAuftraege[Datum Ausgaben],"<"&EDATE(G$5,1),tblAuftraege[Kostenstelle],$A170)) -> 0 | H170: =IF($A170="",0,SUMIFS(tblAuftraege[Ausgaben],tblAuftraege[Datum Ausgaben],">="&H$5,tblAuftraege[Datum Ausgaben],"<"&EDATE(H$5,1),tblAuftraege[Kostenstelle],$A170)) -> 0 | I170: =IF($A170="",0,SUMIFS(tblAuftraege[Ausgaben],tblAuftraege[Datum Ausgaben],">="&I$5,tblAuftraege[Datum Ausgaben],"<"&EDATE(I$5,1),tblAuftraege[Kostenstelle],$A170)) -> 0 | J170: =IF($A170="",0,SUMIFS(tblAuftraege[Ausgaben],tblAuftraege[Datum Ausgaben],">="&J$5,tblAuftraege[Datum Ausgaben],"<"&EDATE(J$5,1),tblAuftraege[Kostenstelle],$A170)) -> 0 | K170: =IF($A170="",0,SUMIFS(tblAuftraege[Ausgaben],tblAuftraege[Datum Ausgaben],">="&K$5,tblAuftraege[Datum Ausgaben],"<"&EDATE(K$5,1),tblAuftraege[Kostenstelle],$A170)) -> 0 | L170: =IF($A170="",0,SUMIFS(tblAuftraege[Ausgaben],tblAuftraege[Datum Ausgaben],">="&L$5,tblAuftraege[Datum Ausgaben],"<"&EDATE(L$5,1),tblAuftraege[Kostenstelle],$A170)) -> 0 | ... V170: =IF($A170="",0,SUMIFS(tblAuftraege[Ausgaben],tblAuftraege[Datum Ausgaben],">="&V$5,tblAuftraege[Datum Ausgaben],"<"&EDATE(V$5,1),tblAuftraege[Kostenstelle],$A170)) -> 0 | W170: =SUM(E170:J170) -> 0 | X170: =SUM(K170:V170) -> 0 | Y170: =SUM(E170:V170) -> 0
E171: =IF($A171="",0,SUMIFS(tblAuftraege[Ausgaben],tblAuftraege[Datum Ausgaben],">="&E$5,tblAuftraege[Datum Ausgaben],"<"&EDATE(E$5,1),tblAuftraege[Kostenstelle],$A171)) -> 0 | F171: =IF($A171="",0,SUMIFS(tblAuftraege[Ausgaben],tblAuftraege[Datum Ausgaben],">="&F$5,tblAuftraege[Datum Ausgaben],"<"&EDATE(F$5,1),tblAuftraege[Kostenstelle],$A171)) -> 0 | G171: =IF($A171="",0,SUMIFS(tblAuftraege[Ausgaben],tblAuftraege[Datum Ausgaben],">="&G$5,tblAuftraege[Datum Ausgaben],"<"&EDATE(G$5,1),tblAuftraege[Kostenstelle],$A171)) -> 0 | H171: =IF($A171="",0,SUMIFS(tblAuftraege[Ausgaben],tblAuftraege[Datum Ausgaben],">="&H$5,tblAuftraege[Datum Ausgaben],"<"&EDATE(H$5,1),tblAuftraege[Kostenstelle],$A171)) -> 0 | I171: =IF($A171="",0,SUMIFS(tblAuftraege[Ausgaben],tblAuftraege[Datum Ausgaben],">="&I$5,tblAuftraege[Datum Ausgaben],"<"&EDATE(I$5,1),tblAuftraege[Kostenstelle],$A171)) -> 0 | J171: =IF($A171="",0,SUMIFS(tblAuftraege[Ausgaben],tblAuftraege[Datum Ausgaben],">="&J$5,tblAuftraege[Datum Ausgaben],"<"&EDATE(J$5,1),tblAuftraege[Kostenstelle],$A171)) -> 0 | K171: =IF($A171="",0,SUMIFS(tblAuftraege[Ausgaben],tblAuftraege[Datum Ausgaben],">="&K$5,tblAuftraege[Datum Ausgaben],"<"&EDATE(K$5,1),tblAuftraege[Kostenstelle],$A171)) -> 0 | L171: =IF($A171="",0,SUMIFS(tblAuftraege[Ausgaben],tblAuftraege[Datum Ausgaben],">="&L$5,tblAuftraege[Datum Ausgaben],"<"&EDATE(L$5,1),tblAuftraege[Kostenstelle],$A171)) -> 0 | ... V171: =IF($A171="",0,SUMIFS(tblAuftraege[Ausgaben],tblAuftraege[Datum Ausgaben],">="&V$5,tblAuftraege[Datum Ausgaben],"<"&EDATE(V$5,1),tblAuftraege[Kostenstelle],$A171)) -> 0 | W171: =SUM(E171:J171) -> 0 | X171: =SUM(K171:V171) -> 0 | Y171: =SUM(E171:V171) -> 0
E172: =IF($A172="",0,SUMIFS(tblAuftraege[Ausgaben],tblAuftraege[Datum Ausgaben],">="&E$5,tblAuftraege[Datum Ausgaben],"<"&EDATE(E$5,1),tblAuftraege[Kostenstelle],$A172)) -> 0 | F172: =IF($A172="",0,SUMIFS(tblAuftraege[Ausgaben],tblAuftraege[Datum Ausgaben],">="&F$5,tblAuftraege[Datum Ausgaben],"<"&EDATE(F$5,1),tblAuftraege[Kostenstelle],$A172)) -> 0 | G172: =IF($A172="",0,SUMIFS(tblAuftraege[Ausgaben],tblAuftraege[Datum Ausgaben],">="&G$5,tblAuftraege[Datum Ausgaben],"<"&EDATE(G$5,1),tblAuftraege[Kostenstelle],$A172)) -> 0 | H172: =IF($A172="",0,SUMIFS(tblAuftraege[Ausgaben],tblAuftraege[Datum Ausgaben],">="&H$5,tblAuftraege[Datum Ausgaben],"<"&EDATE(H$5,1),tblAuftraege[Kostenstelle],$A172)) -> 0 | I172: =IF($A172="",0,SUMIFS(tblAuftraege[Ausgaben],tblAuftraege[Datum Ausgaben],">="&I$5,tblAuftraege[Datum Ausgaben],"<"&EDATE(I$5,1),tblAuftraege[Kostenstelle],$A172)) -> 0 | J172: =IF($A172="",0,SUMIFS(tblAuftraege[Ausgaben],tblAuftraege[Datum Ausgaben],">="&J$5,tblAuftraege[Datum Ausgaben],"<"&EDATE(J$5,1),tblAuftraege[Kostenstelle],$A172)) -> 0 | K172: =IF($A172="",0,SUMIFS(tblAuftraege[Ausgaben],tblAuftraege[Datum Ausgaben],">="&K$5,tblAuftraege[Datum Ausgaben],"<"&EDATE(K$5,1),tblAuftraege[Kostenstelle],$A172)) -> 0 | L172: =IF($A172="",0,SUMIFS(tblAuftraege[Ausgaben],tblAuftraege[Datum Ausgaben],">="&L$5,tblAuftraege[Datum Ausgaben],"<"&EDATE(L$5,1),tblAuftraege[Kostenstelle],$A172)) -> 0 | ... V172: =IF($A172="",0,SUMIFS(tblAuftraege[Ausgaben],tblAuftraege[Datum Ausgaben],">="&V$5,tblAuftraege[Datum Ausgaben],"<"&EDATE(V$5,1),tblAuftraege[Kostenstelle],$A172)) -> 0 | W172: =SUM(E172:J172) -> 0 | X172: =SUM(K172:V172) -> 0 | Y172: =SUM(E172:V172) -> 0
E173: =IF($A173="",0,SUMIFS(tblAuftraege[Ausgaben],tblAuftraege[Datum Ausgaben],">="&E$5,tblAuftraege[Datum Ausgaben],"<"&EDATE(E$5,1),tblAuftraege[Kostenstelle],$A173)) -> 0 | F173: =IF($A173="",0,SUMIFS(tblAuftraege[Ausgaben],tblAuftraege[Datum Ausgaben],">="&F$5,tblAuftraege[Datum Ausgaben],"<"&EDATE(F$5,1),tblAuftraege[Kostenstelle],$A173)) -> 0 | G173: =IF($A173="",0,SUMIFS(tblAuftraege[Ausgaben],tblAuftraege[Datum Ausgaben],">="&G$5,tblAuftraege[Datum Ausgaben],"<"&EDATE(G$5,1),tblAuftraege[Kostenstelle],$A173)) -> 0 | H173: =IF($A173="",0,SUMIFS(tblAuftraege[Ausgaben],tblAuftraege[Datum Ausgaben],">="&H$5,tblAuftraege[Datum Ausgaben],"<"&EDATE(H$5,1),tblAuftraege[Kostenstelle],$A173)) -> 0 | I173: =IF($A173="",0,SUMIFS(tblAuftraege[Ausgaben],tblAuftraege[Datum Ausgaben],">="&I$5,tblAuftraege[Datum Ausgaben],"<"&EDATE(I$5,1),tblAuftraege[Kostenstelle],$A173)) -> 0 | J173: =IF($A173="",0,SUMIFS(tblAuftraege[Ausgaben],tblAuftraege[Datum Ausgaben],">="&J$5,tblAuftraege[Datum Ausgaben],"<"&EDATE(J$5,1),tblAuftraege[Kostenstelle],$A173)) -> 0 | K173: =IF($A173="",0,SUMIFS(tblAuftraege[Ausgaben],tblAuftraege[Datum Ausgaben],">="&K$5,tblAuftraege[Datum Ausgaben],"<"&EDATE(K$5,1),tblAuftraege[Kostenstelle],$A173)) -> 0 | L173: =IF($A173="",0,SUMIFS(tblAuftraege[Ausgaben],tblAuftraege[Datum Ausgaben],">="&L$5,tblAuftraege[Datum Ausgaben],"<"&EDATE(L$5,1),tblAuftraege[Kostenstelle],$A173)) -> 0 | ... V173: =IF($A173="",0,SUMIFS(tblAuftraege[Ausgaben],tblAuftraege[Datum Ausgaben],">="&V$5,tblAuftraege[Datum Ausgaben],"<"&EDATE(V$5,1),tblAuftraege[Kostenstelle],$A173)) -> 0 | W173: =SUM(E173:J173) -> 0 | X173: =SUM(K173:V173) -> 0 | Y173: =SUM(E173:V173) -> 0
A176: Legende
B177: Eingabezelle – hier wird die Auftragsnummer bzw. die Kostenstelle eingetragen
B178: Automatisch aus dem Reiter „Aufträge“ berechnet – nicht überschreiben
B179: Ergebniszeile – automatisch berechnet
A180: Datenfluss: Aufträge → Cashflow → Übersicht. Alle Beträge werden ausschließlich im Reiter „Aufträge“ erfasst.
A181: Spalte A: Auftragsnummer aus dem Reiter „Aufträge“ eintragen – Kostenstelle, Themenfeld und Kategorie werden automatisch daneben ergänzt, die Monatswerte über das jeweilige Datum zugeordnet.
A182: Zeile 58 bzw. 112 zeigt Beträge aus Aufträgen, die oben noch keine eigene Zeile haben. Die Summenzeilen enthalten immer den vollständigen Monatswert, es geht also nie ein Betrag verloren.
...

Sheet Aufträge
A1: Aufträge – zentrale Datenerfassung
A2: SmartInfra / IoT-Büro · DusL Plus Autostrom
A3: Jeder Auftrag bzw. finanzielle Vorgang wird hier einmalig erfasst. Der Reiter „Cashflow“ aggregiert daraus automatisch nach Monat.
A4: Datum Einnahmen und Datum Ausgaben sind unabhängig – ein Auftrag kann z. B. im September Ausgaben und erst im November Einnahmen haben. LLM = Lastmanagement.
A6: Themenfeld | B6: Kategorie | C6: Auftrag | D6: Kostenstelle | E6: Datum Einnahmen | F6: Datum Ausgaben | G6: Einnahmen | H6: Ausgaben | I6: Auftragswahrscheinlichkeit

Sheet Übersicht
A1: Übersicht Cashflow – DusL Plus Autostrom
A2: SmartInfra / IoT-Büro · Juli 2026 – Dezember 2027
A3: Alle Werte werden automatisch aus dem Blatt „Cashflow“ übernommen.
A5: Kennzahl | B5: Betrag
A6: H2 2026 (Jul – Dez 2026)
A7: Einnahmen H2 2026 | B7: =Cashflow!W116 -> 0
A8: Ausgaben H2 2026 | B8: =Cashflow!W117 -> 0
A9: Netto-Cashflow H2 2026 | B9: =Cashflow!W118 -> 0
A10: Geschäftsjahr 2027
A11: Einnahmen 2027 | B11: =Cashflow!X116 -> 0
A12: Ausgaben 2027 | B12: =Cashflow!X117 -> 0
A13: Netto-Cashflow 2027 | B13: =Cashflow!X118 -> 0
A14: Gesamtzeitraum (18 Monate)
A15: Gesamteinnahmen | B15: =Cashflow!Y116 -> 0
A16: Gesamtausgaben | B16: =Cashflow!Y117 -> 0
A17: Gesamt-Netto-Cashflow | B17: =Cashflow!Y118 -> 0
